,pca1,pca2,pca3,pca4,pca5,pca6,pca7,pca8,pca9,pca10,pca11,pca12,pca13,pca14,pca15,pca16,pca17,pca18,pca19,pca20,pca21,pca22,pca23,pca24,pca25,PerformanceRating
0,4.479793574532193,-1.6257996059973474,1.0481524637879984,-0.9356890228558141,0.9173971911208609,1.0277828016346704,0.8315387568467685,1.4712378392212764,0.5151837567101576,-0.4494978061058149,-1.2428653296897954,-0.16977154173892872,0.8593278959332675,0.2631050601728542,-1.3611262092671095,0.6554178052059667,-0.8885248839463693,-0.09972378231787493,0.47060706164598454,-0.01255182337286087,-0.19236575834512415,-0.1990545606595851,0.5028907362905468,0.22833715281573685,0.3527442885183327,3
1,4.35607380067229,-0.06828908459610616,2.0161738789592505,-1.5167825598014266,-0.4188641500881782,-0.5825346369819631,1.714893885369892,-0.026680837075216735,0.9852777261265895,-0.8307246040105282,-1.7235565666115182,1.1714812044903455,-0.26557498836332494,-0.27642533124815905,-0.13361474257891603,0.15766363626193725,-0.505884538189455,0.35913419592113627,-0.4208030464384911,0.9290580163248283,0.495040584080982,-0.3060185486383302,0.8883671294954507,-0.23723598586239603,0.710042470848081,3
2,4.243180593897778,2.5609616211014368,4.363071909949564,0.18253227544734463,1.77387999413235,-0.3628731387992792,0.4315275679412811,-1.3080317997112383,0.44978089644765706,-1.9575299671387945,0.18935495979818995,2.290069103793375,1.1978075888103517,-0.13115984063529518,-0.7868889415959818,1.2679364705251284,0.6246276084927591,-0.5046827453754199,-0.559194937947971,-0.08161800299328326,0.2560915179478361,0.2428722873699228,0.434724440053227,-0.35672382507328537,-0.64699603831956,4
3,-3.0137484824404677,0.7259831169811264,2.326672073071528,-3.2881827864453665,-2.309573602566944,1.9099851671963157,-1.0831191552110742,0.22678647572418287,-0.11298768769646106,0.19113155606158283,-0.13919677632127736,-1.4086158340271837,0.384019900964196,-1.1510026166434137,-0.504961504417673,-1.5581036815899392,0.27350099218641555,-0.8912814596989058,1.5335828820389676,-0.7000661880153829,-0.11340176353334452,0.18643848269772284,0.5660170999849261,-0.06606873024937054,0.5000483553247226,3
4,4.246564872071703,5.966600449714759,-0.24630205734892452,-0.7899785226475742,-2.0967612555031785,-1.712339366587862,-0.7690247723746495,0.5169497160801315,0.7885774242556569,-1.1256382610099942,-1.6424601310550175,0.14282769628751635,0.7278650435412111,0.051626048920685674,1.5095159285817075,-0.6522736700912943,-0.6141788039500085,0.2957928475396021,-0.9704685562329833,1.1799837743718788,-0.7938592310678777,0.1070460674013452,0.21816737377285328,0.4569728980536908,0.14789420816694868,3
5,3.337251008789009,-1.7363754334267996,1.0909281202988181,0.37378950393031873,1.4838690322599828,-0.5640975174225433,1.7118322330669047,-1.1776294475661526,0.2760563117432673,-1.3307524663797912,2.0130721316484186,1.679298416089789,-1.5431334228601736,-0.1069291764675917,-1.1925520596630075,-0.6094781185388356,-0.32291027230971525,0.06024485108494426,0.6781069783718578,-1.150712102733109,-0.3256114683341377,0.25041691295486324,0.3082205314315331,0.41104549075060104,0.09073593361741475,4
6,0.3428011104722035,4.416655794839517,-1.3269348641361813,-1.2799355562059862,0.5828017018310407,-0.08167674561631033,0.8570998142442972,0.5981980664046951,0.9379436495837425,-0.31126629842784165,-1.1253899957987354,1.3321507355826867,0.47906210848456343,0.3893377717565534,1.787372692270972,0.5291513320179511,-0.4890406199325197,0.25843172245374113,-0.8835046382509215,0.7605468075424953,-0.6604433014666292,-0.09113044461021802,0.35461009598464494,0.43125950605954266,0.21099707709517038,3
7,3.284098380596804,3.9887517004497752,0.05900996699947991,0.7409361204629055,1.7106819493696517,-2.741404144933301,-0.5668557439104704,1.4675847954852874,-0.9256534439597646,1.0324167444944439,1.5705815935034622,0.6504429673447785,-0.8048971414545184,0.19115177459432098,-0.4911385663485945,0.10986645700826947,0.9949815396623625,-1.6421098015832514,0.2479516117166689,0.6344971087062978,-0.1382103449320553,-0.2604225946246139,-0.2348608036324349,-1.1087886991645213,-0.3623677570352648,3
8,3.134083109356494,6.285827528876219,0.41512011689115713,0.8524232283818347,0.2054384260834079,-1.3144941459084807,-1.831953859109274,-1.5641070963637795,-1.6649931352492044,-0.5661516853549518,-0.6283400417718947,0.4996170242135993,0.06452968886227617,-0.43537034986827605,-1.1202511536948347,0.8775412595263252,0.21157466017579507,1.4588475048671619,-0.8073654781439148,-1.4731041642085236,-0.6582076331931098,0.7957829621579454,-0.7759621129459402,-0.15199651985024898,0.2428407417931491,3
9,3.297545995820334,1.7473883679807507,-1.438345989376685,1.1794552286466558,-1.1492139808723065,0.044455941669439,2.1195818068936365,0.5466358888723901,0.21021791947605362,1.3555310609990054,1.2763376127971884,-0.036878426882204884,0.0028980602253105836,0.008954432479232555,-0.4662378466376238,0.1115183412656966,1.0419659987512913,0.6721838274577276,0.7561794862356686,0.18942963572978333,-0.26594011206082324,-0.0793955204048084,-0.6698369065117451,-0.42872396806155094,-0.4213016990659897,3
10,3.3969780292799516,-0.5513475546742606,-0.43579087569186903,0.31712039877250353,-0.859675074535917,-0.20599788992168433,-1.2417355645757382,0.749927881241669,0.7803875323180991,-0.05892840167171021,-0.16948978397551295,0.09733872699400714,-1.9204623429732421,0.24371369611448124,-0.4554050798721322,-0.5883680336615229,0.7451523697842704,-1.1093013848603555,-2.1806667644359123,0.12074919829180542,0.07430579245032143,-0.4291942969086765,0.30988116076111855,0.39538803496542696,0.15816926937851197,3
11,4.079364482894809,6.983723658548222,2.574056492990673,-0.104276198615318,0.43158487278306157,0.6237724308648755,1.8259799844615552,1.1456654611596822,-0.3960391548026765,-0.8528941815678459,-0.7900551459610581,0.07829623879351999,0.3187144664204302,-0.7093071418207746,-0.9134938807154642,-0.9900783600754461,-0.6681705183650297,-0.06256969707166693,0.18601762266980204,-1.141557962133923,0.03860997955332701,-2.3821660925437294,0.3502755509255742,-1.24780404763011,0.18470411744065743,3
12,4.299343598327278,4.307220803132791,1.2240667600743496,-0.8851838707160415,1.3249266843120464,0.3571767876423233,-1.9676939454177198,0.585799907690207,3.271415094453837,-1.020668213295631,0.18052637697921914,0.21014849042010342,1.250401025100821,2.2638059843462366,0.8756044938582729,-1.6547002876298373,-0.143964684573074,-0.2221585088637008,1.4968645513320302,-0.27460581789814226,-0.095041671398715,-0.06402167299534545,0.4571380742754015,0.20187700129782282,0.22186102597443,4
13,0.6452672636125243,-1.761299682919495,-2.776861480739231,1.2621031255399342,-0.43431085890692256,-0.41571262527476094,0.9544025073774103,0.13644959965574777,0.10782586449711085,1.1798266203312107,-0.7461287972205188,-0.3700887789635434,0.7862314063784259,1.6880547279789209,-0.24795424637426633,-0.01835163365337822,0.01223896261035673,0.30753919764669035,0.25189551449167524,0.25612097652264976,-0.16899504365890328,0.030533761421952965,0.276064379123341,0.4418132721828091,0.07639601388537351,3
14,3.249634633113759,3.4117578117955496,-1.3769119380415298,-0.06142142334540601,0.7467058047035746,-0.40723501092333114,0.0788690025501606,1.1294687005852442,1.3956698584993,-0.38588084859647304,-1.301877954730722,-0.33496034378732653,-0.70376055437558,-0.08919095126068077,0.1653063005231541,-1.3598255045447598,-0.6181674514454758,1.157030029047311,-0.6526168242921058,0.2552702701452043,-0.24926207377027454,0.0063902821879164295,0.2963005006324539,-0.5686764941652529,-0.7294445819579114,3
15,3.340552405024445,0.46073908460290003,-0.3922177947812362,0.3674368067782421,-0.15583112973591584,-1.356784722391718,0.15510932205417793,1.410595187541929,-0.027618776945115275,0.15100728948151732,-0.5984625659390179,-1.540578987640824,0.6401209000928794,-0.07403160511797036,1.0954551102577623,-0.7781048135168162,0.33124701803179857,0.3210973029771802,0.5672500583830775,0.1575747078594114,0.2719363642174402,-0.6470004592771259,-0.6801254567752254,0.25063273213468296,0.14933431577191122,3
16,-5.088369062944443,5.926220116603478,-0.0042490384119606706,-4.1892302785990045,1.2231490095044035,-0.47580690337776144,-0.8064241019996046,0.51861520900636,-0.2177846882682153,0.45138531888872124,0.7505307734938875,0.1069113662936334,-0.5960419219981525,-1.0988282141356982,0.7807042237644782,0.8817677648066842,-1.7249845192490991,0.23549472626417867,0.6851471516704191,-1.1182261901656143,-0.042793417979909876,-0.6742594012309856,-0.5036851421435583,0.20515102528808937,0.17710038185683083,3
17,3.094373735219653,4.786319269158719,1.4745823728540273,0.4077315622377262,-0.2326999390928849,1.1021841190783959,0.06921361128975034,0.7017034549920185,0.042651380511289805,-0.3310292248091309,-1.8629034306828476,-1.687894578132716,1.0954986495093437,-0.7326436627244653,0.8795030113342178,0.6047479588056706,-0.6025114072560793,-0.13481632741733263,0.00845460841505119,-0.024115139440166633,-0.8149392523814804,1.5470026855510577,-0.44146397283598765,1.09487778829169,-0.3496095004147787,3
18,3.4290713200242156,-2.6477838366082436,-1.0755338639278451,0.41274655091931534,0.9669470778395326,0.724258208099136,1.2834489478177176,0.8994895538565766,0.6431580390071052,-1.252771713105969,1.2032065952245727,-1.3248195279228623,1.5144294170607453,-0.3797247643302719,1.4072607191151119,-0.5398482150317714,-0.6390934936630501,-1.1448262071118545,-0.18946788925765312,0.6405543452364639,-0.00199228040860977,-0.4999044140236357,-0.6502548938084802,-0.38886951359350624,-0.3026851646149026,4
19,3.132900435002165,5.054240442352407,-0.28377063904685906,-0.6342092368028092,2.0482843799905197,-0.2447738937756223,-0.5632527980532949,-2.4678693134436913,-0.834038828946968,-1.4414421122800096,-0.27943346565273464,0.9087035680177413,0.48683249634559944,-0.21300121944743888,-1.057667635771208,0.5123762582137412,-0.8865199425291961,-1.473245496674077,0.9640996518660603,-0.8028329622034744,-0.3991609027621944,-0.13682569024331737,-0.23979374619111354,-0.13270930590292018,0.7031054144908165,3
20,0.5851258374330701,-1.7862389861735928,-1.7080607557995613,-1.10874509683974,0.4459018743386258,-0.884798579883175,1.2721886890975318,0.5574877124876436,0.7339518114576582,-0.4639002017635823,-1.053293894065303,0.26970559036746655,1.1007662638903328,1.1525501914602287,0.7287873489944025,-1.3958465959113384,-0.17413105143067353,0.30596984601113153,0.40020014176548857,0.47755736371261226,-0.1605706741620312,-0.054294103229311164,0.31730011175591505,0.37562101762624034,0.25351011386872946,3
21,3.2833364118877615,0.013998133411668778,0.29828953999686636,1.3290116393519908,-0.6916562423014703,0.9115169903083129,2.2421608490693012,0.4613457564809895,1.5882468976182658,1.4013336160907648,1.717846785705893,-0.6941821493601843,-0.10061632170756507,0.07255342949283072,1.0444869341946634,-0.46869860115690676,-0.23656609585718136,0.11314799277979004,-0.1879032009138486,0.6690077262044782,0.7475668485032472,-0.3656990316973865,0.7311605792342362,0.021164003362567296,0.45726519853360337,3
22,-1.6395659948979855,-0.34316229161835654,-1.3954137151952175,0.6530081201742681,-0.858616937953886,0.1288777743650975,1.5996664933962021,-2.301222385478256,-0.9678337819851137,0.33115980051824967,-1.8659577015039146,1.1603738751685855,0.5205458691300993,-0.5548650743715673,-0.856069621219371,-1.4833411660894507,0.8875352989453553,1.0639351829086303,-1.0462749518405186,-0.4046103220145149,1.251783049281706,-0.23568299541327942,-0.3744994607564586,-0.3151340194490434,0.5430670070613133,3
23,3.4092700953163106,-1.639762787535894,1.8141001184233205,1.3735730252248506,-0.056230333770825425,-0.6051681781951439,-2.1052857140183066,1.4961486780285664,1.9731729419093922,-0.13938057714730145,-0.8756264990672884,-0.28746900128736197,0.09816017796963883,0.6389334088021814,0.4095499838203863,0.20376601455282328,0.8020336624062137,0.4298854288250631,-0.06741451700219425,-0.41890424913420476,0.04588354106633452,0.2675597825432359,0.2933297730206415,0.08422789546682374,0.12313724589901962,3
24,3.336843446778909,0.6992011003078451,-1.9395270419039183,0.6598707855095145,-1.5347566504489363,-0.6005822374106695,0.5396931424346136,-0.6344553004515556,0.5109885966820062,0.4329835636900661,-0.788837001289797,2.7286213204378584,-1.069651117472464,-0.9074115798415252,-0.9413021862481465,-0.6468731476817428,-0.0008243916676315965,0.40963275382098274,0.7458461177121687,0.28440706681809025,-0.11760954444827088,-0.07191964812468488,-0.4902830518843675,0.009533625283609681,0.5001366959927382,3
25,-2.5225582390478873,-1.2711338867161963,1.414514712071272,-1.1850445568635979,-1.662553326160208,0.8792285393339019,1.5793056669060528,-1.5233620778536583,-1.8676501260038139,0.7045964328305389,-1.096704781918387,2.134451808500341,-0.9651564137467584,0.06866632635125103,0.7941949609077962,0.45183061308362715,0.9163514364796095,0.17149548661499203,-0.7187929664706354,0.7585676567098119,-1.0264699187647301,0.6375032949528691,0.1963891614188848,0.47455050173360125,0.010867448705008914,4
26,3.365030835617537,-1.7957387325139198,1.719400677910962,-3.076170878054721,1.944628812940164,0.7217264629654028,-0.4596321501552283,1.0772838285852662,0.7073709187761454,1.0603219306357836,-0.9000544598295088,0.14365511782912033,1.3031627370550698,-0.47289127711105317,1.1014500530730382,-0.6971139122290295,-0.8455192754340173,-0.4080164126220631,0.3835043363925634,0.1492582230889522,0.2725274906610073,-0.027403756249750832,0.535252180011577,-0.7583997853541478,-0.6042748464978555,3
27,4.53759637395571,-1.9801732593781751,-0.3748361172171383,0.30374495744351604,1.4496577809185542,1.8189961323263648,-0.731221104548911,-0.16173951726635116,0.01591288783506961,-2.257029921378985,1.3512694549704336,-0.13210520644993573,-1.9895203847935612,1.255941119680859,-0.020822525350051913,-0.07143157259282207,-0.6133242913126462,0.17185079582407692,0.8948552342629377,-0.11902772336864575,-0.19880690127874623,-0.07761893508820367,-0.4648779581850086,0.009118086915339663,0.5686966972427195,4
28,0.575477391318282,-2.660843893044749,0.7303335898876699,-1.5818005640388422,-0.33294268780835035,0.9558107079581841,-0.1728609830167951,0.0825674279434998,-2.4123102867282933,0.7713543683177703,0.14400216889474204,0.2673512434227865,-0.8536622646745683,0.2534779979166786,0.9783750819092937,-0.7144200763275363,0.09554887932768952,-1.234793504306941,-0.92120149433666,1.3697310346567462,0.06987165249648564,1.0016372312949782,0.037513351722406274,0.7084252005818724,0.06340169979626942,3
29,3.5232708979706775,-1.9640832060130733,-2.475651699399636,0.5530168123620247,-0.31148599113011155,-1.1846108219168123,-0.6294811340416739,1.385535297678719,-0.2077249250622457,-0.7168884241562308,1.6146163181099786,-0.8434049398831877,0.07992828322735002,0.36365059262344634,-0.575472242514207,0.22219822488549812,-0.3270505856878867,1.2537997980067912,0.690122324222413,0.1370848397312634,-0.4126580295151442,0.16332860645555608,0.3280577214728783,0.14013553221968922,0.2536904482988708,3
30,4.423738784033565,1.6041666120318636,-0.049177474648288255,1.3417085055364883,-0.41174693374741045,-0.7587522988421909,7.935351958643366e-06,1.1171846830325984,0.9400869977015405,-1.0491239716590872,-1.1794773233210194,-1.3368448745417851,-0.8103631524584641,1.095122677027117,0.13849706953847696,-0.3198967012445977,-0.6227167015274373,1.1945336859999562,-0.9310643023005487,0.24469900737688,-0.5593445854560716,0.17152816377398533,-0.7531864605347707,-0.7028517793941941,-0.6043228831472081,3
31,4.503239725918613,-1.6560099274271762,-0.08088895710232924,-2.7087449188852957,0.5549097064965693,2.107151037570937,0.4949732733335499,0.46143321727458253,0.36373460697392,-0.30626632326959147,1.7134375452621335,0.5889958627160392,1.0691386007552932,0.5282935109725193,0.5648133897967244,-0.2876630223783656,-0.13459714044869475,0.34486769815365736,0.44132245396273007,0.26079634066107593,-0.337642038792202,0.09414819135377536,0.2804312243214259,0.4162279806926844,0.16090338773705617,4
32,4.480731986321606,-1.366637885578196,1.816510332739232,1.0419937246301774,-1.3910604402836035,-1.2242130454216478,-1.213900256983673,-1.0456462946908358,-0.7389765939589381,-1.377088316786619,-1.6307614953905432,1.1749515092311125,1.6728546459763427,-0.17695342615035292,-1.3552285390649133,-0.2782781797113736,0.7156507910897019,-0.2893711296449979,-1.1634090473230012,-0.826158179463337,-0.6070183469424452,0.12170179257221542,0.22062537204625937,0.2766800439566749,0.04617004554537782,3
33,3.3957756226319464,-2.4446560088387574,-0.4535690370489972,0.16739609212943085,0.10470949741034885,2.6327606257105933,-0.23853199013508064,-1.4337258222565283,1.4634795009221424,0.6490883780888251,-0.22800796545229818,0.5098932265122014,-1.1932870827393551,-0.030725764352729668,0.9004484659377089,0.02092301289707943,-0.2864831272520887,0.48260111680451256,-2.383471154416648,-0.22237858049113096,-0.19104747461163119,0.14774177426487467,0.22629240187027638,0.372634320641115,0.18663082773173126,3
34,3.4264550416281505,0.06855588525286072,-2.042405577783782,1.5402564788807136,0.6316452146241316,0.3014859870805142,-1.8297805892223526,0.18564099288546032,-1.9109178230679644,0.45687613552811557,-0.2229997691608394,-0.44187668199472974,0.29144693411170763,-0.522307540597869,0.2118008390468923,-1.9804409950588857,1.045517177429125,-1.2087285872079256,-0.3145542628111089,0.257550830581462,0.3785782711968871,0.18626094934495835,-0.6847683914485967,-0.010896668934041731,0.4452672717960767,3
35,3.3180058652705195,1.204612765702855,0.1054571472371022,0.10898682015840411,0.392395988309441,0.12994011558297203,-1.6788872106765964,-1.0813191532814608,-0.07376350521879793,0.5818273606902779,-0.9283867011103695,-0.9087116703427222,-1.8024324700383472,1.0977545041758772,-0.18636909919226607,0.7927613602254584,-0.22100084941218112,0.030270948981245382,0.7565144969351882,-0.2675333971141365,0.5487745854138091,0.9609081563625866,-0.6362241274757581,-0.020434260935825455,0.4402132721778832,3
36,4.353258306490092,3.213086573652139,-1.3142965825747155,-2.552597528166542,1.1174384209475299,-0.3193381916096034,0.5201734270557412,-0.33097048693236897,-0.4789443135215534,-1.6547578898447188,-0.7298894418196014,1.4358993983643673,-0.23094090411531654,0.08035777199615213,0.3707813590953247,-0.16606260858049904,-0.08591500464190682,-0.9306490045300775,0.8788868851295244,-0.4186638911051817,-0.10217029802801281,0.25344447388531255,0.32918590546191157,0.39166524571523686,-0.05279209016465644,3
37,3.3884929962065424,-0.5122896268576715,-0.8422150025100048,1.3748608439673906,-0.12073525716478839,0.4487419852829735,-0.8359294690533035,0.6818373511776152,0.5608960290006553,0.7038862432428302,-0.3064459795600427,0.5243889930156311,1.371498757376178,-0.7468950732892675,0.4461289285375817,-0.352066553303501,-0.4223329979128012,1.1058351197533218,0.4740269573559557,0.41443133612265126,0.5462136907431119,-0.523565285932504,-0.35774770845175163,-0.25571087379575186,0.47255629268423494,3
38,3.0699302344705064,6.670533224739186,-0.08793294416093822,-0.5034879387476052,0.2646840357361717,-1.2329615898139619,1.1704047840389826,-2.170440713357724,1.1635632542735603,1.8574396486177807,-0.1599630630568789,-0.3736134975188121,-0.9325295031793176,1.2632144476507419,-0.3966904248988014,-0.7910985187027014,-0.5527938840112276,0.024431770741760506,-0.3465459953854555,0.7359853920382706,-0.9656385878921537,-0.2974215540762293,-0.6352904085358905,-0.23370997221428302,-0.4566749487811882,3
39,4.603973102691354,-2.8109706827379917,-1.2666956595056882,-0.3486944929622666,0.246431492849708,1.117581138159648,0.03266324427311451,0.09328152330139639,-0.9728378031009886,-0.33000912680398237,1.4096887672027152,-1.3646539926201766,0.27838796880957783,1.1025728948019036,1.0011107751724402,0.007170662024627683,0.44008572184674843,0.5312813232605409,-0.09923648992613021,-0.8101930937604402,0.14284902819912781,0.2400351898155484,0.11948117192200097,0.5239942865377188,0.007949673036946853,3
40,3.4122911446063693,-2.6736746485839014,-0.5799410548184338,0.7024128807715289,1.1876714810456648,-1.7367061352437179,1.7171927779672238,-1.576911905357393,-0.3607622095289682,0.03347816324972963,0.04640288402082482,-0.9576612082294386,-0.6924103344569412,0.12963548486974275,0.8780204785489235,-1.407946606070744,-1.2292001338925675,-0.2650396841815086,-0.00040757340174701895,0.4660748139502502,0.11753278570995795,-0.24284779376709442,-0.6174149494904311,-0.35929894275778734,-0.3328433233273521,3
41,3.1857635155055224,3.480694818021603,2.949677254948589,0.6452673705654388,0.6604876422823276,-3.1311154600357973,-1.0433458127181066,0.7084561459513785,0.19093038151913122,0.1913999832208647,-0.6560771889348427,1.1526122641588685,1.1174299261636498,-0.771838565204799,-0.443586289729926,-0.07460354544592995,-0.2627923074583398,1.1007440861048776,-0.2548176194127507,-0.30048176740189564,0.2600629860205594,-1.0264872800513858,-0.5143059526354938,-0.5760253367103698,-0.7218576168063007,3
42,3.40769584755955,-1.5482215763521467,-0.4503548613780898,-0.3897605956119845,-0.08191479074911912,-1.8594188637881095,0.8929080303307639,-0.7668385114080213,0.34697485763889,1.48497050930035,-0.5996233499771444,0.8239021125303023,0.7932898882316901,-0.045283715805558344,-0.03770014706309921,-0.052096616114050365,0.34916358484407883,-0.7225641861371033,-0.013174961177332634,0.6523953723363551,0.14851950799998437,0.17466852550855938,-0.582571425370556,0.04022424162993854,0.42316195612064567,3
43,0.6284183453744827,-1.7049423696195205,-1.6648910919075472,1.7295744663570658,-1.1096438098282684,0.9908133958133534,-2.064865854953968,0.3861473005008049,-0.3331864458606124,-0.3713111109918618,-1.6614062242613163,0.6427715941365357,1.662479477437114,0.3412264881111826,0.4727193131658073,0.6487957410082723,-0.9128482913775546,-0.06677941741708482,-0.08342853452168075,0.2619412049515516,-0.1531823053015836,-0.07117393399413191,-0.5070474406768093,-0.092092962696953,0.4781079086306942,3
44,3.345461925035421,-1.632520258985907,1.1689999158683946,-0.11228585955297854,1.0193137545377484,-0.2076770472214977,0.32735369929604996,0.37992820356444934,0.5146161346296796,-2.364863836866663,1.544041116621317,1.334189506751784,0.541022436449289,-1.2598734171119337,1.2696774840003018,0.4738980151189929,-0.35997435818497925,1.2866155006698197,-0.6141021750755429,-0.23910557004392574,-0.38719276614297826,-0.08504906536366375,-0.5715700788883337,-0.17832377772762054,0.42746779263960644,4
45,4.3853754215083836,2.401588051519158,-1.1989961514016638,0.9269930303924343,0.2736429582636588,-1.2509896571081893,0.016777615080004082,-1.5321447690873928,-0.936609476888596,-1.8110325501205344,-1.0428631825716599,-0.4686178521239419,1.439584214740425,0.31200088662366343,1.446707791879971,0.25081186977618186,0.21064676380281488,0.3562134921488438,0.22150893028366436,0.05035216006619414,-0.29167801395377535,-0.056361125119205435,-0.6158562413566596,0.11999794598030622,0.3547109672409223,3
46,-1.4585352896543178,-1.9619917309246713,-3.0361151595261937,0.8146131049824636,0.09488120942023848,-0.825615212636619,1.3032256344040363,0.014033957030226585,-0.0522134725406973,1.2341802462530236,-0.011027930155740773,1.0626621439396562,-1.0205179085538534,0.8460642245057226,-1.5446438207876498,-0.9732453506420279,0.7693429276551953,-0.2933930032925729,-0.8265921072566718,-0.8940658043361497,0.11782387680655393,0.1987048734645782,0.17155129243348216,0.4284488489330148,0.07104097648493587,3
47,-1.8384110413060597,5.431489939728603,-0.3643439774276046,0.9572270244301531,0.664410006199381,1.0611659866794354,0.175976667520779,-1.5478407201361994,1.0942125415627375,0.3526290093983059,0.7521483036774383,0.4482071887523702,0.5816785221757717,0.9489966293704848,1.0694128981116324,0.6616115867516923,-0.118652998971575,0.17449466786099022,-0.3992378813422177,0.4152534590136463,-0.6012409642675408,-0.6319190352965229,-0.5104805919631209,0.25469541898752557,0.14277477818027898,4
48,3.1910219791339554,2.851294351848402,0.24627878725045016,0.24768170605468054,-1.2600554812518565,0.734652824883181,1.5506859858043383,0.6938580892157247,0.14294054912740783,0.0320636117813764,0.7930922050994508,0.008108563660077284,0.26627416896947853,-0.7103965376209995,0.04826371655729411,1.0688656302212718,0.18968143981591146,0.29401965186338996,0.27983331152152635,-0.23442172276398338,-1.1820307547644457,0.3304522616842456,0.13078375592065933,0.6129173311792228,0.005758362750963142,3
49,3.4711811334120686,-1.6994169637271483,-2.8746959720160756,0.7730505158430909,-0.4005301519487062,-1.5732437889619961,0.7462462007616675,0.8720545023061663,-1.0863727578965168,-1.6779793694301448,-1.9863382140842225,0.9655745267058964,0.1381426017039773,-1.8400574318406133,0.1946192390387198,0.9615396790996451,0.42560801952518457,-0.483674095328968,-0.1579864602586194,0.6241768638038434,-0.23123772651789065,-0.060074896509302034,-0.7006738126826431,-0.6316651149333088,-0.5765116848621478,3
50,3.363793458199689,-2.522929134467389,2.7236351394790805,-0.16857577774688748,0.6343854175440287,-0.3546945410687594,0.9274513472689705,1.2698374937173726,0.20480679883609154,0.6263600231350476,-0.33512419837410734,0.31873975768276974,-0.48722782669253073,-0.47572882216961165,-0.042183421260246434,0.8524419868052235,1.200226572525386,0.8548368425263932,0.5215625850482706,0.34263126422942625,0.13446017091270146,0.2749915630951275,0.22421519305000376,0.41123090269394524,-0.052484843796921976,3
51,4.448080102419075,2.4262954890675914,-1.5087536630572136,-0.9210338546818724,-1.3984729324238852,-1.573158078816372,-0.6744227194512611,-0.13795160654550798,-0.46644822161353927,-0.4252537105972219,0.11439750027479301,0.6155355131163067,-0.7154372338921684,1.0587151791844014,-0.6777054467016236,0.21324157549411638,-0.04283606299701548,0.3319210622043869,0.3980917823560528,0.22476118915250565,-0.5740518921444216,0.005769202938132878,-0.575856838806353,-0.037015162283604464,0.10539811463014656,3
52,3.2636713888167126,-1.0908685304984314,3.011088083348981,-2.5725041817164636,-0.7884340449849082,1.904641275428013,1.3520336874932841,1.5477190572739068,-1.2822589684686903,0.5675978693239753,0.23156931841039496,-0.9131008982214901,-1.331291097344924,-1.2631974712271377,0.986506437654792,0.4173182264609874,-0.609044389317072,-0.013044740455095294,0.46786701214404847,0.06043190289338707,1.0759004953601246,2.3775140345272647,-0.2844113138240246,-1.6872551026651061,0.7133401537758713,3
53,3.3845429461806713,-2.633710080723848,0.693127286236223,-3.0267155774074115,-0.21924750207618704,1.040186161320105,-0.38870088327533736,-1.1471208608472192,-1.5520141695319722,-0.3289302735984024,-0.5674956979987393,0.6951327045850841,0.33695153522654886,-1.1876255220342575,-0.4021742834840516,1.0953620820819108,-0.3907564394543088,0.4425989029887045,-0.18719620658631375,0.48418419433758997,-0.08795137585774748,0.2023696988287139,-0.5363661198198653,-0.04462186208109842,0.5260870771776244,3
54,-1.5275507306054639,-2.053989797962612,0.17478871297753407,1.1346655992306487,1.013151764519521,0.017803773424241776,-0.7113038746114322,-0.726978299144799,1.3638050922965546,-1.679150596851541,1.7976251665121117,-0.3173092301322129,0.33378278194835653,1.7878335288475964,-0.7614926196114282,1.5070628303666496,-0.39648832832885295,1.2097748489194942,0.22353780950939628,0.4439299118094835,0.1673466263815684,-0.10241237713759804,0.6081026833338206,0.01130444473225456,0.22319952336714546,4
55,-1.6194495398971878,0.24944507370649704,-1.3584790622458718,0.7224183149376828,1.1573081505612206,0.46910236088192736,1.138519221082765,0.27723600246464253,0.3883121868235211,1.2773814338270992,-0.6291361923105698,1.7333531737394114,-0.23064299485451678,-0.35452870205284337,0.7221509640777904,-0.22056790342575283,-0.5233508504862778,1.1471849165088779,0.32233659966898065,0.26117120186980547,0.25195669515087493,-0.38656133457010955,-0.29680034064267624,-0.24918052948983682,0.5607793702252519,3
56,3.1430660645158337,6.2922188742066805,-1.366326261894189,0.8623504121065841,1.7509826541148417,0.9289378011094955,1.7700565196673512,1.3764333086750788,-0.28291911273575554,0.948353616868595,1.1457324439190986,0.011401680660784397,-1.0068762838880638,-0.3245526268180403,-0.6349063799247847,1.5778680507995335,0.4026814626428097,-0.636271582450394,-0.07353347962349677,0.3380207928100123,-0.5961307488861726,0.011884073996086986,-0.5784130365578706,-0.43852077846883997,-0.26186572649188605,3
57,3.2901158229336875,3.197438926178025,-2.0117104071636343,-0.23070237533142102,1.2354860107199064,-0.1092338002924067,-0.08512091206937411,1.0962996047485984,0.8783885391508326,0.5121689348998394,0.37037530791411577,1.676643675031042,-0.10358222803929906,-0.4647658875627947,0.6102540768235466,-0.207715167310637,-0.3769915117414151,-0.27171808354205673,0.9803395255211567,-0.3772524994555096,0.16072885969661843,0.16723895240596853,0.4396309759758867,0.09699446151988123,-0.03990907254858653,3
58,-4.8808675871932685,0.9131568370499492,-1.5131502152092917,-4.107446388560484,0.04637098278598517,0.3731693266400913,-1.0121351720569591,-0.37465233350783067,-0.2806301346597748,-0.3666341100468032,-0.9689514767782803,-0.2193604157680078,-0.6020889235283102,-1.0913739247243643,-0.4347520456945886,1.1353662271245577,-0.23064924211718663,0.47703015332133347,-0.37037430666851145,0.4705859604225586,-0.22036701545735815,-0.4592368611155777,0.4476966220162755,0.2746854881050814,0.19979784758709565,3
59,3.2730298461911875,3.6236065949503606,-1.7940808727980475,0.2979372359091994,-1.664381006849929,0.008545470794160348,-0.6289812395072687,1.316762096105034,0.8217147665170632,0.20694104458182094,-0.13242630580335057,0.7148306076353208,-1.142466303113078,-0.10988819496287294,-0.8367181224010303,-0.042459179508501865,0.7010380816257493,-0.32482819439490296,-0.46853260311211153,-0.09982734027208529,0.0002833674338286185,0.10458684153779074,0.2821582544854537,0.35700265632010686,0.1765364752038148,3
60,3.29310654699597,2.388767016596721,-2.204995248104503,0.31317125985230954,0.019924585016202978,2.2907394391833606,0.06758254967955812,-0.6128090168299768,-0.12728426317511055,0.10412972855312363,2.7967748581997554,0.9165309171127687,-0.4005234113058107,-0.006698203486057208,-0.25486625841126886,0.001862031334863845,-0.0125183609284083,-0.9676942515486506,1.089980509150287,-0.3426110886759224,0.564744671838707,-0.2882370655546145,-0.27084169370266,-0.7656477184801956,-0.08262921216839185,4
61,3.4546378167006484,-1.386324224053992,-2.349405634024638,1.4439689333594683,-1.4405159453222964,-0.6156764615610992,0.8720125509114154,0.7528128406766692,0.645534904953355,1.0972430195413523,0.49637811190114056,-0.24869311799405436,1.0211311264763205,-0.13875751180231943,0.07507144935727861,0.012887107105684414,-0.0059905291746080724,-0.7442175390240857,-0.5730822775207565,1.0068019991234471,-0.6108008804602648,-0.06902111584823878,-0.7822093441683333,0.3288720615578501,0.30567243120272836,3
62,3.3610362711773565,-1.4995393672512964,2.2347814216699273,1.006079925690924,-0.027048914856302564,-2.3212034310920298,-0.39060359217456586,0.2188973627771209,2.131241055967312,0.22827360804394514,-0.4149800844667344,-1.0818379121657673,-0.9289542359406471,1.298608129241872,1.2341613002326648,0.33669818537023577,-0.4008818467730597,-0.2545621395240434,0.09731557764491194,-0.06824615383112598,-0.41408733117562113,0.02546090054114175,0.4502058532081768,0.17153374846803449,0.21288904725733956,3
63,3.3577720569470433,-0.3593583768537658,-0.25320251772704094,0.9585676562294831,-1.273159383270606,-1.494099161369594,-0.08868662767588997,-0.1497717069160116,-0.16023835722513846,-0.44727350794231835,0.13607372537902607,1.2467862805232857,-1.5691278197042369,-0.6521638114439839,-0.538973484175405,-1.167563581132368,-0.3153187566536866,-0.7793054046504513,-0.352151132453115,-0.18530720662014477,0.5130083449688727,0.30223950034173575,0.3693573673550094,0.28438492202473975,0.25191703741421456,3
64,4.436238447299887,-1.462362644181313,2.6355564972629484,-0.7161475706958726,0.5699539613938343,1.9803491810809377,-0.6352584045858323,-0.49849364315599753,-0.5426236478619506,0.5050374401915612,0.4818367627480543,0.4164749424123708,-1.0151411200524716,0.37583914595295886,1.9568741253915136,-0.19061291868764618,0.4549355755113442,0.7205110010092275,-0.4184779318925491,0.7896750654761848,-1.0377216677244063,-0.13082657037547957,-0.5750772982838772,-0.023007119614450344,0.06183648429407046,3
65,4.360177508868519,1.5258900484436504,1.4734010720542352,0.29594467336668995,1.5004574567485844,0.9093918176993094,0.6936013750902248,1.4575727114778685,-1.0017658601096375,-0.09203661875336039,1.0853274081793278,-0.23565940466437763,-1.1757758629261725,-0.4889944632622978,1.8065881928609149,-0.6085499734229236,-1.5474971619729307,-0.21708236167324557,-0.7316048285137728,0.8637109649815611,-0.054534143149557734,0.5978158403373215,0.15448896696536746,0.5203295465208241,-0.23515385019154905,3
66,3.1526516745427404,3.9584333478248075,0.3188317166518366,1.2471130609121777,-2.009674814458129,-0.9784646279542248,0.47540540864653646,-1.4058274673372295,0.07054444212328548,-1.7707893688622525,2.2206665995866306,-0.6716801138329782,-0.35751786042795586,0.30882761499816835,1.227714466292913,0.3072053679033597,0.6510141843311139,0.4019830915725633,0.902301292443727,-0.3839965309069616,0.7804990994135992,0.26095816624541607,0.32511569096915854,0.545843059006183,-0.0323560540953399,3
67,3.37948076372904,-1.9314817737734304,0.9928674219146003,-1.7093802507886462,1.0460194894928547,1.5178941172552824,0.07854937706381726,0.5766369887453244,-1.7400122233158384,-0.605367039802826,1.1301798704121528,-0.7449590044913514,-0.43177517698442647,-0.2711857176585215,-1.9478635263127249,-0.4637555707049348,0.23415933479958184,-0.41529908659486114,0.7684712054623692,0.2943926922165513,-0.9607005353997827,0.15805037021156065,0.35471274741016373,-0.3286394805358518,-0.3451648107290042,3
68,3.2628382930179516,0.500719679938399,1.2673211345414528,-2.8071862105242547,-0.239600028667451,1.4214941853756442,-0.31119665891920834,-0.6217369993760731,-0.2649379079449563,-0.4661628271771058,1.6945255400796548,0.13967941496906922,0.21852692147073438,-0.025089379832992975,-0.07334148534233309,-0.31555632973861436,0.8918375509285443,0.9168605450980687,0.6333147653098337,0.41200911254062933,0.145679413258319,-0.39671227908865336,0.48669901008238486,0.2450870237089443,0.10827513893457522,4
69,4.515879102727078,-1.6869090881373856,1.2083017177238753,-0.9205883448681611,0.2628837900730616,-0.320106460855206,-1.755277518195054,-1.3560635344496352,-0.7018534196004866,0.09096017322684713,0.05439088203732456,1.1676551645827944,1.3722601246364285,0.41619754336138803,2.1922734478522456,-0.38868400518066304,0.3471528281636038,0.26372549986660365,0.725684097028719,-0.09371565203178278,0.17389095890830852,0.20771895580099023,-0.5832101508327117,-0.6647760666313713,-0.3645871592462612,3
70,3.435565050958937,-1.9953519266966586,0.21823184311939525,0.04834631270009471,1.57055575346553,-0.1873895389596658,-0.9755925233772018,-1.0772283293478897,-1.151161895825601,0.1380716252764279,-0.4438504591812802,-1.0340591756745214,1.1675505043628909,0.18275132564186558,0.01076377152697916,0.332572594786825,0.6975375475063159,-0.6355078291747898,-0.5979169433344798,-0.19645882098464718,0.13801938110444245,-0.19551386589734493,-0.35838071753846645,-1.1562059665515063,-0.3849814209541285,3
71,3.4712690219411417,-1.828318964718097,-3.0084732464785575,0.08555027205592003,0.7443052575791849,1.2671611217046732,1.1021555280836104,0.7514539930478801,0.1994528929267867,1.1419221764297047,-0.6953782724733497,0.1818866581011771,-0.09504560265781414,-0.46194618538163035,-0.2809833382288538,0.5890582356528089,-0.09503745670353436,0.09365281786999224,-0.8251006000628012,-1.7974551424007816,0.05220475269868474,0.1917399767214849,0.2273020540408252,0.22061105530321112,0.22009394860006684,3
72,-2.530278048199822,-0.42583239655537364,3.1752034497411774,-0.4314839226638578,-1.6437685924165386,0.19807457017414443,-1.5223501879041652,0.9189143331003353,0.4903640756432739,-0.5404202582331213,-1.4200510513936997,0.1352380082339386,-0.6745339425666714,1.6083821997647338,1.0084200303155573,0.5369224628460314,-0.8241508750992181,0.05694170200421533,0.061909390708720036,0.15602363973132172,-0.005581970178815343,0.6638482423531578,-1.766294894906861,1.9007818657686002,-1.0352369827592292,3
73,3.0780085845470726,6.484983582556829,-0.57604747425643,-0.43856122103596906,1.3798333955308506,-0.5966220530708073,1.2154811503318301,0.653318769774291,0.2909642684007858,-0.37284830605929253,-1.0736495865324371,0.36055623679891946,-0.002375922852167367,-1.0174793059842813,0.6270377329253637,-0.05768063884454411,-0.7761834700062169,-0.15706868488151393,0.19861998819756188,-0.06209179446735724,-0.20451631862560815,-0.17390131783643975,0.2632712690895655,0.6347945900603001,0.013830749663896774,3
74,3.3076248586513106,3.9724891302718452,-2.4407633740331063,-0.04792669645645997,0.6470593877195687,-2.5531522124736385,-0.5185755377619095,0.36959540799587076,-1.8757731259113688,-0.28401701857358874,0.7923337714407473,-0.1620837591430615,-0.40421691890258016,-0.3199092480141822,-0.9578023490204739,0.596293224714409,-1.1443911431189604,0.8308405692802632,0.6347792425073178,-0.23178807089841075,0.02182226498303208,0.612813044846195,0.2771239100509802,0.2597621205278208,0.12150890135319606,3
75,-1.5318938341286206,-1.9227168771044327,-0.9734483016680406,-0.2608123149233217,0.4549519646235338,-1.9863148831088213,1.1970745766646456,0.4390889550173851,0.3165046815774213,-1.1762560877756107,-0.7108177524095214,-0.6081018822718758,-2.3282015686335207,1.0987301477550337,-0.1763198409219054,0.2901749972733483,-0.6466428036297902,-0.8556151716113667,-0.3108258596043618,0.7474310128483399,0.2183521461614243,0.5277929389299337,-0.672640916491904,0.21363549766871737,0.5331263443033358,3
76,4.456059742651329,-1.6755948714755382,4.250079251555108,1.1878221133932887,1.93381943946096,-0.3398186068170532,-0.8482218196803957,2.2624400047929374,-0.6333757025620876,-1.2530651589195716,-0.8728124256414551,-0.11759924307031366,1.5154709234568684,-0.7376186832087465,0.2364783850876334,0.9381109725114287,-0.8752023857837288,-0.15172376477400906,0.05056383047258617,0.5194571635039578,0.6240828427967469,0.4877226129483183,0.42990032064213984,-0.5665595156900429,-0.4652116316614251,3
77,4.322523240139825,4.683479997235365,-0.10354264513749278,-0.1302653752780114,-1.5391897976293278,0.6724673023008072,-0.37432298344748416,1.8865658648372228,-0.5673224691367773,-0.3761490088657142,1.6842596171275925,-0.85192926897904,0.2599640119555551,0.5610467317135761,0.07753341778595702,1.0071830587263064,0.038154085545612615,-0.5933630514804116,-0.5010163530120133,0.608303460173083,-1.1379768214679338,-0.3668374015080843,-0.73782067349654,-0.18316571182321206,-0.47243188091290333,3
78,4.313692168880374,1.9789161638262218,0.44053060273086864,-1.2075053884793818,-1.16998602633835,-0.321658769942589,2.1963856381467046,-0.8847029882334541,-0.28620386979096635,-0.807749272662841,-1.2109730842343474,-0.2189368277908843,0.5407032473988433,0.06376232998323283,-0.763167525060656,-0.716848786709548,-0.43508615340909906,0.34528047636152603,0.1738625056161669,0.6683179808557045,0.3343106034455936,0.3957789067770034,0.3650624126188224,-0.26940879123234296,-0.3845557089927589,3
79,3.282464025218305,2.281114877546215,-0.7279608543402135,0.16291534948133357,0.7255562198297774,-0.6811642239951792,0.3730607740691596,0.25402768391125696,-0.21707754101639143,0.7772632757294101,0.1449475890339631,-1.440426214064127,0.20217610996492308,0.42461482003429785,0.430465546072491,0.7966841128292543,-0.7011802480143541,0.675624701488367,0.8285127971044459,-0.7669459878590313,0.05909876963149496,-0.11301768130386947,-0.5345316249715599,-0.005395084153335006,0.33721528995904837,3
80,4.39546364133246,1.708156323225242,-1.7784577476684407,-0.9139914267081108,-0.8348134741081922,1.2402428565712103,0.9618099464701455,0.3003756911487363,1.5976914202672896,-1.2926784554975685,-0.5059579499712474,0.5333638425954894,0.6166569815725191,0.674048374057119,-0.29166766270373956,-0.965441593870924,0.2902747555046705,-0.49007501310218426,0.49488292895367536,0.5947487685830191,0.07729267868338374,-0.07121136281285878,0.3538487603680553,0.5244719303771116,0.33169143147768065,3
81,-4.717666010665621,-2.1128449323816136,-1.8811411240599571,0.3610964923095472,0.1852482403552993,-0.20075127478467225,-0.1602421984084592,1.7830087193192874,0.28042156115635875,0.4566822984384139,0.5817785338199736,-0.7890724745000643,-0.21773246388370082,-0.6596145140696337,-1.6534033007437623,-0.45398511909656447,0.36201825459306436,-0.513784488491202,0.36952047539954114,0.7058951006555345,-0.10462844527160053,-0.5956765440137874,0.3422873291127682,0.44176563351989084,0.06445265041584505,3
82,-1.6920237994893075,2.7075335861084957,-1.9434048257996444,1.0249327275550004,2.7182437380493134,2.133503136919155,-0.7914433532506209,-0.5867384324677444,-1.4654570386256724,-1.32644498725229,0.3626824531613745,0.8367139107290522,-0.06209444781547746,-0.33432852610738295,1.4554179670276741,0.23079152475665032,-0.39960972583323984,-1.2739081930600418,1.2399826447640234,-1.2757641985659873,-0.11396900225418727,0.08612832974671808,0.48862861888053216,0.33035672754048606,0.2751706640727205,3
83,3.395163731908651,-0.3754167708352396,-1.1180581985412714,1.7068398766978397,-1.4789275375333104,1.23987992172315,-1.8528370861004495,0.3521540685705409,1.2175435792997815,-0.7902535876144586,0.9455442746340725,0.8724056376878919,0.9776953559545465,-0.7174070753901798,0.5701011160965376,0.8484962902258957,-1.4845484760870418,0.6458026669038492,-0.0813509703973323,0.37490479895567574,0.21892361150010586,0.05625419306212659,0.5094682865437348,-0.5556987974648968,-0.3748934217103387,3
84,-1.6403455310218806,2.0939654831696446,-1.6549264896424236,0.4395622204997873,0.915798638901629,0.3423394213349842,0.019919870309074827,2.676255389132521,-1.0718896234672148,-0.863245323455839,0.08953629421292997,-0.19806150253578125,-0.4927542369899207,-0.8935827945905366,0.8314575357369632,-0.5688589889789935,-0.39119617810100404,0.5299169198945641,-1.2116104665259286,0.4177157969065075,-0.0198849397891796,-0.26324569362605355,0.32006954387003644,-0.37751541417318374,-0.49362968731369217,3
85,-4.701868010572031,-2.882236358157626,-1.2237828420313743,1.0664574730708138,-1.3167990195116648,-1.8421102822997886,-0.971391458600408,-0.9316144989922712,0.5661126454496794,-0.4195701289499529,1.569699674096563,0.7793850456451734,0.24853648963203412,-0.6248667894277163,-0.23098601987568546,1.1262629723508444,0.4142821974498392,-0.6325538552044239,-0.2881331505193441,0.7187534601426027,-0.1784085548867239,0.3768271277733083,0.3563106525951882,0.23222870880578406,0.16372433248841392,3
86,4.5696612434860615,-1.7596934487449825,-1.29788076928579,-2.860823998409056,-0.6079921560105521,-1.5866647496870645,1.3055269402826397,0.2674077670451749,-0.8780943506433063,-1.109998874097093,1.6299897703062753,-0.8561244698697273,1.2632105594037215,1.0830453955212271,0.07127693312808003,1.0215996041135522,0.12049098612474762,0.30522086369225665,0.5575918545939902,-0.24560753949265413,-0.28647742942306864,0.20210631330613923,0.17189493752997392,-0.08568526893418682,-0.620674781534981,3
87,3.3548831928757092,-1.6265139735861442,0.9783403296260225,0.7002780951979166,1.229053439098937,-0.5883826010230013,-0.6974981096288242,-2.783639669286445,2.025348357775508,0.372094666090553,-0.06368873993447477,-0.07570571613249655,-0.3400072599288879,1.4596589822773613,0.7858765101517863,-1.9612062599833604,-0.7025282829398194,-0.3706725007917413,-0.10151197114677801,-0.5143976564309745,0.5486547107940469,-1.4776912285910444,-0.47241855613676353,-0.32976410252065197,-0.9577515032222794,3
88,3.4527967947806903,-2.6478656375824463,-2.023519099314826,1.146520017280269,0.6788953523822323,1.432097610509603,0.8645114806744623,-0.17885174324221276,-0.11135814926894172,0.576841354354983,-1.1975149277554953,-0.039386669625474324,0.9878287152743566,-0.8692396999289157,-0.9891712770696759,-1.3163823247448416,0.018795582915106746,0.514142044507687,-1.1355015559391455,-0.6291735163927411,0.21785617596662687,-0.29751044501623747,0.18645064429378327,0.40668997691261277,0.057661201295768155,3
89,-9.081856395667039,-0.9082422947621613,-1.6227707717025388,-2.2358829868123338,-0.6162829547330165,-0.24224388052009083,-0.17722165384214916,-1.4018579521332286,0.018815811849241637,-0.23161464508302068,-0.020787745646460687,0.32554675575521275,-0.1550078299776343,-3.1475043583232236,0.17154601025845784,1.1136945474512188,-0.5213584838468168,0.25956735816136156,-0.9278717157170078,0.9424334541241453,-0.3549871432483068,-0.08806807796776328,-0.6386557939691775,0.07105869328634296,0.3653155611579948,3
90,-1.4247684225286221,-3.165563257317738,-1.1359839746741813,1.5828718593644253,0.824525627004548,-0.33975698950358924,-1.1232214954068325,2.6739477242113456,-0.9291252237733407,-1.3262439220137974,0.48191571478540507,0.12977505024616165,-0.14656740825938197,-0.4466657326203445,0.8781075216676762,-0.06337732394102558,0.3089238341400624,-0.6102981123522806,-0.9887310193922467,-1.2755339714278715,0.6437122148749492,-0.3132353424878537,0.31503702268606365,0.21211592924722533,0.09584508605244876,3
91,4.525223320251216,-1.6521523544152223,1.2039028355936459,0.8819404540238742,0.8398845342945152,-1.5099644694448073,0.5191752545660422,1.307106036089794,-0.5294581544217127,-0.24030815702539537,0.32980052743821087,0.9445361289124694,-0.8059201662146153,-0.03991235164448281,0.9380146774750028,0.36975699119647376,0.394559845061897,0.5239880036097402,-0.3900542920856618,-0.29867141304820827,0.5864543855069462,0.9799993673679781,0.07148901616958886,0.4129556219980831,-0.021733325867397513,3
92,0.6522017512397245,-2.635441900159381,-1.452903442136256,-0.61267555881214,-1.4122348275762935,-1.1017945346861202,0.1820398958711067,0.5569304643087842,0.6322020588768864,-0.06775520052303752,1.0224257482912233,0.3551074769984619,0.9969506456926287,1.547657344095148,1.387552728442004,0.37543147211069416,0.2335593531824971,-0.6307008340747013,-0.43901532502486407,0.6055488006375052,-0.2945522278650534,-0.006445639166215045,0.35831790150808146,0.3675602196294433,0.21878732705037443,3
93,-1.6049205587793232,0.08792244654906689,-1.206464140760418,0.9701299819128661,1.1453573716644507,2.039311730918542,-0.5092514568024775,-0.5936640892331855,0.7137126735282973,-0.4702027832773655,-0.7033422723528238,1.0138653817850352,0.607250582685829,0.2568241281049741,-0.13414056464501978,1.0611362142035254,0.007056575459082781,0.34566299931854605,0.19625583640007793,0.4815720539668016,0.41882045586058303,0.26643061811730595,0.43578434688392903,-0.38133775653860114,-0.4611359379925717,3
94,4.293644642413609,3.272531569044852,1.2763328527469084,-0.03679941384513663,-3.034101139262731,1.2322918919202634,0.09226464764379738,1.2661062776145493,-0.8349201405398494,0.6742867866484249,0.5949690426671288,-0.9667128716859369,-0.6454362180434636,0.004962041591862532,1.3740482793014959,-0.051591806306103605,0.22796009999337974,0.5052122081028809,0.22841444968337044,-0.024994780613980527,0.9915081203398002,-0.684680087086341,0.7415555596451979,0.06137693113270348,0.2691218793627179,3
95,0.4722371043245328,2.117457486033695,-1.4472157978133076,0.3251166838308075,0.7658146805719421,1.4034097764636209,-0.4623351216356113,0.1489714192433058,-0.38166823756448176,-0.25091956342626975,-0.0764920450550639,-0.5842253575843883,-1.201938077112242,1.6472121237600659,-0.4082566889981356,0.9737780177803144,-0.16345258928866446,0.5738340042541301,-1.0558023625907014,0.217990882737911,0.5899634679285102,0.43185904950687265,-0.5159985824276362,-0.10770990509088618,0.5776358668982189,3
96,3.092753129246299,3.6701411523527003,3.143593825976403,0.9805043391316057,0.9505518772728323,1.2517898445850277,0.13211451406426855,-0.3620003962246807,2.156636552966405,0.10429588169660331,0.20618079556113267,-0.326905357801744,-0.5026171873534133,0.8435111773313251,0.1946978318612037,-0.12342705618549554,0.10219333323408253,0.15122625360183362,0.4057550352858046,0.18613244557840825,-1.5080168885973935,0.2403283435552211,-0.857060382119988,0.51930833093891,0.1351210777599283,3
97,3.237853706898255,1.5381443125025065,-0.19956440544311205,1.0234345845661683,1.1730499472511153,1.877337816579646,0.6212227738049463,0.06583044593477072,-0.45364678488865007,0.26997944496010917,-1.1228730628508992,0.3398556549699432,-0.3070829868737779,-1.5170406659379956,1.0924587979942038,0.24055812299058643,-0.5532537846179697,0.020716292273562864,-0.5848409726157415,-0.700217150584249,0.5854008744982384,-0.2825657893710015,-0.5559091960930761,0.09981662523803281,0.349001523985231,3
98,4.487113001603772,-2.594648601915529,1.6095661478386727,-0.5952815216444671,1.0684138557892067,2.328401722130684,-0.689706180447275,-0.40929799717871573,-1.066807078197139,-1.0023468597732772,0.8914518041701194,0.5879769993726933,0.06681709357458865,-0.623979678799973,2.5984440623927267,-0.30222302273032486,-0.5464960331225126,0.3882708633973184,-0.6416175135694644,0.8117921649588045,-0.6244758410362882,-0.5965007641815222,-0.4714470531772243,-0.6409385743054047,-0.2700445970786828,4
99,4.501964100963379,-1.4445325753734584,0.7978446480195143,0.2571984104914242,-1.3274683925413193,-0.7012953737768455,-0.11352413802392114,1.4812964489864417,-0.4790821130879692,-2.1014718866996396,-0.8993864389003703,0.44004110360244075,-1.2293643022138152,-0.19330393396032863,-1.6283889677155674,0.08375056995874486,0.059780938176472675,0.7952142142671867,-1.1962540614441877,-0.9528044987887453,-0.5712831693394277,-1.404910907829965,0.06305936648910687,0.34165198472459657,-1.126977648297205,3
100,3.3259603683048002,-0.9529330497055257,1.9395803991379321,1.1697432809316166,-2.595051144516596,-2.3355876030625837,1.0675893539604067,0.24444474864489707,0.36791497465118095,1.0931778339289973,0.006451445762252428,0.5015043483878721,0.8607358082369649,-0.49030664743091246,-0.6892333978157451,-1.4650546179659396,0.3291935305832876,0.3259026910457665,-0.9603081662247621,-1.1101984025710758,-1.2613528566852583,0.4697539357650784,0.10567491217805153,0.20962261233942647,0.06138462051371782,3
101,-5.055547327339529,5.081153241042639,-0.7520002921094283,0.8028500452773693,1.6770441996443501,1.167388059236543,0.41684580513183667,0.6281343997405808,-0.19742732713612687,0.3119657397056135,-1.078042607527678,-0.2538008598373911,0.15701080547005208,-1.6478519804921636,-0.7877875361087198,1.3654132659511156,0.703155843770138,-0.5440374690398411,0.08693072178538186,0.32350703691947136,-0.07543470220410309,-0.2458677314255341,-0.310101266150295,-0.2684742323630239,0.6095358043448663,3
102,-4.827571888793456,-0.1120903408394045,-1.8452817462312576,-4.235246977771724,0.603834799188784,-0.386893214843822,1.4119689612071378,0.19294914093911886,-0.4491377758248092,1.3982566840539796,1.0800881199852423,-0.6323161200731542,-0.6612625482976,-0.45082909405639326,-1.5110693745572887,-0.3604582479445624,0.21581376417347942,0.7137098194386029,-0.0617019521796065,1.0193955208292038,-0.34022277513584365,-0.07649089452553148,0.34173906684098393,-0.3342836357861726,-0.4611423737320294,3
103,3.4942242823946277,-1.6386362216617059,-2.5059344505341277,1.7560264742021254,-1.5323557940950452,0.7204242930643394,-2.471684550007999,-0.004898404660419242,2.2916430284819533,-1.2363200271525043,0.35744530822768794,-0.037525649922810045,0.5068588700238097,0.8872262207572525,0.14111108672487704,-0.2275805934784465,-1.3516746261601846,-0.7489296249674018,0.8011369440513243,-0.31781188355894396,-0.38466668433360185,0.0995037660417962,0.29578748512939196,-0.34518053002658555,-0.7813095730727613,3
104,3.4007206330337336,-1.547665518882872,0.5300101786820501,0.7476647422761409,0.380536468344427,-2.5291681697924364,0.7147468187536417,0.5384474749475037,0.30366475960623074,0.128776214333004,0.15631472460302198,0.3302937618429449,-1.1413816721554098,-0.47349005721930193,1.8924931461126655,0.3396696121667411,-0.24794426510180223,0.2561195448711877,-0.6792161575670912,1.0833555711019982,0.364585352002123,1.0629715072295127,0.01152565194136207,-0.09390331541065555,-0.7153080686869766,3
105,3.152369925288541,6.42324708525755,-2.7188323330374495,1.1602273662626428,1.3990314148198284,0.8368036757821513,1.8712385421666466,1.4001813615364602,-0.033133852070417635,-0.06327880336934044,0.8620118288725228,-0.9968067755181536,-0.38875006737717843,-0.6733993314443949,-0.4218890944384659,-0.6624121669732895,-1.2800598967387813,-1.1950504340700707,-1.7818314489915634,0.6030846009582935,-1.0475713793504897,0.1840034427379735,0.02527612455440481,0.05414158683330417,-0.8978267449528617,3
106,0.652730045962624,-1.9734091383538162,-2.450624575549982,-0.013455078282946342,0.4822070687122588,-0.04905946735738853,0.9068332438180198,1.5020350253433716,-0.43578560181104997,0.2744765866716654,-0.347665559581684,1.434087918254824,0.1575273458068842,0.6643061269729873,-0.7506573955747531,0.36459308909502397,-0.18884854557019515,-1.0234017578806656,0.7918152529448856,-0.21525082271460416,0.051527261607562824,-0.17176615205448004,-0.35213434453001113,-0.2691219827833645,0.36742375839235364,3
107,-8.935374944196663,-2.6178806705369615,-3.702168147666481,-2.6584871940334764,1.07652493312646,1.5978688216442136,-1.082207866946351,-1.1743017420812014,0.20757960384045981,-0.24800241594176645,1.3307013081983188,-2.5373493056380036,-1.050021427359777,-0.601165056984081,-0.4507219124342481,-0.09566860688118317,-0.3516472043006358,-0.16926592659390893,1.0598899007085034,-0.5088225564537643,-0.2208718323193195,-0.07837403485684302,-0.6131575165682982,-0.08528588802557513,0.1874195357221057,3
108,-9.05828550092053,-3.2921252035186224,2.717448758640164,1.1790579142581712,2.196285504938465,0.31548310422669035,-1.7278744038432678,-1.031016090366162,0.0072715095382727135,-0.517690360206107,0.512969980721753,-2.504755229542483,-0.36079816615327265,-1.7085707665613175,0.19975211760942446,0.6013749156710353,-0.46203244928353415,-0.19307361195113737,0.2798369591160226,0.00034566900771226816,0.3944338782762848,-0.6339719850081919,0.40402581632664164,-0.226999607173605,-0.8700952241603165,3
109,0.5495855193297796,-1.57668316498324,-1.0816047538554363,1.251207032092473,0.37216634114398817,2.225568096345388,0.45041132346588597,-1.185533672017275,0.038130458500777564,1.2864069689362192,0.06770105515631797,1.1519313121083052,0.6014633534403688,0.6724927222652852,1.1419106714940561,-0.5187796201076522,-1.0856412799068609,-1.1887063544125511,-0.6038294118309491,0.6799180693898843,-0.33547355630264264,-0.25831507892726846,-0.5327889173762996,-0.3465336197056314,-0.2697491594310021,3
110,3.506295598818392,-2.957949911481133,-1.8158898713666736,1.2373829289554554,0.3646078739679235,0.8833170639984878,-0.4501353105638821,-0.7696461013988545,-2.2452162763351264,-0.7391979776839446,1.2347070385781045,0.3983411031219992,-1.0630781961244509,-0.6586933194957341,-0.20891440862810562,0.7974128619417735,0.9535674562480256,0.896513980431977,0.5780471675380685,0.2596614148706514,-0.42415814248180495,-0.12231163325135658,-0.5397422727261219,-0.7895088020542544,-0.5894149542784933,3
111,3.2999300498119144,2.163775880155197,-1.7479847105157105,0.048774340199099875,1.1557428506649223,0.07882636707621193,-0.9084647987585712,-0.6134943778504898,0.17403930205616014,-0.2845552273909863,-0.10705198332428911,-0.07764731012653092,0.6899543709204652,0.12046595192330622,0.5223219265748896,-1.5179880005792386,0.05024607099343137,0.28852202674187843,0.7535562261732296,0.4008925085784971,0.07148907162302143,-0.275096386669911,-0.43513386943912535,-0.12303993324207996,0.5730123618322542,3
112,-1.750927120937444,4.211138770973136,-1.6706335909745191,-0.40382027105831453,1.0073370953057617,-1.179457828854002,0.6397622414088935,-0.31185104087335613,0.9322492388246859,-1.6170436107244512,0.27170880015729193,0.9785122804778545,0.8178669305072086,0.1329084167381287,1.825327049765792,0.5749484991399698,-1.4624939698846395,-0.8423898984198019,0.2380687477032164,-0.4924003940266115,0.19331352266079405,0.07573258539220076,0.5439997175620646,-0.5315329006975043,-0.656390966294841,3
113,3.479812008543062,-1.729868144457769,-2.7129688236935006,1.3282878548436776,-0.44933268360542244,-0.037287848221012165,-0.5578844556319122,0.06445297000023298,0.23435089206971638,-0.5299609063961146,0.21527722248449588,0.438909347005612,1.26180547413208,-0.35110548858389334,0.019895976871302068,-0.11127553951564706,0.09467030563788748,0.3008562242179984,0.5724547807010176,0.3561181177884343,-0.17662378010768032,0.1466265900247682,-0.6429079833400495,-0.0006449282064605599,0.47175471848354067,3
114,3.4594513170658754,-1.6248145233953621,-2.3149619188625454,1.1327135162527768,-0.5946249049925898,-1.0137012014605298,-0.06530988035607876,-0.9371634452445409,0.08101330505800197,0.9296809610360021,-0.08927555748145188,0.07780072004255811,-0.21711810049281643,0.1999992453970043,0.27690197443043707,-1.3814715525153085,-0.19176307205345755,0.29731991546282543,0.19144438364055905,0.5939511486232036,-0.3682053303223357,0.06873203738093972,0.15099773813423428,0.5838271443595836,-0.013084007488170984,3
115,4.313197313725295,4.360852273761823,-0.6432214800346502,0.17531417055975318,0.5840050836971389,0.9875406101161732,-0.34387080842924833,-1.292796112130365,-1.1247499903038412,-0.2772043459209378,0.5632700702631632,-0.601550746501093,-0.5699501251273131,1.0833625253598793,-0.5950402029058932,0.15663357608102757,-0.019462310252007953,-0.497654614789663,-0.2861484359082629,0.7667203532247024,-0.47919357105225824,-0.021769033900788493,-0.46330493555780966,0.10871362888725444,0.5449684173901993,3
116,-1.5938418918369663,0.25400610489266073,-1.8721141320749792,-3.0440483861721805,-0.9915772090423941,-0.923953213936213,-0.17542267763894648,-1.0209982853738873,-0.7780900698039672,0.08314830912151994,-2.13654602276812,-0.10811692278981488,2.672022888270929,0.1307757752160137,-0.021171664424252556,-0.2657318451578654,0.13957504480989447,-0.6052553353301056,-0.20385328883965737,0.6729356580439065,0.013989241653456164,0.07114303750974649,0.30067526287760266,-0.2979051852175974,-0.5029933156213166,3
117,-1.7248540695844028,0.08945365875139011,0.9485292232250127,-1.801605764749679,-2.563135985896152,0.7129405179595967,2.3795193818316296,0.8640007784981791,-0.3180570581872937,-0.2738601071222104,0.17634928334264788,0.5644666389115041,-0.8589232576188739,-0.8657995336121209,-0.8909529613050444,-0.5462635220427112,-0.6120379414768535,-0.4825476464734537,-0.6561653522267361,1.291779525859695,0.7072377480862858,-1.2096134150012237,-0.3508354779770085,-0.3015512636416176,-0.301440945364826,3
118,0.5100266972115008,0.2061250158131891,0.4138208980006879,0.9162443566476131,0.9587274436906348,0.23068797405338914,-1.3249412221119323,0.24710748978354835,-0.6467250798391881,0.1754212807676907,-1.1717471333887601,1.8572986360560924,-0.17089516458168252,0.2507485147043158,1.3900505578908833,0.07671138164609581,1.283614307482336,0.08768856925857005,-0.17644658682525205,1.1981994167218004,1.0737070654935672,0.5404544320238845,0.547820182795886,-0.03854954677212119,0.3333992852891844,3
119,-1.5912155422084684,-1.9398882055225364,0.5479065504284666,1.2916870140925396,1.313756794017663,1.391649146855745,0.20056437999559718,0.6706102251353263,1.1567068828701306,-3.34878144927644,1.1518066753009768,-0.6456816894353861,-0.016846173828080513,0.6705058985380197,-0.3126877337385483,1.5239349667120363,-1.6350024513887433,-0.584293914740373,0.4437711756772642,-0.2803343595241952,-0.0817490510493305,-0.25286151028957937,-0.4310479802125378,-0.5046738351673441,-0.1284417229928674,3
120,-9.16361418348766,1.2202467061390116,-2.1809975124474117,-0.04254787399561932,-0.36580193430782815,1.6943678314308133,-0.7863114821225503,-2.332540639454114,1.7644912171557747,0.020567033908887478,-0.8779957539877332,-0.8041142067042544,-0.8870461428933444,-1.897337768761203,0.30770975619032126,0.7850081986461115,-0.7253955774610985,-0.1563528914716854,-0.3264717916925992,0.28203705414138147,0.4392647187871932,-0.11400241300071595,0.6684851673267957,-0.04672956517663074,0.46242489385032304,3
121,4.508761344110875,-1.651130140393377,-0.04828559098027996,-1.0161221557208302,0.6418986189590865,0.6728891403807298,1.0249584101867786,1.0446693255357582,0.5297994293744384,-1.6704628072964058,-1.2538123864248039,-0.4607293623304545,-0.5748115227653179,0.5847780144530048,-0.8210567340630098,1.0601495341996192,-0.3358451956718025,0.23570869936532723,-0.940015719912092,-1.112515035069529,0.8304973319711922,1.5470706223241404,-0.9591002128915311,0.0808717129479345,0.5284283918527655,3
122,3.409568377982625,-0.5951923858745487,-1.3472650573490794,-2.4591503192914024,-1.0595638341637217,1.3331797392533011,-1.1041859717449425,0.8605033877165056,0.673788919604084,0.7977672953467149,0.8971080298202694,0.27895572712057115,0.5931798620582871,0.05772022393439613,-0.47685050069060897,0.11318901871252462,-0.34019657910218637,0.32082380993712256,0.08521267840103208,0.7081199314494311,0.3661853529814265,0.08575221823964518,0.18447620086753952,0.5967174041760209,0.014704297415636641,3
123,-1.6738564861281358,-1.7373773690545022,3.939495221949328,-2.4381460985253547,1.133427675092345,-1.2507450979438124,0.8426035000129892,-1.1955835815047087,-0.8680164482680213,0.8190748029289371,0.09565589812225384,0.23755150726411411,0.8364126417478972,0.4715641702194793,0.6453950347863132,0.6270046719986109,0.048944265828039235,0.1868125124132316,0.20950507012117559,-0.05026956624772183,-0.16658887481560114,0.008557698621203425,-0.4456742044018044,-0.06678612421413643,0.34248828232405815,3
124,-1.652684075764343,3.050782056603804,-2.558788580687292,0.8648608139847052,0.6917656375209982,-0.30366827418490194,0.23799962403075314,-0.5193709925678588,-0.03528181714737988,-0.46405975414501616,1.2896051778071187,1.3600622802740165,0.8861144200896907,0.4055955710504786,-0.23111495457415177,0.7304940910833437,0.9096433105437862,-0.3774778466711233,-1.2951145502974888,-0.9595477259933946,0.22871971940308422,-0.42913511779165203,-0.6113351448727409,0.08411471148082872,0.17998157086496916,4
125,0.6430218568463459,-1.990676949650153,-3.0029993234620633,-1.0002118627745333,-0.10634280890710024,0.33291130025004056,0.05956535600828383,0.17546474707609927,-0.3713283400460563,-2.2558460316579683,-0.7068960807890472,0.7782059089459596,-0.9374557632871015,0.9224859464777353,0.327694237246817,0.8134423308448269,0.3597640128164201,-0.36288510068636093,0.01533861970078565,0.44689186287457616,-0.1992646910005884,-0.030959412915066375,0.3309469263966594,-0.28008525959022107,-0.7288541310775188,3
126,3.2811527029256826,-0.5033752463776122,2.7061333617683836,-0.7337169010675599,1.619534074507677,-1.4304806111352395,1.1804125580706435,-0.8511003520452585,0.3614009686020139,0.34729592793441844,-0.08199370924908433,0.6237515559571039,-0.10808006025226358,-0.33891837142293957,-0.5643188023824802,0.5392787283448195,-0.593626145320167,0.18775298820718067,-0.43221553091658915,1.5502874125579509,1.8171589375792294,1.629806376302174,0.07171240796491113,-0.07099049670754298,-0.7041224581691025,3
127,3.2635667157594366,1.343915243694302,1.7392920198127004,-0.1575720631644324,1.5259077462536348,-0.16787850422541917,-0.7028007784339261,-0.3177957933347427,1.1537537677810823,0.4272343769566709,1.6051003196098494,1.000547848123039,1.4597733915372872,0.07579858943380224,0.12992847418786735,-0.0854260242787408,-0.047603255876541795,0.1355539678377462,0.21708942736763648,0.6673212687804126,0.60940676436028,-0.5087837334712775,0.7482067084977586,-0.08202661308853498,0.24054658665530002,4
128,0.6417945915881482,-2.0631991126363642,-3.0851170299444424,-3.257245766283366,0.16033054832671412,0.7852571722060242,0.5230153651478808,-0.5186260773381961,-0.4345282632401175,-0.33629414965531873,-1.1628264471745233,0.8192738939296187,-1.5168431469640185,1.6732733541254223,-0.5956344550506838,-0.051663934420214774,1.1164252739850857,0.1020275951842824,0.32910346243739186,0.6285761021164724,-0.14979520359763665,-0.18501238382791357,0.3607296325193133,-0.2852385749639588,-0.7384025432145153,3
129,3.516001654225912,-1.8510058224177353,-3.11495001430852,-1.765014173678349,-1.4526282749410901,-1.3496787752071266,-1.5649752628815203,-0.9342429157387506,-0.8824910706920965,-0.7218549202398215,0.32658128483266813,0.5216914058612403,1.237845853204211,-0.06802841544288762,0.030782082639027486,-0.34477941763913944,0.1896963076616811,0.31798973399395347,0.77354891576518,0.020240334722303355,-0.110316733415595,0.2067373221181403,0.2214032440199974,0.2420329697835618,-0.21228345959657274,3
130,3.3866592016217307,-2.676417549439436,0.9201998763410726,-0.030307148139272932,1.2392322832452594,1.2394303228709078,0.4861625960802196,0.7190053398164493,0.4917819389414717,-0.08286002338776854,-1.7354726139137517,-0.2382245119960722,-0.348140092071892,-0.596561627422372,-0.00944235184083797,1.010311757157028,-1.212555389423649,-0.5531689829371902,0.743587189160352,-0.6012462208720609,0.3816963009814192,0.19640563498337738,-0.5010554418338252,-0.6906743310949824,-0.11981919923630682,3
131,4.463201576707574,-1.656977038428453,2.74304855091985,1.1829153740609164,1.5944153343695018,1.0146861956928808,0.34015362933031135,-0.029921569926258496,-2.524545197745326,0.5788726316300946,-0.049556940891673396,-0.8888242576735449,-0.8825871430708189,0.037767861732301844,0.15934385793211148,0.5827098320767377,0.41629712446677125,-0.4841106619854152,0.03402979835487008,0.35663373717947455,0.46025974031955597,-0.1949032118303689,0.10366750223438875,0.22668507337851518,-1.433935245057458,3
132,4.349390822259979,2.657682192813006,1.6357720303343257,1.2052183012814015,-0.5816076917378481,-0.28048542736269244,-1.0864490789415853,1.3310641674231265,-1.2297827873125171,0.34455692854469333,-1.4785975615185791,1.15221333464233,0.050111769736892464,-0.7848739030521962,-0.20603707542419442,0.9336083172698748,-0.802196331260494,-1.4337875556872972,0.7007080453050616,-0.8772565068167045,0.7158303596329029,-1.0771920392291379,0.20322508625878416,1.1185747300926283,-0.8941956520946773,2
133,3.357303263848843,-1.5705976657741947,1.1154088384180165,0.908425150862612,0.45666281257058694,-0.4144458905085582,0.8201822967579209,-0.8186595200440758,-0.8579682294941424,0.29380087439959324,-0.012334990177029992,-0.06571659781505512,-0.21313336688065032,-0.6828293952194758,-1.076746599376296,1.0950269877409746,-0.8456382504289115,-0.006059997369761039,-1.9188540990994274,-1.0814128819166795,-0.5579482182440249,0.14156689493656527,0.35293948660053615,0.1565544593658229,0.1917476191644877,3
134,0.6370648299939372,-1.9256056137466533,-2.057553058016346,-1.4469329418335959,-0.3706983979091767,1.306012847167556,-0.6763535109982546,-0.00816203837048346,0.23687908109508404,0.5356566455320387,-0.21344015691211338,-0.7933012630323388,0.12133609929887901,2.2755093793529815,-0.11969099777606407,0.5748753442872334,0.12179908959283581,0.48733386161569126,-0.5709624325007505,-0.44059483426774737,-0.011205249301701414,-0.40438433281892694,-0.5360728536143059,0.014451601078888987,0.4381987461207614,3
135,4.534349805066038,-1.5161918107686443,-0.8974800501462978,0.30351205340426146,-0.5534264515949059,0.4968043528708437,0.05685973869740568,-0.8659281961898884,0.39620187753947933,0.38412605511868425,-0.09382694387375956,-0.5369574199531604,-0.26636595265249263,1.4707216935171066,1.005346506590223,0.3641728772921531,0.19824287560916654,0.36098537709474865,0.30593044858103324,0.0963378655416014,0.04012465803389731,0.1832220517049668,-0.8334747043884152,0.4739936197556821,0.13484692780371224,3
136,-1.7766119870733164,-0.22294818282604778,3.900031456411205,1.3446184955607623,0.49940163130218207,1.4554953233500583,1.1809788644604078,-0.09024263779038821,-0.9510270623594899,-0.13776024513570534,-0.12667051813683217,-1.1540938760554325,0.5292513636264533,-0.6570648254804315,2.007403899311599,-0.1403334613601439,-0.5911989895842857,-0.13088383766870892,0.18954053372542035,-0.2892918168248055,0.6241842886563979,-0.21288128155435343,0.7931254447611376,-0.11505438993143391,0.4049324014711547,3
137,-2.7102456727677264,3.587056301660281,3.527736331787997,0.05603250431818285,0.5639439808361775,0.6394269576726561,1.3799730754700814,0.9847223639726228,-1.7525697731129846,-0.10305647156945674,0.4685622107199353,0.3466442399246561,-0.40443574713743313,0.4355915408479194,-0.9894342068146154,-0.4090851791611687,0.00012445221525458905,0.9055470910507797,-0.2698320364627642,1.6691678913385588,0.4878798892664891,2.1101466349880553,-0.24611763868773368,0.9129520353658046,-0.2388627138961942,3
138,4.343525336083951,2.1910361625743118,1.176134421275164,-2.8906773507601704,1.376101573528375,0.4000991301633503,-0.6621462508650002,-0.04227971192763169,-2.09169228649284,0.13134595249279568,-1.0079168660699385,-0.90190631505235,-0.18132658643252664,0.43399206493452414,0.7989545916658,-2.026594731037998,0.8106974689447006,0.9996392680496928,0.7242813878073089,0.2603271265370166,-0.601647662692047,-0.7115478222625375,0.2398128689474341,0.6347268338872455,-0.12652337085078508,3
139,4.287804368144085,3.472877986427724,1.6235592098819198,0.9860101406356647,1.3407111637229259,1.081371631324803,0.20997659558716641,-0.5294204464234689,-0.15378665659548485,0.6788109991804593,-1.0342281247184981,-0.2290713192096776,2.277107903457275,0.6698695061801281,-1.729061201654889,-0.4770037005982195,0.038967782765621406,0.1888734901993212,0.8603493169192746,0.14456156707526613,-0.692522867192524,0.3715037927651459,0.4346714993032102,0.15892638743689147,0.26491548830406697,3
140,4.52600475489294,-2.2290642222979575,1.5110683290312326,1.2542988280308225,-1.6441166230725632,0.3070110518033138,-0.28477157315633983,1.1637046383744498,0.6409611915522166,0.3357080005080384,0.4845385561112743,2.7360758106946172,0.5014344799503827,-0.4340125482837224,-1.10474116556922,0.5389314386713941,-0.5177429982697364,1.1835710444732657,0.6385407386875026,0.11216147189859527,-0.8510108093698444,0.293626978896872,0.3907142204758201,0.16951075794367376,0.18396143361931197,3
141,4.363218080289299,2.1912662429135423,-0.17403504567464645,1.502580044190609,-3.073539211244184,-0.5135379106186262,0.833910731521196,-0.041976187359043626,1.008285261871909,-1.738569634113177,-0.5817370345802466,-1.1623931085655976,0.04490418804553964,1.068863773069129,-0.34424291551319675,-0.6147375258066646,-0.26813147450185304,0.910750788875399,0.06938835026551171,-1.9651661554982307,1.0879401963312807,0.13805185238359516,-0.4896567044235314,-1.007311500627492,-0.45642209227923236,3
142,-1.6555019962043573,-1.4755050172824231,3.5627621619348258,-0.016883042239919543,0.3585861060624551,0.3051048347746619,-0.28428684631033585,-0.15241131867041902,1.5409184140598216,-0.008716924191913833,0.7353302357262519,0.7800430627548081,0.12252607138243965,0.7637388255318331,-0.9562154512952885,-0.7983394734129037,-0.30647111866223375,1.620269622879567,-0.8792245566864434,1.1408478530325399,1.057101764039016,0.43295371016758344,-0.004544057937747981,0.1870514210922385,-1.0698214129762411,3
143,4.4531817674486245,1.487232177492686,0.7205456633390657,-1.413197837297576,-0.9374625356362641,-0.002023138552975201,-1.1103734570357342,2.104102229322006,0.39263702004548273,1.0310485081483294,0.3745382641877022,0.05509581613037473,1.1143750131663843,0.9816390083583149,-2.074471013817308,-0.8396281299674617,0.06589747630914355,0.4421671205402875,-0.9213573233878336,-0.661305888248432,-0.20112829915859587,0.24116787697275427,0.433054664597088,-0.16258747778039606,0.40774878102178314,3
144,3.470733665880603,-2.8186870804381394,-1.656923605918935,-0.25002176261236864,0.4780826830084106,-0.09605880485918439,-0.022571868953856544,-2.2878315442385944,-0.5633455400081777,-1.3071418123053289,1.345452051150703,1.2079185721240613,-0.9021297012119556,-0.22686528400143646,0.3551076191619389,-0.8628118396472261,0.5399899455388599,-0.34946728684108885,-1.4236288499600829,-0.5326830480022284,0.12262352057963777,0.08497542932637756,0.22811321738631235,-0.41005408275120014,-0.906951474189507,4
145,-2.491789662339949,-1.6161001039352618,1.688700412678805,0.8478453387010192,0.7648027817519936,0.47469363456381597,1.6509054242418477,1.425201895863545,0.3227053682010328,-0.9600255592863878,-2.0489681776541966,0.8007309814156951,-1.0676084612652876,0.8043321593616577,0.8215833928264765,-1.0280208890781966,0.9338936688379351,0.7937222499276588,-0.22292144130259905,-1.3241257729677964,0.5200793146395132,1.793195976219717,-0.3968565075291243,0.8316829918856051,-0.255521761055751,3
146,3.291623168243712,3.267823593847985,-3.230375766951533,0.5308250504187773,0.607050718670896,-1.0491231726165882,1.0572293988300467,-1.8248467379259006,0.9722241181780422,-0.7178581547581377,0.9314100505546912,0.4917986708992368,0.679149471462031,0.8002575243457093,-0.1259385202751757,0.10223305164511887,0.6897540586157884,-0.773202749823132,0.5203419847222444,0.2877856915603464,-0.20404499264070008,-0.13170266484085152,-0.5295237269957548,-0.6754017474952565,-0.5736258363786652,4
147,3.4098794870573155,0.04136295526974454,-2.021121366043448,1.4608801309647315,0.7752898939495194,1.0432101506537301,-0.8330795570107687,-0.6147036961590135,-1.1588121429429925,0.4387214079746965,1.893787625861865,-0.710939847262184,-1.7330699802674645,0.495643689463946,-0.7450099954776734,0.21730882411742303,-0.3634918151068163,0.40710108772864473,-0.028963146214387336,0.6330678266042029,-0.37041320296725655,-0.25506786023039973,-0.42865598109583825,-0.02278754135287031,0.5221594236237834,3
148,3.309432383899674,0.6631676285033743,-1.0018580766429723,0.1986786897684678,0.008101051769945022,0.8085255358347374,1.0995402610332965,0.7250163633269513,1.4867683591752687,0.7873951501975885,-0.5666945389081564,-0.3229532455811268,2.2963810461656964,-0.382708798228483,-0.5887778741578784,-0.6432213113480735,-0.5953037171007227,0.05511051354165497,-0.18019298459683242,1.14703272942579,0.06756384824903472,-0.05611103471677065,-0.6318824457377251,0.12439784481914862,0.46209704697960163,3
149,-1.925924390850101,6.446338221638657,0.20748578311961063,0.3600136593496903,0.9358637265648875,2.0746519684887317,0.5633312729838407,0.3780538463956622,-0.3714754911535012,-2.40726040630241,0.4826413659826275,-0.5065717165468746,1.7472378541688887,-0.5986758837726276,0.7510482020277688,-1.2699301192482355,-0.8298821170016872,-0.0841551881635283,0.6337056851097964,-0.07011792323929977,-1.1258007856141772,0.521820907650896,-0.007853560827289108,0.7618908682438418,-0.07095864907253809,4
150,3.3924664395025363,-1.597299781332862,-0.20660387195954266,-2.9090355491322817,-0.5511365962187891,0.21359561354100576,-0.5639379668064128,-1.4247018150329724,-0.663012422825604,1.029839224281798,-0.9943264073748646,-0.0706115640537186,1.5110502237513903,-0.29102390005505474,0.8185835050318816,0.08693392709884562,-0.1354955377943985,1.208521714189609,-0.21140359291793365,-0.7517813691097965,0.050577200312723836,0.6166484516324144,-0.8711289298318785,-0.5775207224389391,-0.4507633024255203,3
151,3.235137626279178,-0.15390939973999496,3.6456244637433075,0.5244460047941044,-1.7914058822757264,0.6342063558563278,-0.9865170443065137,-0.21715146119143824,-1.0423328381434684,-1.0924112779497874,0.2760888366701595,-0.21292123226472381,0.5460237499467908,-0.7091506579440471,-2.2818696673164136,-0.7729173372998767,0.8876213349257531,1.07091109301028,0.2051163816878363,-0.26273460105006374,-0.2020505964020204,-1.2571238583729256,-0.12659807683906704,1.4112640303728399,-0.9124076243522183,3
152,3.322824312011816,-1.5469858520889481,1.3082627503631123,0.4978560048094347,0.6735115762516231,-0.6500458250997792,1.1064521692564515,-1.139299466134294,0.8196504104897047,-2.1915952606313516,-1.0397626651863352,0.03474245849015811,-0.9798849396998044,-0.27074525903250435,-1.0324695050576445,1.1529408769161322,-0.134076941216545,0.5241076307399055,-2.0763458627318414,-0.39527316650381933,-0.7261967844783944,0.28727307125810375,0.32648874864599503,-0.5041682758464573,-0.3346459582408635,3
153,4.471686854137774,-1.3474072482316255,0.2032331816045485,1.3983123599993266,0.08556814738764795,1.222905315285281,1.655564786770931,0.05964584127745698,0.10862456302958678,0.10819970387305711,0.9429118760767499,-0.7827893414556104,1.021548586613112,0.49149421139894933,-0.4156939069834449,0.28348265201695977,-0.7321890135856446,0.14596474785714308,-0.40233296028843313,0.6849257594323606,-0.45365160866154886,-1.584975146383142,-0.6461790594406018,0.12593163581683642,-0.7572479886495588,3
154,3.384185025387735,1.2063346576513778,-1.7650167283379177,1.1712540000956362,-0.23104757105336626,-0.1560378104269402,-1.8860518615792634,0.0559814338954856,-0.29667691343548297,-0.24049290625483147,-1.7768512592249317,-0.14963667048250273,-1.3169602703314742,0.035205635097227184,-0.6817756716994646,1.0765746218359467,0.11438023247602902,0.41926632150706755,0.08340543033872372,0.5953188968481622,0.1835506480559812,-0.023913463015908742,-0.5963748820965205,-0.7199305821672941,-0.6637789613294904,3
155,3.1698170420205916,0.9769736305315284,3.543480871663567,1.0665502726357334,-0.4504442578940791,0.3474053712600216,1.0607865523016677,-0.3411749238553442,2.099255037902111,-1.4832148773249312,-0.1978320947143566,-1.5800722010400545,0.512255049167059,0.6290613633484705,0.22365769299278337,0.8669394058485844,0.3260295225122176,0.2125455560698568,0.36146418571906436,0.38812350483928904,0.26683412125564687,1.2286439851434363,0.23904881050713572,-0.3549470249178596,-0.4273748402346069,3
156,-11.496453002204806,-3.30608999504114,-2.412418233754728,0.48173075249748587,0.003171435937608824,0.48654282914848634,0.2811006095211761,-0.18909088765131798,-0.9569879186510266,-0.4220198194923102,0.8289394509882336,-0.6778865664339315,-0.33023330652681304,0.8673101294865297,0.2563288964411703,0.7518337900624741,-1.0118932666885248,0.03481728001348383,-1.2094464337495117,-0.4446065524865619,-0.2746974436018762,-0.027903685110337195,0.37758633625300136,0.27801048869785994,0.17668096137511516,3
157,-0.6858457500221142,-1.7287992809384884,-1.7675428169715468,-3.010768139424379,-0.865330500970169,0.5935020578479753,-0.5703018030708291,0.22687506778017608,1.9329081244121955,-2.0951544580077073,0.565827316917948,1.4855873262223938,0.15340212571011191,-0.7062797693711738,-0.4848256862946829,-0.6311801776588771,-1.527028781167359,-1.5857242128721656,0.46610367800531227,0.21320891529723418,-0.024260272191295784,0.16808451454293286,0.27723211943449816,-0.17692079762803425,-0.6702304441546365,3
158,-6.615845180497107,-2.0280619782614897,-1.5237277127888795,1.0271270352786144,-0.04237984171593545,-1.9635747646128947,1.0250424109779566,-0.42344592024895045,-1.4185279744913144,-1.4723766550361335,-1.2262940528220303,-1.1604500520241796,1.9601610264068654,-0.4066126998329799,0.06415912523850387,0.704380266875968,0.34454182490577967,0.4321341760334221,-0.579832703512734,-0.5276653738568607,-0.3722938942912969,0.21374118349307486,-0.7489474312890789,-0.030825924047700348,0.3082960181269817,3
159,1.414674697313382,-2.042977701384735,-3.433418484853876,1.4290845201891682,0.3052229102358459,-0.1693693119334032,-0.4205985268933121,1.6433371896757194,0.30359775896398,-0.4643118806939638,-0.0071212384879728585,-0.6587980950684491,0.8679762237393494,-0.802165803124119,-0.7354325744204991,-0.4398744993159325,0.9272971566022652,0.5797541491752103,-0.27865166597516944,-1.3117228638408154,0.06884892132195841,0.3215417618291163,0.10646260971171667,0.13263007542862437,0.16119564560666236,3
160,-11.929987190680672,5.209447632266073,1.8948790777852944,-1.8238032194516547,-0.2912950303878391,0.6862565596326307,-0.19423230362883004,0.7330330155715665,-0.42372807894969844,-0.4952781386631726,-1.1749835189270288,-0.7860194476282056,-0.14789028133750048,0.6135517617206674,-0.9340203921122379,1.5151975084657057,-0.44313123204501403,0.4078413251733757,-0.6734010490042361,0.7264820034252992,-0.14962693612571742,-0.44672828131561504,-0.19665131422196946,-0.2776568057364782,0.578314421671051,3
161,-7.697367520050347,-1.7718171642191887,2.0811489040619406,-0.056975102787238274,-0.06953869095581278,0.22173608985749604,0.0878026890713155,0.21106204748704438,1.1677753632711294,0.47023304926530085,-1.2246330286283935,0.0789971124900577,-1.339269894595583,1.078898319652473,-1.4499033264413899,-0.41270288774803454,-0.6629970626510606,-0.05607563724849296,1.0293292618328898,0.3770373175247106,1.1619859412158502,1.644072124428278,-1.1623990682265621,0.06777012308905728,-0.761430063073837,3
162,-9.575319356771598,-3.0898063908466433,1.014377399133674,0.9504867077282504,-0.2957206016661832,-2.4127685148214906,0.7463932461362384,-0.03648366445336748,-1.0401744143164682,0.8928979320489497,0.6501378348389464,0.22268374404494118,-1.002546026555926,0.8915238444148139,-0.23364734173343388,1.1582007746772858,-0.842113783366018,0.6510288229970191,0.9358953896572872,-0.9908790301010735,-0.5315484536269478,0.23763054498028047,-0.4491500892251933,-0.7666114385726025,-0.2975207669220585,2
163,-11.588373777818122,-2.4399648285432827,-0.23326644089036974,0.040266304072341885,2.012033157269882,1.412545258581471,0.29546195210771753,0.7338540503765651,-1.5429456798527639,-0.049933049379197736,-1.1403791219741246,0.2426518383045586,0.03102965779422151,-0.20924436043961214,0.2504404113737406,0.8594326458775758,-0.2029973091539432,1.4136070835331527,0.534919326561532,-0.04682682388928383,0.24474660279465243,0.7398152811525887,0.31901241638021466,0.1288717578736871,0.1363209869534863,3
164,-0.6083676566025282,-2.168348812494413,-1.9369391236333817,0.9881206936885207,0.4646335165349784,-2.2054822124781417,-0.6979763423256382,-1.7899511248995743,-1.6919701681159145,0.1647047922228676,0.5133603472830843,-1.1215744547640245,-0.4249045448889206,0.23820891330382254,0.5871839023249038,0.4073886736681007,0.5074002116763512,-1.8682157592585775,0.3406836792092771,-0.24097897994584727,0.2676633362736674,0.5259801953080309,0.3011936916668014,0.44748124558126856,0.17887479091394906,2
165,-7.67317989729523,-0.43176140982326494,-0.032864420378866166,1.663043439302442,-2.2071403112930663,-1.2056228376138662,0.1394657823054506,1.4499099013231,0.06651400977932598,1.213364990085191,0.42391166758084864,-0.6691608136449307,0.20819785742020613,0.2108577699175045,0.8469865324105349,-0.6469504836617068,0.26435200449228313,-0.6526894428088923,-0.28134743205865265,0.8163472216697154,0.7908959129299873,-0.14048909416204142,0.69622033128099,-0.047383957099820906,0.4219379397190489,2
166,-11.914627984310759,4.213687381570147,3.756830338133571,0.8969015748743234,1.0338746246657795,-0.032347742709373684,-0.3144589862437255,-0.36250651676458545,-0.48089123346120033,1.275176767400498,0.17002966850732748,0.4551280193360303,0.534017338624063,0.722948951663513,-0.10638160785479034,-0.12006440767247151,0.36812667525588916,-0.6391158728546023,-0.015857540732352238,0.7594777710524343,1.0346047184129465,0.35433899145543074,0.6173911948801234,0.13577096359139584,0.07473641359276956,3
167,-6.8236242477659,2.988852534104393,-1.4082382836761618,-0.07449222187957227,1.3570853101500882,0.8137042573044813,0.8398366215064583,-0.19590162134323652,-0.8499473730449205,0.3017823208361913,0.07433776684408488,-0.009742015408286564,-1.234919312996705,-0.1522730223329909,0.833300253179499,-0.3676634011049653,-0.14181427248051914,0.39660106097420744,0.05102494187527018,0.3496634320218286,-0.29502786385525226,-0.06526537536834603,-0.5198751475326948,0.06148413900684746,0.43762938810263985,3
168,-6.7504731041589885,-1.6601532043357674,1.9036426110319165,1.3457185866195203,0.3090906975193055,1.2314703895768813,1.9313388002923197,0.5634076265645138,-1.191659216754618,-0.358229751378578,1.2098536974319476,-1.1747585909427256,0.021758157910821918,-0.30816226198582086,0.277400484489677,0.6360943824317355,0.8706458389680112,-0.5003526380153254,0.5876914026917412,-0.2863920538813422,0.017450078820248405,-0.665051938132462,0.06864420232433671,-0.6536292629290049,0.8942301296196506,3
169,-11.493667714686193,-3.218350540369889,-1.2305689503703057,1.6069816326759576,-0.6381771222809294,0.8686788154011054,-2.062490030008267,0.9162927388897102,-0.8792077940245742,0.3903311599981226,-0.4665610399520961,1.6873852670711278,0.3826339315915219,-0.1314740205400755,1.3510240758720657,0.06100509920302488,0.38939338633024434,0.4306426028753103,0.7650394779866168,-0.20403005368789817,-0.0902964537444012,-0.030697467534373468,-0.5322084260967347,-0.04596532089281036,0.34036042840099445,2
170,-0.6417372939405368,-2.00809670609026,-1.625001315128935,-2.434239934757786,-0.18235659624936884,1.603758460846652,-1.7891167079014036,-0.20411144571976947,-0.22334204376194222,1.3491365522496528,1.879705995665684,0.20979610295100093,-1.4347781147113328,-0.010050587943739586,0.058900651867714204,-1.2731907109241032,-1.3178419763584022,-0.15696096077920663,0.3251021062977988,0.1760865591361559,-0.4471695785137634,0.04976346294893941,0.3250153463474286,0.5031905360938401,0.26257274338214376,2
171,-2.6741011649799713,3.7952772663771563,-0.23066722429996922,-0.5374998246409803,-1.732251289360771,1.7255218674248582,2.467719287673897,-0.6609285134715602,-1.9121895369750417,0.03313943617031778,0.2818615340170655,-1.3910359541822317,0.41597674519351235,1.3419371910810556,0.3684648584101545,0.46401837756393727,1.3696946637380356,1.05749478276352,0.7516176353429471,-0.40103723785765594,0.2206699502186209,-0.063987658595279,0.4324976719393849,0.32963563348357516,0.01885694332850471,4
172,-0.745384338595402,1.4251621727828896,-2.106430628275431,1.6995575497803057,-1.3025633195726234,1.0148945726643919,-1.4098899208181555,-0.021897081249829142,0.09328116715907342,0.7521870945377297,1.017614647617682,-0.24068332529910474,-0.44284842719076,-0.6316416158364326,0.39241158137972965,0.7850233428218458,-0.41659317385548333,0.3085130650103012,-0.8295629115204552,0.9561899690829196,-0.23652754044502633,-0.032625118791139274,0.38895921848730647,0.28632011771023336,0.1473600824445023,3
173,-6.801786496096834,0.5481072287132989,1.1617704217626377,1.4730986025039132,-0.7036262595468916,1.6676262298790978,1.031613376799898,-0.6812434595527532,-0.9789127760151866,2.4219035237566526,0.8447872524878134,-0.3363671301334805,-1.0350867231752026,-0.021498636240133928,1.3533290308697596,-0.9081402898906464,0.1813977960768547,-0.6596718248779045,-0.28185810006941714,0.37447199124746766,-1.1127678228540576,-0.02393581688549823,-0.8716070981909589,-0.012407835138502299,-0.7268656480377041,3
174,-7.786874977460627,0.4395981868503904,2.223928811693516,-0.16900424893051413,-0.19475839037158238,-0.9094681725997351,0.4708231993527119,0.48030193181660485,1.7739694002836943,0.4264815229303568,-0.29614770653849987,0.5966772289871827,-0.893959022986874,0.42396978895810933,1.3103237366586624,0.23570145038657553,-0.10271109413340174,0.27707820695249286,-1.4174717483610941,0.22836423819464302,0.17452043015940788,-0.10088148915745487,0.5591253437796089,-0.6245769510011683,-0.44036396222307406,3
175,-9.732063266705573,-1.6894738782800736,2.5958361162109913,1.6072344530231129,-0.8237910598260999,0.5430193143841726,0.1641267649898972,0.13224169537637476,-1.8159659380849251,-1.4943554674561828,2.095918704498006,-0.16126546467176262,-1.1484485495664738,-0.0035485788230555926,0.48718559446947685,-2.3790569540797644,1.3409665577316106,-1.1027306406886308,-0.4135762908203302,-1.44671574684266,-0.30104317375379586,-1.2758590056597277,-0.17715013145412017,-0.1697848938129901,0.5787730682876772,2
176,4.278728830596529,5.768157496824713,-1.384648394980441,1.2997043966688824,-0.6238903841282225,1.4683033488023756,-0.4343934230161417,1.255674606844404,-0.720024313949986,-0.5069797316390137,-2.094264195557064,0.7099059963687644,0.6661797471403044,-1.057742950325658,-0.298610944653521,-0.09258250981047267,0.023575880153498208,0.5151775669061776,0.39377891746563964,0.5440947970625494,1.0187305864034888,-0.2194766930074376,0.6635077897905581,-0.6682124713282017,-0.28466556749634064,3
177,4.360057633368266,5.161776340276274,-1.534602767952987,-0.18293226056163947,0.3379962349842889,-2.3610153453428544,-0.6668642892460208,0.3592942587142198,0.5536384281655851,-1.7691681166491042,0.4119585382722887,-0.2018653892040605,-1.6661723187996682,2.1310965787504825,0.0813848635259059,-0.8378769468666771,1.705942587998189,-1.223556271240699,-0.5605552463599077,-1.2352243740530988,-0.13842953275510617,0.25372079700623035,0.2970562937484707,0.23989760969093454,0.015014851787358618,2
178,-2.4873024533719743,-1.5681964339293861,3.8199881041153194,-0.16197101427442817,-0.8428056148687235,0.17762131758795086,0.2398227880733761,3.0353271556362937,-2.1319060322996766,-0.2532993195630339,1.2297806982052455,-0.40273427279844887,-0.6172398273792921,0.6183054928884246,1.647448705280326,-0.012970097112850576,0.7662779086549913,-1.5033109306930368,-0.2181070236630982,0.2506505873712409,-2.3371185568452146,1.182831854248552,-0.3505548589199151,-0.794802175366479,0.8838003682373747,2
179,4.285491491744624,0.7669952949950369,4.309353351016207,0.11655452961895296,0.4870218151281904,1.8343028995536312,0.12687749697550776,-0.001048686952598521,1.2543208519538762,-1.7988253555751772,-0.6146731444938403,-0.7456144492111418,-0.5407066894530015,0.9656008206924303,-0.294317175383682,1.0209210701009712,-0.2813874838663899,1.2426393257708934,0.5985153452326024,0.030151225423238115,-0.1822619108032535,-0.2740692940302588,-0.08000312119947695,-1.162828908868168,0.1716557421907147,3
180,4.43756643730107,-2.2818758289551253,3.5853445559175663,1.0566600114903753,0.560422512527053,0.5159162161151261,0.8897566744897363,-1.7585359322914926,-0.6958735860358107,1.4155033426097008,-0.05513724653068408,-0.6375901336725236,1.7034344607825664,0.5134064797449776,-1.4951874094079698,1.1259642520011761,-0.46154824177794707,0.2736289220849759,-2.3031805113652863,-0.43525871094534413,0.510002395634843,-1.390603313122301,-0.4401413939335912,0.2565384909008822,-0.02337945101954042,3
181,-6.760537874958271,-1.5232682509811464,1.8883233166880105,-0.27623173446345906,-0.5514336870125583,-1.1371214699019838,1.2826294599337267,-1.142377395234266,0.9019793214124228,-1.05785466715894,-1.3209621210347529,-0.6850328136098398,-0.15754439769966333,0.6127921268290633,0.05154187933497545,-0.568691035624785,0.3847547774599098,0.39410263115743405,-0.17116396030598202,-0.47662769567044905,0.46777435319796334,-0.5917804228198082,0.014815467904727153,-1.3980667412164038,0.22449185724555357,3
182,0.6691737658261001,-2.8773769495244643,-1.5696226012792842,1.792391974841903,0.16320614677934708,-0.2919144056416356,-0.2752258537883079,1.9686399215670263,-0.21035293809483901,-1.2473458149890089,0.6502335327873219,-0.8706271354848221,0.8900902990266881,0.9859907431804502,1.1386740367036654,-1.1160715563824881,-0.2540902942506893,-0.8770322702493116,-1.2691666704564846,-0.8873249891064585,0.15661504929937553,0.03251682732540109,-0.6450074430363746,-0.02511195342994843,0.6174132440586579,2
183,-2.589192017768797,0.7939733376744513,1.6686966370828584,1.480146275365835,-0.795452220244381,1.574030054296871,2.1744871808088932,-0.41566952126133694,-1.036809645672553,1.2167731255118568,0.8299303593876594,-1.4879571358103645,-0.6517875006806937,1.9297214879379512,0.4722437598261714,0.5216304326062593,0.9781488910267595,0.89380588608417,0.33253009529567956,0.32491416039584253,1.4854536016313962,-0.17662500933244157,-0.5153145347571472,0.32843430939593066,0.08025187501102762,3
184,-11.856408109072868,5.46647556665161,0.3769974199978319,-0.43445535952804937,3.1632164737891744,-0.38657037196405364,-1.7089394431484237,-0.33452527180856406,1.2507157423748554,0.10503284112956113,-2.09981067216468,-0.03804141062535171,-0.6266421521358627,2.089923389017519,0.4153511214847979,-0.9267575313139922,0.584133411364371,0.5063732930233966,-1.0328021796558209,-0.8445572650404277,0.24228804785478136,-0.2465415774850218,-0.3464255663622121,-0.41755103799645393,0.5106183522650203,3
185,4.515857254647182,-2.3097219049104387,1.4278847523597336,-0.49587918138585785,-0.9439261971858381,0.32596989542158283,-0.061651692625203314,1.879235331513828,0.17864475464139806,0.6527897249427544,-0.9730963788187312,0.11451887562055596,1.9608894662134944,-0.19779179838562588,-1.8239813701747027,-0.2843707290536739,-1.5516578439711357,0.7404387116066147,0.7093268502531465,0.01120230202735617,0.8640917192681306,-1.6313447200767774,0.242276054986253,1.0524595391628466,-0.5609160874982713,3
186,-2.551187994451176,0.6787546007568821,0.7653858145093186,-0.9984194713444365,-1.8527487065506771,1.7305129455620727,0.0915765460428366,1.6497353300459063,-1.5971402682116167,-1.1999199232381526,-0.9034924077360287,-1.0316623113336525,1.5467780944753997,-0.23842781661934143,0.7215539223325388,0.8262992164124019,-2.3530369373985445,-0.5264663341362974,-0.8531577872376166,0.19993419086871023,-0.44522275855001203,0.21680764234230973,0.27109492638546934,-0.1520730960112432,-0.5092300459166,3
187,-4.792325066393717,-1.8372703598099387,-0.7908119278381845,-0.05905709501161516,-0.7917916852880786,0.3374058883905131,-1.4684328947441438,-1.8660796539652675,0.9315731441045871,0.30198409680015637,-0.4239665174438014,0.7957697979006322,-1.9139294027644067,-0.5152257980124333,-0.9523977564474104,0.34440505958838386,-0.5978422755533586,0.38725201583995705,-0.7007579116855205,1.0999028608560917,-0.6053142721337793,-0.16693480332179972,0.3581480170929429,0.44201663701749394,0.08182035665282142,3
188,-0.8313884541063672,4.240331962850001,-2.3563012708965645,-2.4118722628310643,-1.4892477887900684,0.06598439902235409,-1.7569243284083431,0.11949585419960607,-0.4320515618083869,0.7007648334765207,0.4329981565230103,-1.2086588889906198,-0.5566710275341071,0.3684958369351883,-0.8934415592164253,-0.9562953426703341,-0.7562126379167062,-0.14529232347598064,0.7175014242613984,-0.11780882941945825,-0.27712676090131394,0.18326230768097093,0.27988209648761614,0.27298689021677147,-0.16478969796381465,3
189,1.2121339752343285,3.0196366624869713,-1.9703484282329238,0.7481887075654119,0.44635968795364134,-2.1615011519693326,-1.7758898223322306,-0.5251085864378603,-1.1874514168966777,-0.020085130003003104,-0.6747056829090543,0.8869381057730124,-0.14751260374647757,-1.333005756439709,0.35182881475680117,0.35102395350656446,0.5388058713058186,0.31456431295118836,-0.1916979474969187,-0.6541003757743853,0.08394933019721507,0.26063441433638124,0.3294661840679343,-0.6216870178740794,-0.8684435558219817,2
190,0.6244676504063751,-1.9900334912631683,-3.0695201989089815,0.09307593755864163,0.546491552851301,0.41927900901820747,1.0875197050513794,-1.442435091497917,-0.6735987740240121,-1.5206466212137082,1.493982540951992,-0.06229077490976387,0.24274695824686665,1.4735469645618289,0.7160466309059678,0.7931769461624119,-0.06800373610487997,0.4679642283603327,-0.0012563041756297189,0.209830792811997,-0.1697831492833659,-0.057895915797888886,0.33067753537796446,0.4709984352798201,0.09582199480556289,4
191,-11.638939204728452,-0.20133571815761853,-1.496890460211125,-2.777835514041761,0.05997861734319787,1.4991192821184591,-1.2971045103922934,-0.35596352023591504,-0.9298248787078816,0.5007300169945846,-0.7601431501971059,1.145577599083289,0.4109287823570651,-0.00045092593090600985,1.5012270128160417,-0.13591674720799274,-0.09593418784729546,0.5371459303991708,-1.0634643159803265,-0.18221761454206098,0.31636456422983295,-0.11215688442300298,0.5209919677142487,0.003950916527533765,0.26585059072860395,3
192,-11.734429641197421,-0.5389138546119026,2.0955770193136685,0.43194785473621744,-1.6654198629879478,-0.0134596589825704,0.6714474106052482,1.8312452226585716,-0.21003377347835261,0.5063228062894887,-1.2842053595328073,0.6289344989739374,0.3303549238490331,-0.5076594945907207,2.114331771902352,-0.15825798654055623,-0.19519839829397134,-0.0820022795512072,0.7050110236068057,-1.084548490245156,-1.1259914361458248,-0.7440842348535868,-0.09651829181907012,0.5574450171497988,-1.415874574840141,3
193,-7.719937692538495,-0.0098110750247975,-1.4275880113941544,-3.0804385145631925,0.02308806676050812,1.3443708008236084,0.5263371580090932,-1.2512927513039627,-1.3742926564041462,0.34130432124630405,-0.0023958613413215257,0.8283334352853773,-0.5721293295880667,-0.23949584047408434,-0.33919825773444967,0.21332192326456068,-1.1421333901685147,-0.02448305111542437,0.19888767469497548,-0.06760085199475652,-0.025779106596015455,0.27681958996728073,-0.557208752208039,0.1303502885514337,0.46943866649965627,3
194,4.4734093855273525,-1.5383732410555195,1.4126736429260183,-1.2159902689645583,0.10895734698415782,-1.302497718896398,-0.09442394581561464,-1.37189910618539,0.6626775238349674,-0.019552137986083296,-0.7387548106408193,-0.15519373918836665,-1.4762859900760406,1.528490387511345,1.836704871587317,0.04134013070020082,-0.667994773095244,-0.09697109759984679,-0.01587384032990924,-0.13453546717657194,-0.2795608813640037,0.3445366295058841,0.3839667964249858,0.3206354569361419,0.2414553267446136,3
195,1.3758112852976065,-2.0373427373160453,-1.4023428376737277,0.38423517203568736,0.42741944611252913,-1.4047707090765755,-0.7532451766670252,1.378074907031051,-1.4048429188919769,0.5241258478793992,0.9365573759554761,-0.7672995120526833,-0.44136058822223556,-0.8881355290135313,-0.7424476836934466,-1.225639202691978,0.39867920696814574,-0.46787604770195035,-0.28161955940957495,0.06679018596044362,0.0635292370847349,-0.04040643920985948,-0.6967625415395361,0.07500580897322817,0.4264748964540904,2
196,4.270756085723447,3.836517132072659,1.367969405657566,0.8799463989772689,0.2912059290277702,0.7800219764578333,1.0161365188683247,-0.09832264189973783,-0.6484153730617814,2.3866337834367037,-0.05381321851970311,1.3666603700075401,-1.7632611429565745,-0.12995188846038186,1.8624498389416382,0.13847153054690242,0.3715865291052949,-0.530871497412309,-0.3444077058049184,0.4937691907073358,0.30713098960154467,0.4017446096834926,-0.9939971901020435,0.8684464814320932,-0.1976017127869354,3
197,-11.617793218449188,-0.7390084007747846,-0.16566699108139304,0.6781957303256996,-1.8812160183655067,0.4982901009167082,-0.88496113936423,-0.16033292991533643,-0.4066841186923855,0.9759303663432731,2.0663245628533486,0.6031992036318172,-0.7330608974671484,0.7764114874610257,-0.169311098450023,0.9718516727406721,-0.829830528629677,0.3611161757018948,-2.0804650261099784,0.8454897841659441,0.757066605979968,-0.14182349407693656,-0.14758693367354242,-0.48185415764060446,0.6494361433335515,3
198,-6.728917145741646,-2.7707025002467702,3.1821281901150167,-0.12015527040954765,1.076908550912089,1.3740242055548797,-0.2848951756558402,-0.01696356559899259,0.824269714905947,1.08876235356901,-2.1952643420332034,0.7097745313743427,0.033061223106278126,-0.09759267083404133,0.5901559856339559,-0.6520280716169322,0.08141121438891719,-0.9799389156430727,0.8322460291558866,-0.193037744625093,0.5603616079862014,-0.32254557928516436,-0.5860797346571925,0.30469194221179363,0.12581007809173736,3
199,-2.977978697921703,4.348918389177369,1.500334651415497,-0.31110064151144856,0.9901128714603982,-0.6531832866936838,1.2365366424736326,-0.7682038841649249,-1.781681413409514,-0.7296329332212093,1.0951240398154576,0.16051692235532466,-1.565034330960169,-1.1760954875715275,1.0776204610154645,-1.0333762985719732,1.348125702596656,0.24830632322582336,-1.8704310715641865,-0.20912529853735123,-0.8901385780209438,1.3068071592525095,-0.4891562135796504,1.0343017250168556,-0.5139856342424447,4
200,4.340341059547745,2.9249492004405306,-0.7717028907419051,0.5122545089033266,-1.6310717083063886,1.4704847665087448,0.8928666969866255,0.29209760369487014,0.6754076663980442,0.025551386511432517,-0.4799175130353035,-1.391520275371999,-1.0605985890361211,1.4107287026260074,-0.861502408289886,-1.0054860216640913,0.4187137772239553,-0.3856623043763685,0.454000457256873,0.531656169393613,0.42790008146419756,-0.19105100889904375,0.5308792075438038,0.33721701658628167,0.3779861506066515,3
201,0.644823372243966,-2.0775647373615884,-2.4151018162993445,-0.8852676334036116,1.042923184669416,1.6495263526764323,0.3167529632757953,0.16692022475256474,-0.4663303955851772,0.5615671088406365,-0.4723638114671991,0.5141232429695939,0.008516475770081966,1.3580174348310075,-0.7468191835493789,-0.14128335097481015,0.16829219480010993,0.38828624467516093,0.06286644055475943,-0.5607982706186654,0.02376198840538357,-0.1881704828839515,-0.43120501936806965,-0.9652995045505811,-0.3738328838850369,3
202,-11.510063415111635,-2.4416425480285446,-3.0573436746663836,0.6012333991328274,0.6552197790044996,-0.7344322837751411,0.02863767031018849,-1.5039809793782575,-1.3360018306762624,0.2811946640224907,-1.0689527586810093,1.8795202731596397,-1.5943679452748853,0.5619140611330942,0.30054936359757045,-0.29804711727135436,-0.11393647063276924,-0.8881179328157893,0.61152000530817,-0.26435679030328907,0.1840592269258916,-0.15321981946784874,-0.4502292001982511,-0.03685990237181125,0.06134268662574169,3
203,-11.934896905958812,4.944489009497552,2.5955781096799946,0.353120611697324,2.0455892839489778,-0.2392283411068754,-0.7261021086795441,-2.893211955415519,0.06394733217828552,-1.338095657150129,0.5540250901846984,1.6355151635301373,1.508897126177125,0.8921158955147552,-0.8174752647210308,-0.4688606392955883,-0.22319247772613693,-0.7157051901412825,-0.2871824957430771,1.569234682315686,0.49201171002889865,0.9582894338734397,-0.5574419686885093,-0.5816424641784723,-0.39037014830631,4
204,-11.601401016535137,-2.3524296751100895,1.3229954622571996,-1.929035579411061,-0.20980620069188294,-1.4298384900600205,-1.5530770016904603,-1.0139720534293708,-1.5695378731001908,-1.119020338751727,-1.4362620903793062,-0.8107182389919922,-0.8272082339823594,1.5334943915221828,-0.9240364591297764,-0.6092645800030985,0.12476895360031226,-0.7197759971922864,-0.7754823274295544,-1.674585444940496,-0.452259356406962,0.09699790136406147,0.3351091969323617,0.1390629753998791,-0.16089057249059951,2
205,-0.6305485682686793,-2.0586239813802236,-1.2693438173515008,0.02669784205608483,-0.0819455604455378,-1.650674109464481,-1.735126334278067,-1.1423784259649095,-2.11507925432635,-0.37185055020173874,-0.12108192485866676,0.3898412532798692,-0.022801907613890116,-1.183712160579384,0.6439699373068511,0.3842230216501974,0.48404124245818947,-0.4497460264114612,0.008580611559807938,0.3271388360830213,0.12752488990052158,0.07665024601567105,0.38096355622733186,0.304666955600151,0.15877870832703475,2
206,-11.554476505608601,-3.0814945944235728,-1.3017318511458145,-2.8341083603393113,-1.5530485171954975,-0.7955793684475014,-0.30646575087260874,-0.4646619546031905,0.21220103781466104,-1.9260827382661576,-1.8123077436198172,-0.5960476742429495,1.1551713773974095,1.0845297654431643,0.23270518761044623,0.8387480894901183,-0.5754141685478773,0.046988551082651764,0.36457120084894656,-0.30109390313798756,0.22235254220101297,0.20760686889741076,0.15638491997814602,0.6099248546331385,-0.04479764537421099,3
207,-7.682644486876206,-3.0313164567576116,3.3606287721285986,1.1759535712150302,1.0208574782370377,0.370626630494316,-0.19148749453782132,-1.3468067662605645,-1.1098645213403242,-0.14253134679430024,1.8191439360555095,-1.021268372441314,-1.5047008215871078,1.1912313437262143,-0.8271007565029487,1.3093452182617291,-0.38334008849166135,-0.927255748530682,0.13348183637562938,0.07852732268582241,0.7828580979315556,-0.27426328659640387,-0.5901685473203537,0.5709484467641143,-0.07483856032569872,3
208,-11.690959093438629,0.9992893725152365,1.3324196507185457,-1.3453348407507408,-1.2152587907949561,0.6433262186660493,-2.091357512993599,2.042729484874569,0.916322186497867,-0.1554423624204006,0.9470506141126703,0.4315180631744213,-0.5078760956473927,1.4783345164912585,0.16430427476039522,0.90952838053752,0.18222923151225823,0.38916523723042307,0.4931618566696141,0.3714252303348273,0.2751286732551999,1.935685790941467,0.0013238923093794042,0.4641092238943688,0.08619934297681639,2
209,-11.463565139483219,-2.218864679476976,-1.8494560563885,1.3515635520903087,-1.1023265596971348,-1.0517271510954262,-1.343053655085132,1.2406905040201952,1.2804078601846616,1.674849109142528,1.3078712169719837,1.9927501139199664,0.375207629904736,1.6879749580830903,0.23050649467782525,0.16203330612724431,1.659431649519933,-1.3760668710585575,-0.9251833686425837,-1.1500746367195114,0.2990260694213118,0.2791652852169429,0.3022052188053376,0.2559231176387534,0.07767912222995285,2
210,2.0853303784724737,0.9406189764210753,0.6331348371744836,1.0598382723181108,-0.5917035585753603,0.4039007345791563,2.458681570956778,-1.621304620483243,-0.6855019670102722,0.1963491618661617,2.372258898401302,-1.1152272256596516,-1.283020058187079,-1.2703440820475969,0.9243547668101216,0.33524049417723134,0.014658703728621658,0.3730797409894464,-1.0444702387580829,-0.3112062157585893,0.7929657805926567,-0.14943416333476783,0.6219780621724667,0.09172422825810544,0.315371757257203,3
211,-5.149893505015486,6.304871062315289,2.7330357406558683,-0.2250278613940102,0.6608878445700201,-2.8409886010246685,-0.7546329495332103,0.5839646229778919,-0.7951155860866774,-1.3815150568938233,-0.420543840488943,-1.257986479242204,1.4731905026058616,-1.4909212574244872,0.3052845856805183,0.8565068840795376,0.680205262475031,-0.71141752671807,0.11512138251769422,0.4800067415113505,1.2315742085017765,0.060787773565073144,-0.21156532601814038,1.2753958746626162,-1.1413962255483723,2
212,1.2780862978834708,-1.7609178682666713,2.167483457813236,0.14619926478392786,-0.18190739593744554,-0.21341106423602918,-2.820505434570516,-0.6274005864821658,1.587074720092339,0.25425860076329787,1.644497881584509,0.7078920963384934,-2.287827262402592,0.8388136698656776,-0.6334285985854713,-0.39039356396458036,0.7292228098423323,-0.585860637544263,-0.033958909233291035,-0.17240383116794433,0.3404261856782296,-0.37436768622975225,-0.4920981548976976,0.04681819019866029,-0.0036620153214058926,2
213,-7.556839892253609,-3.0907639503366937,-1.0466524899770417,1.811137484341025,-0.39123640553487826,0.6367502760571049,-1.121949536745144,1.743457487509957,-1.5519503694889754,-2.073305392572624,-0.2543174110362427,-0.3584106029730876,0.692223318591092,-1.1697544015219967,-0.5113107010126323,-0.10537791795626417,-0.8293271887932534,0.1937332864150778,-0.5142372489373714,-0.35517160431774003,-0.14032970660437472,-0.07638954852272933,0.16699988881789246,0.44326219381748955,-0.02876847189405679,3
214,2.300715033395649,-2.2425201929431893,0.1075157706739267,-2.1299829445049605,3.011035459444596,0.9587285006649511,-0.17692988011235,0.5607765889305354,-0.9486802440049682,0.2779899950331556,0.8038447964438924,-0.7113452496366222,-1.1030484337070279,-0.9791268107883495,0.9832819100112223,0.2769282526425123,0.8844444836106944,0.7461788957697513,0.17610428533702827,0.5775180020054904,-0.1376134719091454,-0.12945866860146504,0.533241252310247,-0.8154841242876563,-0.6083404120280888,3
215,2.3785613972826685,-1.8783408548392093,-2.897933495622168,0.268955315301151,-0.684167883642257,0.2664183940705045,-1.5567915839450637,0.23558116823421504,1.1555847278806208,-0.9437673284057335,0.8827639363225347,0.8235565034910617,-1.6345498488074757,-0.4037376014282106,-1.0702291539453215,-0.6558253611538334,-0.6243428864822296,-0.025079607394114856,0.8733400012307935,0.20074971717167223,-0.3580518655402124,0.32725852422877894,0.2558709842723728,0.1806461402710282,-0.09575744944037194,4
216,-2.8011181930993736,-2.2608063131781058,2.1951495126926233,-0.3177932141615485,-0.7820634154334785,-0.37871231598693056,2.8226175457609965,-0.12799894312025573,-0.33225850044451644,-1.25878422829072,0.9396329561850657,0.7041019396216264,-0.8401042161007306,-1.515104130404244,0.34825070111153,0.8835269332082696,0.3233765698885489,0.42443610850864655,0.5433830074066677,-0.30341631462694163,0.282186397495905,-0.25034035457670745,0.9163344917153458,-0.3209380309233854,0.6414116058912753,3
217,2.3671698468935585,-1.8319954818214816,-2.9405366912125777,0.14694447541067124,-0.750142629881761,-0.1962797197004571,-1.4889071567861014,-0.933213672575836,-1.4050270997722758,-0.036638835108332435,-0.4762704248020262,0.9740825193986411,-0.11479964900879769,-1.7412168293605528,-0.8448692956635155,-1.315075338204248,0.3991834379968271,-0.400431709534359,-0.43158569722708195,0.10249603664544604,-0.2804179081381126,0.24107149710802298,0.11947068577659953,0.29824822393118,-0.23406247296768362,3
218,4.453815446526095,0.8430648519393129,-1.7748178047451948,-2.743834413917584,-1.6298980348881373,1.0027387339438296,2.271541095622232,0.7300441969110563,0.8763891256967438,1.8101987654932405,0.9479534195948522,0.2999901275567307,0.6000573274732401,0.7432900925298944,0.12382585085977293,-0.21834118485098464,-0.3863400908155943,0.10634171837753614,-0.9617090935836319,-0.20541052355671047,-0.6392537237839185,0.15151885178235633,0.13954383873923087,-0.18786971726073776,-0.8697904737859079,3
219,4.544867305431433,-2.5116378757885425,-1.238593929728015,0.7354037788896526,0.053021885479720754,0.6815452563867135,1.7537769225606414,-0.4938054986769982,0.0648738484049689,-0.6673184687471456,-0.06963337330275698,1.8142046796120659,-0.7263787385060136,-0.1626361019520688,-0.10105828502069514,0.9507910654042209,0.16232512008323718,0.516328134987039,-0.41460583662602923,-0.5910474307200255,-0.22679904709174858,-0.06599629910932442,-0.5724329583395459,0.08113272866806398,0.4741485280782366,3
220,1.2638606992736214,0.3550327708467891,-2.6002047790310883,1.1032458498451585,0.02109706220411478,1.3077599369274027,0.007990839180913145,1.186680159319201,1.2647563161403212,-0.26677967991364415,-0.3910238922098608,1.1313415805162443,0.47620622339717134,-1.6529176619183548,-0.11242724052208364,0.49214479428756563,1.0599995383889023,-0.33542753610855414,-1.188182649220145,-0.844552193594495,0.4032834098317466,0.08967888242285549,0.33999875508438254,0.06323819405106879,0.3264443798840495,3
221,2.1308146489118265,0.13393178655588,1.8908257556160957,0.7420881022028776,-2.4715296774543267,1.747241509310069,-0.7501614761788091,0.9360865684750417,0.3231787439285787,0.06787264801259452,1.8111765527586798,0.9704340749032827,-0.8271394406093551,-2.216530636076473,0.5659399398597184,-1.0276948745735952,-0.5858153329491755,0.9669959316473076,-0.1454169917535877,-1.7027951273819981,1.5479611076065294,0.7526477294265231,0.41694757791596565,-0.023966444980323187,0.3375874266132459,2
222,4.446105729093889,-1.388227073855584,3.922278431039328,1.0209543039304338,0.46855260031293056,-0.9421139813163804,-0.6861096321774345,1.4359535855684946,0.7622655296093273,0.14572584358482232,-1.0783322752439426,0.8710582847018129,0.7263418385853093,0.04334563225450094,0.09383809635606799,0.3515023553596506,0.46627530626541525,-0.5297183943790289,-1.8410448429448554,-0.39647035592391916,0.15053484857985477,-0.5094312738646637,-0.4564770942747121,-0.10412700978802258,0.42562011672181477,2
223,-7.887244374730833,4.534324776186457,1.1210211667272858,1.099731849516243,-0.9641578605119521,-1.3064193288658452,0.26751804663078405,0.38953123889722385,0.9741717819061777,1.1756245086102997,1.8819583629473544,0.7895398200241273,-0.35612613953065386,0.7134824811064981,1.1027039617362688,-0.38029942665919525,0.015998636032984015,0.10977712519591742,0.2883709309598057,0.43237708128485175,0.5673138999476046,1.2689693050770876,0.09027311683240896,0.6641211091909235,-0.10897317023703637,2
224,4.4808715398084455,-2.3711438416910013,1.8603014986470738,-0.8537830991063746,-0.4178844458779383,0.7519504934224721,-0.010401678545093329,-0.39676156943269847,0.028875281399740604,0.1593048876431944,-1.1658105844863307,0.30100658145261683,0.8129534184921541,0.4379066232129063,-0.03828896664997283,-1.4608724089835268,0.24929061794579344,-0.5650195593260046,0.4287559771294447,0.5036769874174836,-0.7429685564685263,0.10089084054731356,0.2694724450698874,-0.18320735965825552,-0.5084336902513953,3
225,2.161164211550025,1.1572673095405372,0.04909604409618362,1.1389308613765334,1.315808175576824,1.1225653258133543,-2.8142058711939426,-2.071857637708699,2.1435761444434487,-1.4265558568543746,-0.7372102659203745,-0.9710893328946295,1.2283504543021673,0.5094045452248381,-0.4725498979681083,-1.2909160209184998,0.23506068630612464,0.2886987569755495,0.7781802657697083,0.714880062956784,0.15885063694294166,-0.7549960776699445,-0.21871535106650575,-0.39037661833599213,0.6104667766166999,4
226,-6.665072809794495,-2.93736964789488,1.1317021664932236,-0.09930065283432343,0.5425165533205318,-0.4462129236272303,0.880322730986459,-1.4033624740043478,-0.18108695378754103,0.38182437335345165,0.6572809086032985,0.04713360715109127,1.2444331607756358,0.6453622979600382,-0.5899287388015535,-0.924758107344707,-0.48483435554618537,-0.27380341311788525,1.3871582750566835,-0.6351127642719833,-0.17783842758394053,0.07652370294093144,-0.5085296919624142,0.03155503949976435,0.36539792055827647,3
227,-2.566608648199148,0.4808884502989743,3.8147595904078937,-0.43021113124854704,-0.6231111014280528,-0.8027478049560521,0.27578811775968104,2.720812507738125,-2.347579685947358,-0.2153976602844319,0.7332191031788051,-0.4715686650768127,-0.830602823060838,0.3885145130024825,0.6094337752946081,0.6267481513640907,-0.1798242528014402,0.4747861852906947,-0.02420089851312701,0.17206595636441957,0.06358946399686527,-0.026568058862739552,0.562088391169822,0.1725086006601434,0.22285676976742078,2
228,4.276027085231872,4.572632943813723,-1.7014811062310768,-1.1303545349293551,0.09599482838769857,0.9572795022657679,1.7030165929434604,0.0928579065084647,-1.358635898461689,-1.6606392360495081,-0.34133689883517326,0.6106648882758909,-0.2515807349162118,-0.7413931920967793,0.06671554344540631,0.04452141364050721,-0.06556939326275546,0.5563892890155051,0.4730414248245278,-0.022775980713480637,-0.3396537236968863,0.07383105454645544,0.2778653722702639,0.5723846006900456,0.1822144006612965,3
229,-7.857388725677224,4.235878405366317,2.5949841093927297,1.4333794093864074,-0.10430184657921482,-0.9059791303643001,-0.40619876892579887,2.30346611122635,-0.7706587308112871,1.9615878768517865,1.2536804882243044,-0.40051177861611675,-0.10950582501450823,0.637815257396523,-1.9671545815622622,-0.560537067414804,0.39418709425978005,0.2575252425177763,0.5048644592214067,-0.5573036319850734,0.7417874624771351,0.6929969583266384,-0.27356539175049377,1.0962404788535656,-1.1000585467481907,2
230,2.086965411919534,-1.3262295294385589,4.752163945570292,-0.054291529722256815,0.19174467482471003,1.1395982793017283,-0.40892503571075967,-1.2086724595750056,-0.6872376560711952,-0.5113978348259786,-0.8681542720664566,-0.5038774064165532,-0.923324486446051,-1.277695154664657,-0.35049115274100334,-0.4828380424587968,1.6272236422874413,0.15219761250969555,0.8017572065564984,0.33236991229615975,0.1822782266136897,-0.4172486688897743,-0.21956818471423029,1.4824417265002232,-0.8477944829178453,3
231,-0.963248558705283,6.204123737726974,-1.0885186184536377,0.7728741610091237,0.9211770853101735,-0.7280610208228548,-0.2343561529898781,-0.3963128224489325,0.34399425912062087,-0.749027876518672,-0.4503678145907013,-0.06074995556572049,0.506965408973802,-0.5720416555462229,-1.0682748357427745,0.06693530752580301,-0.2765798047762884,-0.004935615600091037,-0.9148589060799008,-1.3543118126155205,-0.2288796921734949,0.6441872633861407,0.17110686857724083,0.262386122677995,0.12155331770453462,3
232,-6.674739166275936,-0.9351071525281904,1.854380213459572,1.5406248286863815,-0.40319299562652866,0.8745631605600179,-2.8371091540451485,-0.9025450573898222,0.3411078118993198,0.3482931327585028,0.9757657372402793,0.21061651642841683,0.29992452448918483,1.097991451572895,-1.9651771717231452,-0.02531555462213908,0.23921511672471807,0.4909888022507847,-1.0786665922125267,-0.6154857330733944,0.44469716389561775,0.15742352945462584,0.6891583622993724,-0.35857197783526196,0.35533481814863777,3
233,0.6600846210238007,-2.911758162124226,-1.404582804074879,1.3032169200713315,0.5756041788107702,0.978043170986989,-0.23444247025921694,-0.6607247051928655,0.00827670859073626,1.996087665602459,-0.3211694546037587,-0.12349848785032091,-1.594087523750104,2.0601182891345853,0.8031155092538366,0.10410239168147095,-0.15809445705689584,1.3763503588159107,-0.5527359197786414,-0.6428604521415447,-0.029044727806062598,-0.11767801826632918,0.4772253593367592,0.09180684420749907,0.18360570574449434,3
234,2.373818953276581,-2.959776789818412,-1.4302178031980661,1.3337417086514978,-0.0607098199102406,-0.8744137646763619,-1.519607644828479,-1.1705797858450206,-1.9407185209237034,-0.9056075601234863,0.4487145322891075,-0.7007623986113691,0.2523427808824297,-1.418477393118643,-0.20722489784693576,0.9335326063867688,-1.0228241704885184,-1.3674091018666825,0.11735966843321499,-0.3080097486505708,0.04566734602141276,0.002102690997309864,0.4610142374339508,0.21520210558513153,0.24127497227866138,3
235,4.524200617393335,-1.5702804489224986,-1.1329995325025046,-0.7607600142835325,0.27200140470778056,1.1265596506698068,1.9133840907582025,1.6201007134470995,0.17423465693155693,0.10692227425664713,-0.37590407661137637,-0.6055686602607013,-0.4141435430546785,0.5266078895794535,-1.2534915590714704,-0.7148190233203611,-0.21000813354960557,0.5172398149055066,-0.38758406195404227,-0.08109992343130357,-0.28458385379364726,0.06405516218765472,0.05152947922394663,0.7012698382214121,0.04406315998674673,3
236,4.199588641053198,3.9487869680519596,2.5981068707067188,-2.186992993539249,-0.5010334250724845,1.2032076093631976,0.9479454727086729,-1.1628393272724071,-0.30437568601523646,0.04299453804002318,0.21605205265107752,0.6961471142527884,-0.35591689701420615,0.30636482644251806,0.8639735554182607,0.47660001610221725,0.5652459405498234,-0.47932826532557415,0.21133217351694622,0.12462953204286298,0.46750521992398175,0.8463559722260183,0.3668452476736637,0.41294750761954535,0.23131594268971226,3
237,2.252794579943755,-0.6104189809562044,-1.5906240141309398,1.0488439208168843,0.3470025695110106,-0.6066750955458056,2.0878606266331667,0.42369271978084466,0.5843896119566043,0.8388822297081121,0.14785732743857039,-1.4798880675713266,0.8822426697207213,-0.6087756732991974,-0.761913236499,0.10928156955332691,-0.25390506070603736,-0.20101901957403667,0.026628789258820174,-1.0774762937009221,-0.2708624046357361,0.3184866469753809,0.144341891656739,0.3994536032609234,0.09442600825131245,3
238,1.3045018067621772,-2.6885563795287015,-0.7391194797125805,0.6126180241532837,0.9928254928792299,-0.9347227831596479,1.1545412636922814,0.053505382596668705,1.4934522649777389,-0.6406539759487968,-0.9384219662229931,0.2801438700676604,0.25503573849729944,-0.9612624449775369,-0.5189976002007649,-0.9361730224898963,-0.5426881240271821,-0.10758414591213761,0.09726402036031834,-0.2504424911046667,0.9902660802345409,0.6478483993872941,-0.7708424118879298,0.08049928422187658,0.4428095504932318,3
239,-0.8032492288031428,1.4752519214714122,-1.4206755480034634,0.5570386978790762,-1.423273772198885,2.112820343880587,-1.483153841674106,-1.1844500307735726,0.49723765827299493,-0.41165040625088006,0.41280531592844794,-0.9524822495506032,-2.06765907726766,0.45245419305597956,-0.4735546995121567,-0.2928923152148286,0.8237471211280085,-1.1955396964104752,-0.10525885577925731,0.887755261857534,0.47180331125059694,-0.2515597847140535,0.6277010877488225,0.2307172709343729,0.43008159331406637,3
240,-6.600172854678607,-2.202490650360867,0.0874507027621636,0.5956608041908864,0.5544074880355845,-0.08449070862411379,-0.8974424355436788,1.4613617596891335,-1.1125478052905444,-0.6357873721532521,0.07907890564345832,-1.6752129404590403,0.43483104260774663,0.25206879663912063,0.3365147394217787,0.6884024786307865,-0.11363910063463645,-0.9645654464847535,0.43102192735183653,0.05648576003788808,0.5430227002303403,1.1214093843929613,0.035782796178292775,-0.04764200177036493,-0.6583739218787023,2
241,1.3313448893535629,-1.806816730198935,-2.2295628214838312,0.872121941927603,0.47756859635773585,0.07627791056394129,0.5840980241992124,1.0264676307499592,0.7377236675352812,-0.6483825399145177,-0.8017676748107883,0.812586454746612,0.011311370213677563,-1.494861128514286,-1.2958670914390311,-0.774538757835228,0.5021835692463466,-0.42032394759907943,-0.24967972941669525,0.1494020641551056,-0.08799637960529194,-0.053232638873735916,0.16830539208715517,-0.18210592239214007,-0.5441481312598412,3
242,-0.5639338292586711,-2.1689476879017198,-3.6139680814298627,0.16637582885846047,0.6429577713252848,-0.9886846359550592,0.9032936586131664,1.2120418737604597,-0.1052754550785644,0.011002612838530101,0.3718291052126902,-1.3306991330215339,-0.04149857065557705,0.10601826024579508,-0.9327460812262898,-0.27461532925192667,0.8294858867568089,0.47177620989759994,-0.4291007819073933,-1.4116329289570715,-0.000261620252040462,0.28056090426394414,0.1484935337053636,0.03886275875805956,-0.13627981911133386,3
243,4.592629774794743,-2.435108546601361,-0.7554522484778733,-0.7869699756661892,-2.2373216092223966,-0.6804489423019926,-1.0525602103008391,-1.8595774713341462,-0.8877694320581688,0.42647375070999005,0.18064891669701444,1.2194372391206127,0.17971355019818924,0.7858438647662958,-0.42186469008970406,-0.12921607902318444,-0.2478414045598054,0.2395287040385301,0.32476472302553816,0.2834229721578433,-0.3266839829844298,-0.18171147132562476,-0.6342826154496821,-0.507018432029534,-0.7812036233456182,3
244,-0.7007630606256416,0.28863504457268707,-2.2775146721702173,1.270851694656392,-0.6013435663334693,1.425505464708562,-0.7057667954528442,-0.6797874146395493,-0.00953287362311439,2.647383870267776,-0.20033661982919648,0.3473552563873188,-1.8227226838848845,-0.2725191648348466,-0.34934635480312326,0.9553868076500782,-0.11499546658856352,0.34557341353589077,-0.352910579041509,0.49666509066144715,-0.176503323666107,-0.0849231335410105,0.4180672003154719,-0.3450865250158479,-0.5864500125944297,3
245,-0.6333098362445533,-1.9323254109565475,-1.7600189467775658,0.03757464112668796,0.4594769773477103,-0.4771890682963553,-0.08441561881055204,0.2297691228538239,1.0133972291853164,0.9730695279385017,-0.5632819859860352,-0.5082413276231847,-0.7045609525896139,0.15687677507001108,0.7971763031320681,0.23077345456620058,-0.1377482137672834,-0.16334775556676773,-0.2798736525735539,-1.018815978831907,-0.13994252623587078,0.10443573390131547,0.3234721136890311,0.043779512650963026,-0.11503916211122564,3
246,-7.827856222161605,3.8485685432992236,-0.9972832026795755,0.20262779026180455,1.2016554174505758,0.7078666460155776,-0.6385464613709009,1.0791961729028134,0.1835783166810625,-1.0185023370197936,-1.0873076541860287,-1.0910619798209988,-1.2705998740287452,0.8230286974035703,-0.5697392852459817,-0.9318629429884917,0.2978584828368205,-0.3608403856172595,0.2197402390407901,0.8215340469896457,-0.2792409537714804,-0.4483207526973144,-0.6675749525219388,0.39322216852331093,0.25333955261850816,3
247,1.3139227538129852,-1.8949640346691845,-1.4966026262261054,0.691662168661415,1.431010558899729,-0.021025530809643644,0.8491489953059692,-0.02603282974581056,0.6398209170477012,0.9184270603821664,-0.370033896201416,0.2831860444769019,-0.47778017874423306,-0.7462430459503144,0.717353302624714,0.53864506010816,0.9419959496275485,-0.5477310992271587,0.38503195233610743,0.06318334340234633,0.20295537541982345,-0.16208843763746172,0.3413402464583916,0.4143237631036615,0.08956646311000552,3
248,4.545038301120146,-1.7769595072671789,-0.16832340555633962,1.4961794549232343,0.3393827373593121,0.227897953676782,-0.8541206871356484,-0.8940159304642733,-1.6543630295799998,-0.4988225339797435,1.2785913088987428,-0.5936293126882903,-0.552853442020121,0.7209698170658592,0.9368773328438983,0.4849585659131894,-0.8945480558353706,-0.11585555655972124,0.24148091747278277,-0.2012741437616351,-0.28934622719199876,0.3614295400429397,-0.5746815741858458,0.13987553737555314,0.49301697069048134,2
249,-4.782738402713443,-1.949004149451507,-0.787625983559025,-1.6933446912376167,-0.2142422955026818,-0.038863740723998674,-1.4242196615127896,-0.7522253738959903,1.0856626095240447,0.8038371401477037,-0.3078292779015088,-0.8957223424490867,1.6467144422556208,-0.2923427252300683,0.5763048889668742,-0.443852037755295,-1.5065395801794892,-0.8465977538323646,0.5298043556775593,-0.48692037106726527,0.0022237415744001954,0.2052488676622629,0.40742144391522034,0.23588529620637433,0.3194070961030909,2
250,4.44311449913196,-1.8225634257459176,2.3721639815953486,0.48393671402539207,1.8681314385564678,-1.0051660131036393,0.5918049281514639,-1.8982417432960383,-1.3913836322252753,-1.1345866657157737,-0.8772050293560758,-0.40268310013946085,-2.4642006497884266,1.0408441918246254,0.16571215863194388,0.7717334616108604,-0.8137859871624709,-1.4249858541566844,0.6954387407556086,-1.0637465599421385,-0.4438837752139736,-0.4662467408575015,-0.22480300583300517,-0.06867452525601991,0.3228408453387116,2
251,-9.943433051346316,5.945516070821949,3.275133014781459,0.08768265867264446,1.103395326176327,-0.974754765076858,-1.8380073477161036,0.5668550299011024,0.18178098808516197,0.6220328974668824,0.806151948553677,0.26338598756157827,0.8987976433262834,1.2097402720514747,-1.0831802382996958,0.1910329579719663,-0.5125887927290351,-0.25489736142982133,0.136251918952901,-1.078694428562876,0.17815370392077334,-1.1001887325695632,-0.49368720736166194,0.4341893348361431,-0.1507238996283936,2
252,4.395571260548392,-2.078434050266463,3.7744189411720646,0.703358521336082,-0.6846619022979861,-0.5142734801772573,1.1389429809698113,-1.2162464782660518,-0.8615663428849611,-1.165455972349593,-1.5426765916741976,0.762903418559091,-0.6186960578840424,-0.47423381661992514,-0.6846856683683278,-0.3097995780335445,-0.5857626779850391,-0.06353122899617869,-0.1783705985442754,-1.080100903448811,-0.6557315059182561,-0.8061845471617093,1.3426206247367034,-1.733319728918377,0.09122902698881555,3
253,4.310079032190048,4.551862415714837,0.05425524204985366,-1.3971062870857023,-0.13246178235892558,-1.3572693082161156,0.4785662409384872,0.6488700935484044,-0.06521818733597762,0.22751015977676048,-0.0657375371579847,2.081359264827824,-0.2282495352224989,-0.08046583256982953,-0.22517571690434213,0.1991630410456433,0.5327467082060231,0.8565381642494305,-0.22150799385545872,0.9111341114482063,-0.6641126401165603,-0.24226062603946874,0.3251099942467263,0.40145810492405254,-0.030749974938536123,4
254,-0.8984141259767799,4.8515944972450615,-2.0633115364044308,-0.574428464333796,2.2024794987880236,-0.3847656877662793,-0.5131906256537029,-0.26615143514996364,2.144408397310971,-2.4674440562599225,0.17238505054096553,0.6393888731279094,-0.5010082106998726,0.2952637832537621,0.013913512808766626,0.11024051345529284,0.571035717449345,0.44518022787566736,0.9528833765055249,0.18777800524679578,0.06885205488476931,0.1071322294227853,0.3797867437009996,0.26382981301563035,0.2073768863095912,4
255,2.385117325181392,-1.9288705111791276,-2.947476957218571,1.2997888996995157,0.5423179468743227,-0.34250023750084146,1.1868087682518587,1.2377097103111687,0.4796453913048797,1.1713263542933219,0.884250732501573,-1.9188586401412342,-1.1259202633359031,0.17665424045973066,-0.4332046416342219,1.2438915534236905,-0.3697246981586706,-0.3212086347725127,0.5422202298859946,-0.34823499228647026,-0.2926071185474053,0.11995948765747808,-0.6213599417911012,-0.7612122607719869,-0.5146055557554751,3
256,2.3351106246522253,-1.9040425016731086,0.00040738365865267134,0.4977565673788953,-0.01779744773419678,0.47167616764927134,-3.011947212888881,-0.2529550281213787,0.5266185077921146,0.10509729764219711,0.9927500852693069,0.29960669690760033,2.1508695636449424,-0.7139583463642468,-0.5994902398631167,1.035126421137336,-0.15261154270157928,1.0740871763861586,0.6615154927392584,0.09710427395168497,-0.10064660562624872,0.11919589397663949,0.5889651295556304,-0.25511052259900435,0.3369150289853765,3
257,4.51446755526335,-1.6723599132371427,0.31568773041661213,-0.8047902124915614,0.15363828337655105,0.9899495564889773,-0.6328015697376652,-1.254865680147728,-0.7244136639943592,0.2668886381309945,0.45954617195072733,0.07520807820994246,0.09677055972132931,1.0087526719167776,0.4398916960624587,0.46694724869188287,0.5640692967583063,-0.43750894722293987,0.3026062400037426,0.10203126144198083,0.4722124865939317,-0.3568112834937527,0.21183978610075432,0.8851803062692288,-0.2524319268598301,3
258,1.2162960248957368,0.5996288309950746,-1.3391689280996661,0.5542396764687036,-1.1713632971311916,0.5080195688601892,0.6653683686999923,0.7690806650422521,1.6313827744907332,-0.15605567944102144,0.026038491530880448,-2.737185230594548,-1.0037184464461895,0.5479355778911035,-0.3164109479143582,0.779611624081852,-0.48019573567619567,-1.3963686599212841,-0.20137859134246994,-1.0334653797995452,0.9554958059111889,0.03137645210487894,-0.36627634372786805,-0.9006504362542596,0.09054670066672052,3
259,-6.754562523769598,-0.7972401234054476,1.415835572814964,0.7796681538517061,0.6995918980728586,-0.0530126990164157,0.1641754985157471,-0.6146202987465301,-0.8619662181844463,-0.7654412295229658,-0.08307093096675988,1.3735295760140538,-0.0767745563339961,-0.8567083677059746,0.9069162319774268,-1.802211179645695,1.3057952548322107,0.03516210952197385,0.5826024394000862,0.8655644000016045,0.2689813373064452,0.48653990718993245,0.38566481226781596,0.20559191134506483,0.20018053398483357,3
260,-7.664927898950069,-2.960770228050998,2.2646971613526414,-0.40932747821182813,1.1480341601251702,-1.5757267795824272,0.961387588964504,-1.2608990112674963,0.5286101118216666,-0.24056871909660202,1.51525796572185,0.7503222475862299,1.7369502420599927,0.6727398868802259,0.3106624714440258,-0.4429749584346796,0.7042541866894827,-0.6225739436144524,-0.41169822956267166,-0.1653606787236867,0.5580012671273579,-0.01060031600922784,0.3855586320342897,0.27836978731917117,-0.0671119550457207,4
261,-0.6797699455321116,-1.9042748331533852,-1.5522079967152913,-2.919151243922562,0.6109060372723019,1.931232675313201,-0.3455754677240721,0.259643183799249,0.2946643851873154,1.02830566614006,-1.2078996563837532,0.22631612492996878,0.4488274237113412,-0.9539618489358431,1.2117766712164415,-0.17497764503469293,1.374694372834421,0.048123128846901064,-1.0066746718489747,0.15201309895019388,-0.31082284589479914,-0.13877905545998648,0.24657777178855406,0.2639932326494071,0.2085688088693605,3
262,4.323873727956803,5.406853016990846,-0.6842939421749487,-0.5195127389517169,-0.5070397687035998,-0.3934901308521166,-1.8688483000899656,0.48468992547049217,-1.2992106737148983,0.32424039224903445,-0.7971497089783031,-0.6065273445374404,0.3512786682396771,0.6723954321195034,0.45279482187025055,-0.5264417717830707,-0.16768230339341827,-2.008158333535282,-0.16664082760997778,0.33799600475793323,-0.7442500844872874,-0.0038841707221071164,-0.6043209165297404,0.13173198614764536,0.17677567512700995,2
263,0.6316403690179406,-1.808971474271652,-2.904147995905009,0.977930573538774,0.0030304426309487598,-1.7090863741479132,2.033146610319884,-0.1771871301925374,-1.4489311251903818,-0.2520936259819314,0.11792205092647734,0.13558753968993864,0.12570893171524,0.711171895164957,-0.7458810199975984,-1.0858069347638661,-0.260013391081962,0.5338397446438838,-1.4520040737620834,-0.524377258807868,-0.06350204980001439,0.08591322089504627,-0.8091842002378322,0.18705864759560564,0.31355438615579123,3
264,-3.004959750812338,2.356124617236574,2.3285462477049386,-2.001879757581145,-2.7085232285206464,-0.4938065784633241,2.72058353981601,-0.39039639994713926,0.6962129456208981,-0.11997459425102408,-0.6203733629679968,-0.6328752536897522,0.8782477721250488,-0.9959151661687505,1.2550930038816803,-1.8351401090019366,0.22199451257000202,0.2661293964294531,0.8545474180473929,-0.02076779287501196,0.9343569936005998,-0.22762347946153016,-0.5742766793246501,0.2303166708736214,0.28142271444097844,3
265,2.314373506627037,-2.122212302776177,0.43612533426520095,0.28799915383009234,1.575246161455912,0.48042888556081476,-1.3710614044946843,-0.23607732724512354,-1.7005003662169644,0.6331015597071817,0.673843578621063,-1.3292046436353429,-0.49337792219042864,-0.7477273010636236,-1.4079586005531222,1.4446813408998649,-0.1780572255199171,0.36682783819237486,-0.14714312853010458,0.5798937685256291,-0.1353977491199655,-0.28513998955891284,-0.24806706800161946,-0.44705524156149107,0.6501046919241883,3
266,1.3715423224463095,-2.0305376224884957,-3.2155471588726483,0.6583135531989135,0.5085802092450129,-0.9249564836339041,0.6197360933839446,-1.4880351811133443,0.6788219895622829,-1.1667735817200287,2.883089357841645,1.371711112528581,-0.851071301306156,-0.11746238781906837,-0.47174783330842096,0.32679888634434806,0.4310308862482026,0.39433140420345403,1.0299741891726635,-0.0685489279082575,-0.08588276715591037,0.29025527665238515,0.3262956821103377,0.3218393972182595,0.14483363549992148,4
267,2.2200800021537344,1.4490873921078506,-1.5655099634608982,0.5510959788515293,-1.197993221972958,-0.238535921576438,-1.5750077883269717,0.1450403322371503,0.5658671222656104,-0.3711818237807532,0.6500992676935219,-0.5472603466484245,1.0020157380903196,-0.9577563775565869,0.34530983799097736,0.9171996899694141,-1.013461091865973,-0.3027947317009283,-0.3310719368075097,0.45468673761060474,-0.27976848668066523,0.004942960258605911,-0.5823397070327214,-0.6610038008291591,-0.2277163969046219,3
268,-6.721271068861604,-2.041658464939684,2.5662619347695133,0.9343271953103414,2.1819062335536152,0.9033122107471114,-0.08283921310855336,0.08686478285284549,-0.49253707675262914,0.4873435468432049,-0.9257034088690954,0.11924948112567368,0.8997904002550503,-0.5249207670914501,0.2646106250832825,0.7816382169786706,-0.292277718363005,-1.0689585867342069,0.029981793500916343,0.037260711032673144,0.24291746992312574,-0.9171987215349902,-0.28352976746331393,-0.001142953536725222,0.30531303896807815,3
269,2.3019163724295293,-1.446741899806144,-0.8462426753766357,1.013388185035295,-0.5815107858134966,-0.49184458699130307,0.8299006624692731,-0.552543788658779,1.614402427005043,2.615967606564945,0.27300645701836324,-0.5288760940927806,0.07413101230025276,0.1574546796588776,-0.973613811872482,0.4116653213466537,-0.280741341157545,-0.08005422333403311,-0.29476844269338476,0.8433915372601137,-0.25328337885364705,0.445034000376561,0.17630468695704543,-0.28480913608749575,-0.9892368863481111,3
270,1.9839804808143455,1.0358514205931648,3.6157451527281355,0.10088176156651363,-0.27482905861566664,1.4364854849301048,1.6719748171737683,-0.9754876992353776,-0.3462110187437899,-0.4785783865176781,1.2680891264286145,-0.8543382402951677,-1.1449486994729763,-1.4781812627886606,0.44960868298408496,-1.5318429985265927,0.027667549124742452,0.3341083878382296,0.7797736984429937,0.0890476169763682,-0.05800895559888375,-0.24636399480249638,-0.24715768476296618,-0.24053185016989953,0.7045433135526982,3
271,2.4070348788218876,-2.8576783724697874,-3.0031990303493687,1.0124849815836394,0.22776850818561045,1.2239556193282932,-0.031509546568231794,-0.059516800701306494,0.11275917716054495,1.8011696020424184,-0.9446640454239945,0.6928651492216122,-0.34081814074121075,-1.0559359284406817,-0.5007272310230588,0.5657132086787602,1.2059941529127607,-0.5137707582068818,-0.00464218048609899,-0.7445974948816187,0.05218440581445405,0.07554545133613405,0.32628053579773525,-0.606568626976531,-0.7987377665978466,3
272,-2.796337111955747,5.714091684199767,2.05104913447213,-0.9612393183715588,-0.8565409539909399,0.6043086998793705,0.03699604385513622,-2.2373493956130828,-1.8688085381276673,-1.9129347341711918,1.0261156759637255,0.9473771797113448,1.1019489696089924,0.5244173267077508,1.0134576816737377,0.3506529682540547,0.09380859907980388,0.4695374267296355,0.34337139156339935,-0.27969884548226953,0.43473812191906774,-1.53991916525215,0.2897553997821341,-0.5894895062454649,0.6763009776895367,4
273,1.262666358321459,-0.46872426626051045,-2.315026055798509,0.9758821759011433,-0.38158576214873896,0.1822610044979731,1.635573084985384,0.15057184311995364,1.961878290560711,0.28422405172701604,-0.3316801946218624,-0.6960259691569173,-0.5493803689441388,-0.18354224972929511,-0.6105506210902896,-0.30037084394277236,1.026443989415565,-1.3163639134902025,-1.9003496437956466,-0.20766171325483557,0.06998777793920119,0.052870435210086386,0.25784279584998354,0.3234112933400083,0.3251611831548209,3
274,-4.735847790816003,-2.039472242442616,-0.9861385866725936,-3.5261635217474527,-0.7143202322735238,-1.0798694256871801,-1.0818818383582922,1.6480559776683017,0.37964764345340907,0.9030466643849501,-0.07672182809227768,-1.443669204613503,1.8627532945515055,-0.5969516473931111,0.7210818600059802,0.48786166611974435,0.08116483259898977,0.146643789339302,0.06806137900109333,0.19099195916170975,-0.26505797716317925,0.12169698878878962,0.27314992799034293,0.1942675532708611,0.22756780773211702,2
275,4.295548556280474,5.374827005408747,-1.2029615439971004,0.4990904467453139,0.2953570618901862,-0.9398277419912469,-0.24144746113011095,-1.3419319076252378,1.4773786906479707,-1.3174414822401719,-0.19686734206308754,1.2983942647142719,-1.177289768833575,1.7670007531132232,-1.4049901216621798,-0.37837320862178103,0.1276731359870229,0.4062426422466565,0.9274860055452332,0.18621174850752198,-0.45389320948524625,0.12011113004106103,0.4522184128125271,0.38577652933676354,0.26485400585819796,3
276,4.419950741196194,2.679449614379207,-2.066319996198242,0.09765027415068994,-1.420948171191051,-0.5047398164478119,0.552566572946203,0.9596723073879039,-0.07640636767337972,0.04643661165463131,-1.2414433983694402,1.1632997382950032,0.7967786221162747,-0.415626217800121,0.2519990109902972,0.6657547165247122,0.26252756245907616,0.47634145863195343,-0.6572569505846955,-0.508633339165113,-0.38633639621827676,0.24944660119108353,0.19130694806132537,0.3447921816320504,0.10999384574675383,3
277,2.110233146922031,-0.11172651900716701,0.3491359190812273,-0.3119116870454657,-0.9120181037781506,0.6574690589056416,2.1648921881017227,-1.4080405676478502,0.5315684403637224,-1.2541348476427334,1.4823897294606445,1.5841371738659213,-0.9499140903154243,-2.025148770712897,1.5912636655529622,0.14382554189292995,0.4879694268330881,0.47243236031196467,-0.2897207043250294,-0.8871046450698863,-0.681829412582179,0.06978944670024517,-0.7663561175662317,0.22938805085318792,0.2501194695040322,4
278,1.966116560245247,3.011845653322059,1.2332152495190998,0.9288273517680303,-1.1620935346670451,1.1736566284177088,1.6721437144244282,-2.1882209788942006,-1.2132630247403782,-0.9390738821713949,-1.4017996577816845,-1.6574282442881745,-1.377385110809207,-1.4828929716880583,-0.35160160133832385,0.7576153109515436,0.6307629747368897,0.6006270891258154,0.7071620338167168,-0.5443450931891132,0.23081049906699008,-0.1677816907165362,0.5741172787996578,0.20387206225129206,0.2411055641175244,3
279,4.408008005960598,0.6680191175301662,1.3440788833831412,0.6504288095888389,-0.29513622727561817,-1.9027589513542391,0.4870078517626153,-0.5200812851849127,1.4295414801262325,-0.803838769030244,-1.0932634638827305,0.39191610820614553,1.0383622631216967,1.0257405389889644,0.21424954377926886,0.8482960656318235,0.31249885931629473,0.20773474391541136,0.3442240358297415,0.18313914880804083,0.23257477279888106,-0.028374197221862796,0.7269587220949865,-0.8128420019403666,-0.21482497191069366,3
280,-0.62553745353088,-2.029973502395471,-3.14750267286688,0.9283566632654146,0.5347548086067373,-0.5349029114654273,0.4143424867193075,-2.426706661073567,0.01307062769309475,0.5341654309751113,-0.5611781334581551,-1.5696933711761578,-0.33602668035977423,0.8175130007548939,0.062051105259254946,0.8528753961673292,-0.9654551162700269,-0.7240718095887364,0.8161518397007157,-1.0721183684227737,0.04064093311021888,-0.014041538308204149,-0.5055622120562027,-0.07698479794087809,0.13157752328114722,3
281,4.540340827511505,-1.5962882680683088,0.3045912941233082,0.35519607284067156,-0.6437855737919154,0.3709453467908621,-1.1015015772927996,-1.214170067976779,-0.2214533224279056,0.5707658220106325,-0.8913556128985152,-0.969699078809477,-0.8347045245264378,1.7777912317799935,-0.9285946400600467,0.9505833760620881,-0.4847844721453114,0.08043941802881749,-0.3737472809987443,-0.5685423612293218,0.6506305465779604,1.1131027921985086,-0.8547698479960757,0.20920836206474303,0.264591075373372,3
282,-0.6920112232160456,-1.8272936356648437,0.36493354834072433,0.7354317686055736,0.9594127285875376,-0.3411536984000576,0.3218673508850145,0.01437345772941856,0.998444751693043,1.8863979154694013,0.7171807186244552,1.1675385508361211,-0.44501903544289756,-0.11885167276938535,-1.1693553554002776,-0.6344040837525079,0.5809533766287553,-1.598759120840488,-0.09119295376444025,1.0253596645001615,-0.4351460820196561,-0.09369584971223721,0.5970489644534425,0.10020570091692083,0.4095196938348843,3
283,1.162568326160427,-1.5609537157864866,3.0175759935713646,-3.0000038167456036,0.7003595237578037,2.9335842783854376,-1.327756436738002,-1.0902042079258778,2.5074214898308123,-1.2240476956483564,1.3933578770688542,0.2539759528461043,-1.2778486058845797,0.22974001791441045,-0.7263844694651052,0.38607996529209543,-0.3914333284685032,0.4499119509451974,0.011867740628615842,1.4014931637468493,1.4936510700301695,1.1675265321737358,-0.1511904086387394,1.0624855317433384,-0.317456885173236,4
284,-5.022518440711297,4.284105834544238,-1.030346809198874,-0.5552364838825987,0.16370330607850136,-0.10357515567465425,0.20986132863769225,-3.0989841407681666,0.6146520064040355,1.2887333115035582,0.15712910606873287,1.0837769489676288,1.0501531374127784,-0.6755203130162893,-0.49123738483027746,0.6535830638221638,0.9506963946115574,1.6988830751979753,-1.2518004116484562,-1.0387231454902346,-0.1574844366120507,0.25392520417981557,0.2832469542702602,0.06434611086145958,-0.08916054628064744,4
285,-0.6595637728040487,-1.9207086040430565,-1.778676884207249,-2.907400241249223,-0.2014519564020355,-0.16141214724460085,-0.6813967569266204,-0.4180154038407359,1.0814104464887677,-1.080571844528997,0.40605629664239773,-0.13465240337595197,0.7207106971826653,0.006625761770765903,1.4472227854088295,-0.07425451980160713,0.842099881266257,-0.43026874734190645,-0.6347508622597937,-0.23640592521753834,-0.1475491181363886,-0.16458480855494673,-0.6807234084592002,-0.021808502825104825,0.4237450141736182,4
286,2.1427620584945632,1.1845914833572655,0.29150080340576867,0.6357079337201212,2.015259669826217,0.06691686574312605,1.0952460137336146,0.8706299750147184,0.10074498588702552,-1.0696403956674985,-0.28002559189798215,0.10886884595653212,0.33505780570575183,-1.7152485219615112,-1.58811284292626,0.5924541199089353,0.17988411966996987,0.3535091914246635,-0.16116104098330242,-0.2443766953102362,-0.3320207120167221,0.006028763267363846,-0.48564587739817894,-0.9110081940847641,-0.05685829061922876,3
287,-6.768114114661624,-0.7343143557402372,1.8955739982640167,-2.151530610548102,-0.07745714691445638,-0.9305388373982872,0.3120951358311981,-0.5544899356814267,-0.25093637802483215,-1.393025218880656,1.0096805982722823,0.8325261658536802,1.2385618825633165,-0.21035696849579888,1.218816292886197,-1.8985125636402618,0.9839380835184239,-1.4460253690073546,0.6411909447665307,0.5529795652543252,0.28812546446398674,-0.2592838571851963,-0.3546091452500051,-0.8254244929271082,-0.14185432576573292,4
288,1.323079939394475,-2.927571384887288,2.6558319312187066,0.2816162415983787,1.0427578609910526,-0.4969177436769514,-2.4481009864382943,0.7649496640094049,-0.24108729177222932,1.5949146519857442,0.20031753536893104,-0.3665136754460281,-0.4994542390093164,-0.5790068145833576,-0.04547024863545479,0.6832303558949238,-0.04675492206327525,0.24681314140121557,-0.06885831662610231,0.617005541129614,0.49113218517150464,-0.2231738360778449,0.6531151346545012,-0.063142465344881,0.26846275346945336,2
289,4.591107156482343,-2.6331773280620974,-0.8949152723998527,1.144151557534848,0.16984077557436073,1.2456566761760768,0.3224435622034463,-0.1332992378809792,0.22880872805291963,1.9080866746271425,0.12338264074203908,1.0420298694936565,-0.908891793485543,1.0129420614842757,-0.07012128054210831,-0.29270843509588507,0.42422788846917436,0.406548670492735,1.0576585548405464,-0.2133206550620419,0.11828628987204015,0.3165930899734635,0.3025747974276967,0.4185959014322703,0.08253495031745531,3
290,-9.703537309331692,0.6362791007196522,-0.7035202532908261,0.22103598421625836,-3.7576455413867293,-0.4916194284661368,-0.554466020490787,-0.7669326455554937,1.1129969104943838,-0.4566533957670641,-0.3695763092426505,1.3582454886719106,-1.492323046025478,0.9289229908430983,-0.18752369909043742,0.6279634785400767,0.5165929312459769,0.5787948240146772,-0.1982711005146902,-0.5481259677648148,0.9950983977965181,-0.0880554942175244,-0.301467244445197,-0.9297521263407847,-0.18134232411096218,3
291,2.305454547421567,-1.912522327614016,1.1105316808687198,0.5889459706551832,0.8307812667668419,-3.0940400028295523,-1.2189250117963186,0.8219805589188849,0.7288662164023716,0.01789720027671432,-0.1064993756646091,1.1682668952134003,-1.7110473164312257,-0.9177750906095892,0.6305202674681859,0.6887389117934961,-0.39087242706083014,-0.19526507612697186,0.5526490632357417,-0.22940346136495765,0.1257885624380114,-0.1456041529300368,0.5755512251878507,-0.5755207083883445,-0.3987258554144041,2
292,-6.946753977474727,4.368006488675519,0.3090698311616371,0.9898183753650645,0.675635382827271,1.6437212676071344,0.1581917829385624,-1.4708598623708895,-0.28865700795004656,0.13250126513649196,-0.5812054340050969,0.9307296699205989,0.5795782710487427,-0.8333179399172868,0.23982453457197273,-1.2963672405451787,-1.7814632910014236,-0.6224287525312673,-0.4485304389187299,-0.8478788755173505,-0.6802221782038861,0.2036215411629751,-0.6540496318005862,0.21310670526302222,0.3326802550894119,3
293,2.292150467390927,-1.7503508107104675,1.2294138225505835,1.5444285644096074,0.8822152814328685,-1.4922526955545914,-0.7831730442649416,2.317841763421873,-0.24571220122470505,1.108339488875706,1.15958301945073,-1.437481533438044,-0.3959509202495253,-1.2101311715975318,1.5082729849299708,0.34583734348705875,-0.7263638926571911,1.0051191465998413,-0.4521096707850185,0.679574375405875,-0.007399810472170643,-0.693172549364203,-0.5772976056258365,0.1016092689642566,0.1999944640736208,2
294,1.419691342879256,-1.9753568532589294,-3.1165821620364973,0.3300586582550875,-0.9391577643125342,-0.6221459127620661,-2.188301031732475,-1.388238019550253,0.425861905778659,-1.5399080268503034,1.5116505745648157,0.32236512419634566,1.5021899727245067,0.09945206912149551,-0.34795257865173435,-0.8468082083828078,1.9995594955777238,0.009045143260480337,-0.5193808387919314,-0.5491710166488049,0.0818201954762755,0.3377876385983451,-0.8354425219198494,-0.8759296903868189,-0.7004453554678116,4
295,-9.797090467658968,0.23586144169617063,2.319547438154096,1.3424148413949273,0.21156836289224357,1.8646825209305375,0.44195371355561397,-1.1714307459673594,-0.9069395359240429,0.4999347830047699,-0.648906042408097,-0.9232168828436197,1.7266293936832309,0.2030452380544172,-0.353919024398053,1.0560105552838746,-0.22240203438472994,0.2076745291028268,-0.40153018849334576,0.17825621825714344,-1.7584505115097802,0.39413908317503576,0.2857074606700983,0.3388592252367765,0.04492825065614511,3
296,2.2833440479791722,-1.6447133839529435,-0.9489063960606154,-0.21001935665976257,-0.38229883609562776,-1.8658610168465062,1.1107222395800953,-0.13875678303404237,0.4311674528502776,-0.9525288718469208,-0.8513272056134282,-0.9877812795635691,0.35218222143059297,-0.7871215123236743,-0.36341521112952435,1.270383377288749,-0.358314551103043,-0.15356292012354755,0.5353117006136445,-0.2521636140226443,-0.05120423831019816,1.0981825283937923,0.0005560113070832151,-0.1373150134696589,-0.6091207753166793,3
297,-9.809547922976957,0.5387728887345222,2.594646889135208,1.5677991246111618,-1.4017875212522406,1.532480676919858,0.5994194782472055,-0.28270847104474217,-1.266133040481734,0.012968216252908227,-0.3528655121913231,-1.2743192661409535,1.6404705023528319,0.24437383194621098,-0.630046733074168,0.74956345916278,1.4930456354389494,-1.345158470106412,0.6123343067389988,-0.22231299999835663,0.15463002909672963,0.11005330894223425,0.6906380210197722,-0.04963388708609806,0.33420379314231297,3
298,2.144989759881243,0.24804721194489732,0.4501767139647308,0.8902904150397863,-4.001886916991147,0.531635617803484,0.8356900762917605,0.39796639343093965,-1.2791499179561177,-0.4157494613876173,0.11080251666074337,-2.0187712974540273,0.2067528581925837,-1.7091641447793318,0.3081048796770822,0.25863743278649687,1.778539457707625,0.12475514978681135,0.3938495989754749,0.20192178452849951,0.21323019353556094,0.0968319446108512,0.3048428021474598,0.29636215650078934,0.11838346589831136,3
299,1.2597038924732082,-1.8040594725360106,1.0604127914501429,-2.2526821168625455,0.7283559256989258,-0.47755027572184616,-0.22405769229962313,0.19148508029203648,-0.10796906589055855,-0.1592317867256487,-0.7908234337581537,0.2388130832686315,0.6446321803700008,-1.482058660300915,-1.2461524554981032,1.4615791612340727,-0.8920446036011254,-0.07319548134725196,-0.9767012630035878,-0.1884250595912319,0.3567506560038327,0.6650739041181939,0.47177656068759305,-0.15824042458633347,0.47645359559459455,3
300,-0.8212785262383235,2.363863086997422,-2.4812534808236713,-2.0075646535496987,-0.10989529507009588,-0.43723831222977827,1.998865954627691,-0.26063700412957946,-0.12940266508874787,1.6936122971462746,0.9613907520742622,-1.0668864462451824,-0.41685509211197824,-0.3241450522354803,-0.14734956378229058,0.39180189097586515,-1.7902339442588713,0.5792375268282779,-0.44615829301242926,0.16402105125094324,-0.23024524773496935,0.024200049275025948,0.3232592898000621,0.4460442718204424,0.15123613767106983,3
301,2.289119022982165,-1.63728666097194,-1.3539265033331382,1.2745896380384525,0.17166285712877305,0.6428799585871321,0.039066791669887024,-0.18524310988897597,0.12164688842535831,0.9337650357266519,-1.2322769134690164,-1.1975288539962419,0.5639502799039726,-0.8473236143932033,-0.16208488439489738,-1.4089339164186017,0.3109668866101529,0.3346073733593151,0.9897928428552611,0.21761677403194835,0.31126562767703286,0.05229316260284614,-0.18064597523448211,0.400592027645594,-1.1333427483111678,3
302,-9.902242908118136,3.7938024513741064,0.0023124253524215987,1.4089370814238085,-1.7362480738107067,2.152330667721094,2.7788205927163068,0.24724915413593185,-0.8188797271764701,0.6813310695352096,0.13935478151149472,-0.7812381524667458,0.3178973505752065,-0.04981336220256938,-0.3500996498174309,-0.2176896983299026,1.7651196206401405,0.09933487915944594,0.6974877551772898,0.13433607772975875,0.540075720831853,-0.1208224427176644,0.5150553115731058,0.22946954004388698,0.07597039647456519,4
303,-9.741247041617559,-0.0598746067954119,1.0492485903200819,1.1945782186494598,1.0893539991366905,1.0370206908839252,0.5131694785790506,-0.13490212141453295,-0.8347326427207218,0.24818973726715798,-0.6618790614068226,-0.4496149059915402,1.6885654463809439,0.47149176998278675,-0.5542042847768873,-1.1509230828402734,0.26525135798085575,-1.0452810290518055,1.591863840608203,-0.8151481888987213,-0.8284852675576942,0.1874801902490102,-0.5345756487914909,-0.031067440632752907,0.43867563281638544,3
304,-2.737281950046347,4.702293359900093,3.597408742340777,-0.7561409629047686,-1.1782257252986432,-1.0256535960919273,0.5311466424705804,0.6826111441911797,-1.7325818788273672,0.7023509118951797,-0.09444757998901099,-0.41839240975722136,0.1993942350220652,1.2253248147882356,0.6067549169219201,0.33324776368026376,0.5176947505430434,0.3317934087140513,0.8084301508877285,-0.8199097904855797,-0.44469508549707426,-0.07716143110863022,1.120005346399469,-0.6819064261619006,0.8216217246658664,2
305,1.339678368641561,-1.9641962016665682,-3.0995906460540232,0.8911680292665287,1.1528647957919664,0.6631684220454743,0.9518224450842334,0.26238382725706244,0.7631152590173849,-1.8499650303711692,0.9402771617224349,0.6559631983864471,0.9188571916512189,-1.4093468004172567,0.32495209376123646,1.0086265541026864,0.500422066635259,0.41023114141751815,0.6889204781604494,-0.05147408113607199,-0.1168927748956139,-0.18555749068919586,0.33406654380419637,0.28379681870307893,0.15556837716887353,4
306,1.3106970416001484,-2.0099807552727658,-0.6940467112452351,1.1387503477004848,1.8899282666955217,1.0638396959826055,-0.8435493785688686,-0.21946322972098886,-0.0024439993517586522,-0.8633619422323913,0.6621484081269771,-0.1171960495479949,0.42218961451378156,-1.1473957407561928,0.4780847254697772,-0.3301187168586932,-0.524613631698144,-0.07346852039009466,0.7368058678263729,0.2134255227742352,0.7844247112928296,0.4739774346390536,0.1734227506013825,-0.20932312835333666,-0.7127555110394441,4
307,-2.5743430849057134,-0.18061039197347029,3.9617409415596603,-0.372227956580252,-2.6069783337673735,-0.07716318860952232,-0.7002107989690329,-0.8246442280308611,-2.761387757283149,-0.3728024382154086,-0.015074520722859752,-0.2275045973653289,1.2364340012493003,0.8278868649391176,0.07185124625942796,-0.8081541713009756,0.8015833403321198,-1.5291504796127415,0.39892623449767006,0.08650416059599042,-0.5473589836844216,-0.18937646551326032,0.29642828215463896,-1.8212294063298091,0.31220472350882533,2
308,-7.738135112736699,-1.5495850433527378,1.0123834561851577,-0.0038236804818447823,-0.3769695379347955,0.3117548192414903,3.02603036826709,0.7774128681326524,-0.3975553066136994,-1.3257291761712948,0.7142717312273439,-0.05000521637975397,-1.4517442554752935,-0.5693446858472356,-0.15430529613870142,-1.2811035650909481,0.1719751271690706,-0.30828557567995496,-1.6717509456948367,-0.14895867822785636,-0.7604837545034758,2.2375552988458027,-0.2640309558610683,-0.1315622049962628,-0.4308744503847819,3
309,-0.592533610520368,-2.166703320430016,-2.1033938250996536,1.3274980503462426,0.5021413522858629,-0.6933134364139222,-2.0315280113510443,1.0023756499813343,-0.23127734308206582,-1.3830577814455958,0.34619029394614553,0.5419403127980029,-0.7362174605764211,-0.8374012714828534,0.5990065217868584,-0.7276236685073838,-0.5418122698455676,-1.392825916936614,0.4179236318021222,-1.192750954018758,0.12841413380353317,0.1102434053297926,-0.5206986835764121,-0.245775948994977,0.34789118946314335,2
310,-2.6385141082507015,-0.14966998183213986,2.9961821851832786,-0.9447454961414326,-1.2606918088671724,1.3148649177578569,2.459612812601894,0.16076922755339473,-1.9866515131984368,-1.9183909021420429,-0.6578347003558536,0.3776445901378147,-0.1591133317906821,-0.24585543497217222,-0.5578029969168468,1.1993045403074793,0.33920575676705056,-0.24613342859520637,0.19815977272343321,-0.049207453028396464,0.4173426464056538,-1.0443014310840866,-0.3025818374531911,0.2762338108237016,0.3117108956800353,3
311,4.569064081600148,-2.374026826793479,-1.2544125142107654,-1.0506404338057957,-1.4001263840388165,-1.4607537080940693,2.0597275965892843,0.11828019190990924,-0.10780333945032039,0.435268776336042,-0.16336259456183355,0.41738597785185894,0.9155103910387492,0.4607897877424574,-0.3146419012337369,0.1899732868902213,-0.1671577435988203,0.21938985993860793,0.3083947608010833,0.19669053696755967,-0.4317720791036189,0.017223083932683736,-0.7158751098937676,-0.4025643528002889,-0.3397071508926872,3
312,-2.6610855669616758,1.559665996924143,2.79193736815221,1.0610087377960764,-0.008200209761375477,1.1709833853419256,1.0340411904462776,-2.548993841839178,-0.34390149277943527,-1.221332110282177,1.5989721524719869,0.8051614782903735,0.8361373302286177,1.5895445872776879,0.017896788907879935,-1.385251445872966,-0.7703243018616472,-0.1641459385041708,-0.010376229843982454,-1.0938871829062318,-2.213893383587421,0.6398168577196647,0.4885115460012434,-0.6652776448443577,-0.2430671593274974,4
313,1.941250414842175,4.0300524456862465,2.815247222501526,0.012087454298177924,0.09853868294060386,0.8857849998925067,1.0607211042956388,0.7253600289341378,2.338201219358565,1.074617144025372,-0.4003864525085781,-1.1197429587399992,-1.014683884722789,-0.6150088042871751,0.7375884128227858,-0.3481460477525309,-0.7149214547848224,-0.26855124268204955,0.07262779359832772,0.3506132711257257,0.8496245609560102,0.3017508761584222,0.48590504808076457,0.233023807872203,0.2859191800561137,3
314,-0.8677022011454572,1.149870929009599,2.24952187796642,-0.47273869169315974,1.7781164483956264,-1.1505910614846748,-0.5924847444542221,0.047054977793418384,0.6946239815019584,-0.757657810672747,-1.0642143081016948,0.23369959714583644,-0.8841982390512769,-0.4241106034083598,-0.5840597667805864,-1.284171037671522,0.8892942593871638,0.9136596455596875,-0.28889566619898654,0.3861409649319061,0.012592007255844417,-0.6922048668161944,-0.34553350313420933,-0.2861611687495581,0.5048124729820298,3
315,-0.6448258643529794,-2.797407670208183,-1.7788078106751386,-0.21832560260812084,0.5165790559271053,0.705466343170432,0.8782139950806966,0.20620967293749737,0.5412786476425566,0.5547465478057328,-1.6841504863723589,0.9198599713603657,0.6651489109418556,-1.4327675264750486,-0.8345952322471437,0.08704346902484716,-0.5201823691962479,-0.06016625015696375,-0.09702537993381899,-0.6927611064712292,0.4201773594776379,0.12320485800837144,0.27326866146222234,-0.3508341780254026,-0.5208443971720794,3
316,2.092994918325667,-0.9525966457698685,3.974285605486336,0.9013228745530868,-1.278644797604277,-2.019197513087171,2.733750829356799,-0.5331143009001192,0.16668282715308358,0.35673012401763216,1.8410869608558453,-0.9616042936331521,-0.17831932476491397,-0.7615023240512372,-1.1770366730966417,-0.6628475575052243,-0.7511405784988976,0.5430214245481562,1.4485448631815894,-1.0835283597993226,-0.6837033219259406,-0.5017300500621189,1.2268462688833608,-0.840102523610528,0.9263596442969415,3
317,-4.917710327674971,1.0259342835217549,1.416386781659096,0.4719753658003518,1.3404148327043222,-1.5822453396590834,0.3731412644852954,0.5443633402721577,0.69379279974777,0.3955257152861025,-0.2650972938623981,0.19818193210376167,-0.6178815093289418,-0.659809380468652,-1.0732550850279523,1.1409576783982764,1.7769165108894205,-0.02878297777170724,-0.617668793439442,0.0807646283973752,-0.021682919986362625,0.20731842289692454,0.526340404610453,-0.1426060628521859,0.29568747816616914,3
318,1.3613519718183813,-2.8251980025528822,-1.4765122685816467,1.115723367720571,0.7535846168411686,-0.8219642977229129,1.1607108923274412,1.0319130621885413,0.25297239379818803,0.08168554921862436,0.7163177183904024,-1.0263104920243133,-0.567285401033196,-0.8444566169823307,1.094299172441087,0.5493840400341967,0.07377161155175327,0.2650663061678866,-0.11557345702382094,0.42412925963587833,-0.1712910872515625,-0.04892471148919553,0.25326517340121796,-0.2618262014422603,-0.5796685136923814,3
319,1.0998102360873556,3.8153317957831137,-1.363603564623702,0.1507318352088669,-1.889238828732396,-0.6056959864927216,0.051381563450141776,0.14042957662825883,1.0230262631381217,-0.29450767544211587,-0.19959698331587217,-0.012876241336210459,0.802875591535269,-1.1324419162712425,0.24935347960693788,0.9090090365499024,-0.14143215066189785,1.1145199959322296,0.4606217222087565,0.127839772468757,0.8751525994484383,-0.20578860130110826,-0.33061191392950057,-0.9603736197920911,-0.13606807253092879,3
320,4.34435172262747,0.9845949696182617,1.6837163156206392,-0.8922279910972315,-0.5264627089830269,1.7098006180699925,1.8037331615937076,1.2129000790821305,0.5189157894937497,0.7133767824094625,0.03184797536949646,0.5049302946206198,0.2350431892174638,0.06765887193779907,-0.011355182137326003,-0.2019433439190963,1.191276100042792,-0.08564998736461193,0.296518534838369,0.9260537443162677,0.9522903794165793,0.17956108993273995,-0.11083525330639976,-0.5747179741056783,1.0000830345810068,3
321,-6.976426348810905,5.8690050204627,3.534127760902205,0.2228461743302237,3.1794566602313488,-1.9624724233639104,-0.5618087547074859,1.103610634737083,0.15045558425499594,0.2656432292123808,-1.1159385220778446,1.433684792255987,0.8229709023913219,-0.3851246848273179,-0.646529755612241,0.42681916242543005,0.08523190868749908,0.13349683222188702,0.39584720711959687,0.5845040355811593,0.06888450332499785,0.18331062003799387,-0.26925461128372263,-1.098804664351857,-0.17117939120873535,3
322,-0.6560588820782982,-2.021175445042998,-1.8090690005689072,0.9343797107907004,1.6792824999718337,1.1285320009672586,0.21533113565395334,0.0356795493967037,-0.10857918376095599,0.7519696436967332,-1.3436081399967683,0.05374828035731882,0.2767071518568547,-1.097230069766113,0.9610141879551667,-0.0009688839498798174,0.9826084332878575,-0.44851893431750556,-0.4517075992183499,-0.4480572023645638,-0.03034063283258459,-0.01409759267328936,0.29317475610599336,-0.4243953836812533,-0.5092111339566863,3
323,-0.6932851690558763,-2.685110398749666,0.4106243854252831,0.27586466210740035,0.33463961595360003,-0.046142910419025185,-0.3939905626539435,0.28092765123338026,-0.46176922580476676,0.7134356503140121,0.41989894466143285,0.05619836471440376,-1.5356938503130895,-1.3240557059968503,1.4885939354908997,-1.0417104246583415,-0.9126425050090684,-0.9285681985719356,-1.6644952987915898,0.18199748214970368,-0.10946245663645471,-1.6959971281173976,-0.5636102286444971,0.484778238644879,0.04505266200319874,3
324,-6.813463400344714,3.71375918572872,-0.2333122294664891,0.014607672192769261,1.8144229309434403,-0.4019455217236727,-0.5259339746283942,0.4414510303563062,-0.201157381659546,-0.4758119906559605,1.2622670476010514,-0.23684979600627054,0.14579764666523864,0.7875832089254868,-0.6982565793376552,-0.2620197067145902,0.5022326898994991,0.4381892982238842,-0.619130910370367,-1.2498137572582988,-0.09311497221095477,-0.5122044989767848,-0.5841898302744641,-0.6182358244730113,-0.4847329347918271,3
325,-0.7500342073453918,-0.12419488898646902,0.6974989952526258,-2.0370714186319376,1.6844633669989586,-0.156295636182731,-2.303514143181747,0.06146190492045833,-1.1472131648344968,0.6160524185406481,-0.9294634132415325,0.28116045438489135,-0.7392839888431364,-0.9239367349365515,0.576065397133713,-1.766180244378956,-0.30160353439231535,0.21234233070567132,0.42811964615154396,0.6671189184916468,-0.003102266274674581,-0.33601118943068353,-0.2500272823415467,-1.1809066921013067,-0.23918263122119335,2
326,1.260513777655186,-0.8214240679429179,-1.7696321766367837,-2.3555288492104474,0.5328604485582764,-1.215050770634062,0.6650414028754779,-1.3686087452615192,-0.328407322955492,0.5846861649439264,-1.2007967997998,-0.4832311865809753,1.1265374238357961,-0.8700076828462,0.4869117802260515,-0.37564312083351803,-0.5782911945856808,-0.19792113423373792,0.5346184465273232,-0.33101467164658654,0.19778220106315025,0.04241942595793782,0.3349013339621771,0.30934355547424375,0.1821748341479376,3
327,1.3115345493020474,-1.8873871983903492,-2.0519413614543813,-0.4198821682760516,1.248378349913292,-0.49066189290763607,1.199497728421803,0.29561157767216084,0.960420158223092,-0.14456798727046571,0.6503766144158257,1.46195066745029,-0.3265268749944228,-1.240318266440932,0.7700379722975969,-0.17292916320373553,-0.4205379464999255,-0.1922123683788941,1.009003112732504,-0.3974486992674042,0.15060043524655264,0.0335301365039638,-0.5554613223144489,0.0281117950446359,0.5259681268354954,3
328,4.523360157451156,-1.685106142415537,1.0795845595524736,0.14105061358000626,0.6482286111160505,0.8932185053115251,0.3827429137153535,0.6505007433257677,0.03345309521840223,1.1668992369712452,1.0627582240555973,0.47094520831821995,-0.20922807369537577,0.9345305314796262,-1.2521615338572043,1.5529687066503417,0.271349788425689,1.64849812399191,0.2360128643600099,0.36416399883288597,-0.4165175333146621,-0.29087920272511747,0.5632141471694105,0.1146888864137906,0.18377062845453643,3
329,-2.8389413014282834,1.0186614097693072,0.04837735827266876,0.5432827804719556,-3.722683641611151,0.6235580299783829,0.9781667334975088,-1.2714619203806934,1.1423853858246549,-0.9469391179022398,2.301223593089846,-0.6312525980232855,-1.5943338512348406,0.8686205312752522,-0.39401491988699155,-0.4095162025414205,0.8988406531450139,0.5896984717362379,0.6335571690924908,-1.1187712583286924,0.35208510542103405,0.03177540179459237,-0.4665960355370909,-0.11449439289111218,0.43337523002735945,4
330,-2.941113025041286,3.5693449745168113,2.8410010445230656,-0.26474057150650365,-0.21289166666743908,-1.212216227117554,0.9967045287719012,0.025600993951282014,1.1042874566946557,1.207034647097112,0.845443267624616,-0.20653065789229652,-0.24179627633448897,0.9521521246779816,-1.7242250731171933,-0.28256638376941545,0.8116815214186963,-0.683224009780433,1.2454044239979338,0.37722496091808577,1.1341882292752263,1.323109191043413,-1.3846857311205192,0.5886899434232605,-1.2220602408626704,3
331,1.2987571927700863,-1.2802278023485667,-0.75850107729629,1.4771264468723069,-1.9629619917110697,-1.2907032006842376,-0.6003396386861231,0.8853535885235675,2.4807294307871066,1.5269402408335524,-0.5517965545760404,-0.6706533290226042,-0.91780253920643,-0.007813831530166349,0.5398023357798335,-1.3345040525566412,-0.7954575059051046,0.06756194244161584,-0.9609249341227823,1.4769079317385012,-1.2146899005050695,0.1543101309383451,0.10491475238778242,0.5776006466031406,0.13982158470254044,2
332,2.257850844880524,-1.7345002877050555,-0.15671964263386173,0.9723394989248981,1.0826812629773166,0.6427132307540679,0.23619031545140734,-1.9829760070766742,-0.2557588343505883,0.31834499050521625,0.87589964773634,-1.031642488689122,-0.00032470461037292786,-0.3691620076392045,0.5286629180496604,0.5626088524531219,0.37391068327794885,0.2127217309811753,0.5204101024245458,0.03935697062930754,0.6619679013921106,0.5208679759779036,-0.0033483704596916075,0.7421941885541455,-0.633899950599275,3
333,-7.757068365865285,0.005419105926053547,1.0968276493331757,-2.065176834964862,0.5079540182241997,1.1908699831325014,-0.10581878939438827,-1.1374947192145903,-0.4788112980745711,1.4296749875563797,-0.7836192316627959,0.08369948360325963,-0.07033868014486577,0.7013606479258803,0.046675359101088665,0.6951210726855588,0.30053845564419346,0.3307543583583339,0.48519735185479007,-0.37036146245577384,-0.7098642397679394,-0.11193833281404159,-0.34026146739611507,-0.2544854618411715,0.5270844504046337,3
334,-5.009062281767157,3.003876566073739,0.45487010720473586,0.19859911946911346,2.578075515940154,-1.936145854083346,1.237507804975805,-0.4818735737393788,-0.23289426254489776,0.5460306971522078,0.18266734477565316,0.5197116593979145,-0.8970624199379839,-1.509130284884459,0.6562074771003269,-0.09707291405327267,0.2918865157177746,0.6191139683926021,-0.7714465996752988,1.3000480497920242,-0.4859413273189036,-0.5684770169269358,-0.33402940519158614,-0.1961613788445734,0.4757069630477331,3
335,2.295841515428359,-2.8795450405090137,1.422310026878565,0.9462152766271941,1.9099465244059746,0.6727901091621153,-0.5966094137824318,-0.3701915333603545,-0.8215162681434034,1.9057101042569897,-0.3904438325817101,-0.011469321154375711,-0.5748908561632153,-1.0578956620680549,0.7632042112419631,-0.44795853071323455,1.8579335011571394,-1.2210475352396175,-0.8536683014162876,-1.1052297740816641,0.6474088691151384,0.3530456507903736,-0.6435426187884479,-0.18353802621377358,0.3853435564021195,3
336,1.9959716204681506,2.130878349609848,1.271749699085708,0.6181666069605467,-1.4323481023281985,0.20861440530896358,1.6616279940498915,-2.124188557665045,0.6329014738173706,-1.2225464367738956,-2.130819104157162,-0.8816393848066756,-2.4987830139574623,-1.094597661371521,0.5583110555937753,0.48256624057005126,0.42071750506989325,0.5213023043893488,0.3093004546055962,0.040419377695326886,0.6862630732950104,-0.3475987940325663,-0.2448671775121833,-0.8304229034613761,-0.041157965672015046,3
337,4.421780154142462,-0.21952264690052736,0.10179280830287651,-1.2164495389207475,-0.9117649652770142,0.5605164623787897,1.1452794172838754,-0.5073983494306563,1.0961044592639198,-0.7571353802072758,-2.2712855802971568,0.17492376098783158,-0.9471907134832543,0.841886560653677,0.3831654458623225,-0.4268573998900176,0.5487026235244623,-0.4997764431314655,0.34084598899029084,0.43526428405519724,-0.14902474796722887,0.8007927782149166,0.026311014233931063,-0.012587104888248324,-0.899313911470221,3
338,4.1876052648849384,6.567329895708575,1.958541028070291,0.9487714163484466,0.9044636407661406,-1.0655261910597231,-0.8464290010785609,0.2965458572917785,-0.3463117214958906,-0.859182546964513,0.19372995867326182,0.8348474420769567,0.16791220256613415,-0.13087145857245397,1.791073520342077,-0.7550152952578206,-1.0449039187087412,-0.4162510932038246,0.08166812447425675,0.02003341482243859,-1.2388847042641826,0.32494473561698284,0.24159471615255285,-0.178635363983231,-0.9126985745059609,2
339,4.452646227893309,-1.5371764922548388,1.6799551464541354,0.8545075102797584,1.098928720551654,1.435851323955498,0.36013130831098916,-1.6348498686632784,-0.23462174000087765,0.31808555671141714,0.38589968603012315,1.6181282776648485,0.5780091851202243,0.3022300636715254,-0.8315408929277226,-1.3524714704600043,-0.41107880121543094,-0.04786404068750416,-0.07317536603953512,-1.6029638757473523,0.1172721133633926,0.5547190367950805,-0.7269201018295702,-0.5281519683744313,-0.35660696608488796,3
340,4.445496963896501,-1.5177693705948663,2.4354856780027223,-0.17750096452492503,0.7082561530615252,0.1251121335299299,0.5192831557688784,-1.1767780361262623,-1.58264776970834,0.5160161872953646,0.6693776452494473,0.5058356411168745,-1.8385726591895548,0.42263141332889265,-1.4398889361426468,-0.06767886316820149,0.48284667718581664,-1.0560375693780628,-2.0193311301829473,-0.2345381299199839,1.2905274595888168,-1.61565556090184,0.053288918937867524,1.5568235816181994,-0.8537757955980122,3
341,-2.9847428757528682,1.6878069637716768,4.897856608923821,-0.06796455178654304,0.3718776248623745,0.46151257073762864,2.047115942218208,0.7910447599917281,-0.43224139360082026,-0.34960256812246354,0.8859883584548109,-0.6990366741665661,0.00468425651306581,-0.890009488757795,-0.7120042103096327,1.3894855937451673,0.8735526286281794,-1.4654214961345735,-0.1043181739947836,0.31799719098070345,-0.316741538829834,-0.48952480100784335,-0.8218155928596647,0.8562746846143735,-0.18479477861282434,3
342,-3.136347799761234,3.6949553931839647,2.2626252078281333,0.8116184539137712,-0.15982678532907213,-0.17100729499600176,1.1214417926384694,-2.6299831456318117,0.606956381425205,2.4018768267190755,0.7627270890967284,-0.7399856139159586,-0.5729521879749262,-0.27992726236992826,1.4562588341362361,-1.0465194828355304,0.5762143783480149,0.0769636911030882,0.7036683976299223,-0.8136563517883478,-1.811557962780328,-0.38029262547841913,-0.014978082771268275,1.0728969788037093,-0.564999839867181,3
343,1.0691852839687357,6.085403543154042,-2.393096463818287,0.9994056958951316,1.400721741787622,-0.029322812479253724,-0.5600331316747034,-0.8089360993196759,0.3368265281503877,-0.04388859461079697,0.672054096110995,-1.0702931415772512,-0.6775673203756372,0.1382497405393177,-1.351618966597373,-0.9196313225161502,0.0005722053299135332,0.45921027755949684,-1.378158378794264,-0.3465049843626034,-0.14789048380031777,0.627509037721784,-0.008401055859126039,0.5513187227767765,-0.021672974462618178,3
344,-7.648979191533928,-2.8503323770968003,1.1812226377570292,1.1556227529841139,0.5771064908953989,0.16411789009015365,1.585668547604719,1.1331671818025257,0.916772514679645,1.0023275808617584,-0.40292110556482763,-0.7352640663012167,0.6505045444880682,0.7195931134162454,-0.9007700367998646,-0.7073812275537711,-0.4818858376000579,-0.23030426202222065,1.0799323671185976,-0.32421135794108313,-0.25238199922220805,0.38161662586207495,0.2653915840198921,0.39346090248185506,0.0744445344702365,3
345,4.488515398881807,-2.294183021627462,0.923094826815148,-1.1071859037106462,-0.6260885187931058,-1.1923064777917936,1.2524709714840707,0.21842830261651547,0.1313944336604731,-1.1457258755273565,0.02270898231673346,1.1626212457826877,1.2900219180051713,-0.386800023732341,-0.15621865106271332,-1.1126947593346526,-0.5001344094014826,0.3444827347756787,-0.6828762631012992,0.1493686753127491,-0.005611365362794052,-0.8653220691177954,-0.6793522762568128,0.4080544457674983,0.16673523551156835,3
346,1.2774437834404768,-1.5637894981172504,0.23113971443978443,0.9722410031232367,0.10823398195795653,-0.12301959937238349,0.2459474959025365,-0.8147243923676044,0.48336048814358135,2.022156772895648,-0.5242313812804056,-0.22371548552563714,0.5847104280948927,-0.4713253027390596,-0.36894154818541625,-0.3660398213532181,0.4279995013761768,0.26615232775295583,-0.12110154007946838,-0.28156808959646595,0.5223919726116659,1.1406956522868543,-0.14280968054325682,-0.00868899156419678,-0.9333194011223046,3
347,-2.934604474769312,-1.3788819256317462,2.1146220744817716,1.0042812620299206,-0.9393264426038559,-0.4102959060317848,1.0110220411267807,-1.3659598804939435,-0.1366056707589669,0.3200983095884318,-0.8868480820192264,-0.9896093847071039,0.9788293036170641,-1.5068076263009487,-1.4202628046322274,-0.6618061621588412,-0.23281293663063996,0.11546188991633599,0.10856289132451113,0.3595669938168158,-2.214999217240742,0.3652304307790981,0.4895078424804726,-0.8237612925045997,-0.16468353363013283,3
348,4.424209071150967,0.46302067723464013,1.002162719322467,0.6947030384308204,0.4820621617026748,-1.9005474131245346,0.9320988518934694,0.9473791066703368,-1.041503123703259,-0.7509819657602201,0.4964736471270853,1.7381539098412917,-0.9612000474320945,-0.582822758956578,-0.7347210879214028,-0.4838052996814777,-0.6621916105850898,0.3070465903256845,0.08094901641667729,0.7739074676184119,-0.4807456897201988,-0.10135412586348802,-0.2886477571261564,-0.20892127017580653,0.7779599290417664,2
349,4.491953019139638,-1.574985613500063,1.2732358932895298,-0.35919407387734426,0.4274341878829404,-2.0172811070961822,1.3768299996836912,0.2510965066964863,0.025474079948477613,-0.5232438465698812,-0.23481178158181426,0.13177813326304255,-0.6079058128776575,0.8748004476964097,-0.6243796690201678,0.32880338812752363,0.5321072023448234,0.808482763137115,-0.01579635227338949,0.9994667665854515,-0.1832915981175507,0.13783504452553916,-0.5751311606148147,0.027491062021100188,0.448169588910182,3
350,-0.7107117192395975,-0.155162747703816,-1.9361644971533298,0.09152756620207736,1.868843312468704,0.24575949681597953,0.4935299335010219,0.6723475206864777,0.25674661784667174,0.2148175139240155,-0.33746081701036434,-2.1628585241588705,-1.2841187267416458,0.42631465406471625,0.21992472078318015,0.7962381041429047,-0.2203788461697631,-0.027445202900606258,0.6081488804306949,-0.45117184090669543,0.34407371102686785,-0.17241118320645105,0.5235511122042089,0.12981313859191368,0.3302718659722612,3
351,-6.939852030496941,4.33060821124414,2.562610162814389,-0.527090612376822,0.5935293464685789,-1.586360395929057,0.6154515224174015,0.28287908330328193,0.7186228767281029,0.32446446777252547,-0.08246985485033065,1.5065746520784526,-0.5490758343897948,-0.20663210801537346,1.08674746430062,0.8227261374710815,-0.5564050026443834,-1.3445525804261202,-0.5538910089194771,0.20403276077596577,-1.4194646904828798,0.10444138421642915,-0.5869628929565902,-0.5827015288538825,-0.6890447071727506,3
352,-0.7272203119320757,0.37112423839615705,-1.4300093563604839,1.1094610068047994,-0.8740845628953802,-0.7306107267322632,-0.5848702652854048,-0.9030137921552757,0.9882349763748746,0.3544898995850334,1.6439898169311353,1.0115256639759145,1.440738751160576,-0.4115270528624071,0.18565393165141963,1.0265739971037244,-0.051740303352486805,0.1037042124364067,-0.12046656736094086,0.4124119499459773,-0.13950951644693177,-0.07955263209359792,0.4278490174200403,0.27862147936024384,0.0873348840026941,3
353,4.436348449787291,-0.5229061615716604,3.4705134531442567,-0.9505387599018702,-0.05891731110636467,-2.975844615334348,-1.3321664128750437,0.9528175387182483,-0.0708535987356238,-0.7071552325171389,0.00027150411620791015,0.45841327546892385,1.0419985218847443,0.26283403918574244,0.8420563721774125,0.36202677217743484,-1.0696413499101949,0.6924298833206199,-0.2837019916755772,-0.9907153001893,0.48668485886178225,-1.253773172588771,-0.330748231270428,0.0023849236654815975,0.21641048227945406,2
354,-6.739038234857312,-1.7015541176922833,1.8917483579163232,1.0935775861352153,0.5319082130454151,1.3166732843474915,1.2393827363822076,0.5928485806369648,-0.050936807669171635,0.2361977010498506,-1.1984883918657594,-0.19058010179781815,0.8603969058948291,-0.6873918157336716,-1.2023349000854027,0.5793459538931476,-0.39394206935103737,0.2763989379518832,-0.28636372015842193,0.6927548384133559,-0.9959375841843193,0.3708127647112295,0.36489951950045957,0.19105406144848003,0.24607487183509272,3
355,0.4389966131157621,4.97882098581408,-3.089536635786569,0.3345658857650524,0.8115171023639183,0.5368551858543746,-0.38329397499065854,-0.13725865861731368,-0.3297994224203227,1.93286837209254,0.7497123387748914,-0.6641032108529976,0.1939914760469228,2.502371491773324,-0.13035626670428524,1.006725575647502,-0.107355207649517,1.1462981952566969,0.6669836014667174,-0.37227189451673504,0.05806444605983774,-0.2507052998692413,-0.3938511826776038,-0.09059190537450534,0.38412199742186426,3
356,2.0749265737208944,0.8064351494699551,0.2393266845078561,-1.7421206067070674,-1.4242189830834824,0.9293613980840809,0.9999740697350123,-1.492441969762377,-0.28100186904188673,-1.8701805853963323,-0.9043221925045242,-2.0241367519868816,0.954490931870227,-1.2255148048544244,0.2040539819605256,-0.26494528811072127,-0.437781856056348,-0.9828615357996604,0.1416437046971808,-0.1001138292020467,-1.0181683967467507,-0.0015515920959480733,-0.9311798463155785,0.6477539224189576,0.23301448209042167,3
357,2.373659766377374,-1.9334027989838212,-3.379664320001896,1.0942046817197526,0.9538529677375662,0.5617947139409285,0.9025195601437304,-0.19597047638004028,0.9462806175018255,1.155773929201088,0.6030239733805537,-0.5796056456496563,1.6169387833055162,-0.11224697242255965,-0.7659366196274019,-0.4850552321815207,1.8408773478976572,0.8730876391789364,-0.20626657090443978,-1.1504098604155497,0.17488812178252633,-0.045589504123913605,-0.7442168113865968,-0.1918119813927477,0.3066148351735861,4
358,-0.6847783361169526,-2.7055691312523167,-0.08904076911345249,0.08118322317975712,0.4706714004251711,1.6142794358294794,0.9302153213208753,-0.30392458276041323,-0.3764976915682112,1.3962336165074882,-0.22097005261462122,-0.3743195352670652,0.2652490785085151,-0.716147230137191,-0.6097454440643346,1.1912234925263956,0.5448354441297467,-0.5570075894666453,0.12368369901111675,0.535075485421419,0.6250122849731418,1.1098486489988844,-0.830507934634937,0.20982840256403323,0.3309355385893651,3
359,4.477508220118525,0.17323106168620228,-1.6397492373222735,1.1399939208529957,1.574165685256624,2.1506249669549145,1.0833481610390434,-0.1816970445012065,-1.4338241343367826,-1.2183147213846648,1.4583011276300915,0.20114306162003182,-0.24188945512610127,0.15994548505586414,-0.6802351914645561,-0.06409774089549014,1.0937251815570121,-1.067115570876831,-0.26996174378378224,-0.09591394910182982,0.5606716034308245,0.2948453094996577,0.07446010553538757,0.7983285509219898,-0.09240040353305821,4
360,4.221306403632246,4.01673208207475,4.474682895679691,-0.469158150678338,-1.4179604162851485,-0.21251727157736555,-1.65767690546856,0.6562160740160301,0.21127039356548716,-0.2963366459101173,-0.07979864611259657,-0.38648817212681963,0.6880936899636385,0.43730368298033184,0.25231982409442777,-0.23219546554722448,-1.5207005193980718,0.5341373721560787,0.3942320276503479,0.05892920886292752,0.450976871921518,-0.023134513903530662,-0.08888309955876206,0.5367846527020469,-1.6414055176531326,2
361,2.0187663683229378,1.6495381878155015,3.034103053378204,0.6968048836438263,0.36637922811362533,0.23602555802904357,0.5404980544083973,-2.4974723229406597,0.580088714678975,0.4006870200379058,-0.8227416190762109,-1.182922741598739,-1.3895048575758349,-0.16132625974244763,-0.3934134987238789,1.1069865165490542,-0.13526812703071256,0.27443979630627435,-0.3463775643714291,0.13086133026400926,-1.2325901500251164,-0.8911008912150209,-0.5292435361727867,1.5340739785822137,-2.0080038188245224,3
362,1.36446775520783,-1.8930038753696654,-1.7635463321199587,-1.2367099408933973,-1.030131158482861,-0.47997197347082965,-1.9254490278546996,0.38456236997891136,0.6282323324006218,-2.0112475099371947,1.0422668724721103,-2.273123982152304,-0.09630414803009724,0.5924246299442157,-1.0639608484507654,-1.307009340472796,0.34119981900822927,-0.2968234246015191,-1.4157076454154613,0.13992110206514496,0.1204112556909317,0.8658687709705803,-1.02913219703055,0.16595162697905097,0.4492933348625071,3
363,2.109228700372805,2.1672625156195595,2.003582789554125,0.281823914279959,1.4577556082840173,-0.9052398887366364,-1.1976551833927291,-0.36344131070274577,-0.9478980047835823,-0.053240479838030874,2.446249344559332,-1.4937452307417753,0.7154013140919524,-0.45488744885127985,-0.8770379948386786,-0.6383785731394567,-0.9708941825287839,0.9274578295952276,0.320266250918277,0.7390666554895118,-0.3015490239926074,0.5572068230086571,-0.4643003466474049,-0.25611733504207845,0.6319644185629638,2
364,-0.8189871759657681,1.0383248494555701,1.4042625469225245,0.15985410041611336,0.9488379134438192,-0.659288311808544,-2.937250051353707,-0.9443322053435717,0.3832111155327018,-0.4772637056299342,-2.2961816621484274,-1.846891518215363,-0.35783330427962223,0.4651175985178182,1.520121639292455,-0.29643805552764313,0.49325835916148586,0.3693018609331524,0.3231712343744455,0.08513247867388796,-0.3981409388491416,0.006794562200516607,0.45411171108681575,0.09012978021539964,0.2644667638810948,2
365,0.4671093783385043,4.096180951561352,-3.09368804008668,1.2481550177769258,0.7847407308640488,0.4211393706745912,0.226088621266197,0.7695349285734716,-0.4883875894721119,1.0722462777546613,0.21162944535953754,0.08654581126938554,1.1581480460650648,1.4644727896828305,-0.4482053688178971,-0.21409480106925893,1.3283500605721814,-0.15912125415956213,-0.565830775752018,0.18009842288986888,-0.16518664100054536,-0.17446996874527904,-0.6101235958848227,-0.059706083813615085,0.03830307435600175,3
366,1.2812801579714392,-1.621288171725335,-1.5347262933961345,0.8466385688855209,0.6071319313244625,-0.06039635985109415,1.4654980959494806,0.6137859445215557,1.2879724234587622,0.07095382074705492,-1.2756781669047454,-0.10831945978259339,0.5299713980775898,-1.3198076272295227,-1.1595755745612653,-0.62867336209759,-0.6395821017641352,1.2034306988410783,-0.5986272492858358,0.12351965928928932,-0.3005317953518388,-0.05905963128909847,0.19680341784267624,0.3359580544473689,0.136402974806374,3
367,-7.676955145042985,-2.010909136132886,2.9982467617925774,-1.8177047003301305,0.9904089853673306,-0.45939251077223897,-0.5072651423593424,1.8188645260595653,0.639173338046187,1.3560458513440392,-0.722509877966806,-0.5086074047440019,2.504531860050319,0.538154720563093,-0.10139666881669507,-0.23810029359457463,0.8097290106981374,0.576566031540235,0.29243412462668994,0.8252564825597875,0.041230118483369216,-0.32168605583760757,-0.40240225139415536,-0.33414146079100737,0.4138273034157921,3
368,4.533902855188982,-1.6282406368456783,-0.7441827566865543,0.5689621934830016,-0.29061130933823265,-1.0951256458236107,0.8961961300012549,-0.74055228756597,0.36992769270275483,-0.6142709299007986,-1.5398994517150293,0.7151485187896607,-1.8439599501840827,1.1297288953321,-0.8987599157981248,1.3096039592070263,0.7286186783345587,-0.32255795556834244,0.22949245984496436,0.06762776910103785,-0.47398146356884097,-0.15611897073963427,0.4187260252514498,0.4351491407982161,0.1966155093505271,3
369,4.478721908290767,0.5401745257761617,0.20106358043644823,1.3560110990666527,-0.8473028757763675,0.27409277342280713,-1.2530548164830313,2.1319688983788447,0.7388033484630081,-0.0952335207169766,-1.7901765359442063,0.6234530984377114,-0.990335310398818,0.3411715936148916,0.21758266755445121,0.6015020468779877,1.198509853192486,0.01901701732079486,-0.22783260189768573,1.0137780746044636,-0.5683818284411831,-0.033571496830612946,0.3592583031925593,-0.31873690644999836,-0.4169519500146204,2
370,4.420745228622332,-0.07730845819075327,0.8004922589631287,-0.7089334333765396,-1.721563998614581,-0.02052785610511476,0.681730563009542,0.03557052173947528,-1.5131895117885188,1.1362537793210583,-0.466025179677106,0.392099917770377,-0.9924647678257442,-0.5400363594045376,1.5539806320301355,-0.1747115455555086,-0.12757238531503368,0.49247240163117745,-1.0724880492812106,-0.41415146627728194,0.09154695542765867,0.0429232403488011,0.2549624986542884,0.5105176957278724,0.051398575903835064,2
371,2.1610379176640944,0.44967474384902495,0.09176863604915964,1.0915431673335978,0.9259053488049498,1.2266467337913558,0.2254615769622217,-1.579729576329513,1.2107141054802915,1.7015311204437857,0.42421051447101754,-1.3354292196986344,-1.87208422248203,0.5088139418915016,-0.07378931824062884,-1.5618297820546405,-0.5848324778279608,-0.1662741421489926,-0.0252438113441964,-0.5971935217009047,0.39544150324605537,-0.43618569492627246,-0.62878741984455,-0.3163312879562707,-0.4780710380380977,3
372,4.40065316088341,3.1135598482366076,-0.7548331433429342,1.4380830294474634,1.3205505231508485,0.6490833914257053,-1.1700421657709978,0.2704213721031652,-2.605001751065787,-0.11472364940713137,-0.5025347995893215,-1.121182762195391,-0.20704164789188284,0.10143974781383669,0.5207752428891809,0.14703427412162995,0.9169031571551227,1.0389227063309132,-0.721165601203515,-0.047597302398339036,-0.22384819897846153,0.4468065474509557,0.21202456974045897,0.3071972450524304,0.128860894026912,2
373,4.57026527533751,-2.7633617954909235,-1.1471824670289614,-0.9156394290908985,0.3296624154283858,0.41860358604964887,0.8569930656355096,-0.7395796291996257,-2.563108790744668,-0.07494741244993808,-0.022113020976734843,0.10171845733969076,-1.2997084390206572,-0.32532308212544625,0.9657701309291785,0.46943629692199806,-0.9135348187503425,0.07228485999775902,0.0907309022617997,-0.35887155773747065,-0.37154862079595474,0.05954398219163484,0.27524335822291174,-0.10748014596959421,-0.5790071542654515,3
374,2.1557094099954615,0.46147861204707397,0.3206146734290425,1.228732663351329,-0.18623792598642452,1.012092195027467,-0.5713416801173676,-1.5099116016189529,0.9925146077051039,-2.2386366073328627,0.5028126781457758,-1.3635027971022626,-0.35100857806544283,-0.14540865784455037,-0.6300106476290576,0.5309723864924281,0.797975694426087,0.6572924462212022,-0.9370481583388623,-1.1810342568127403,-0.19382268836568406,0.05882235478765713,0.288149470128574,0.15318468675552266,0.12072067822236635,4
375,4.57398734396404,-0.818506738333725,-1.2364418431732032,1.6236726944568551,-0.3626372824216869,-1.2694769158536732,-0.9427283682498135,0.3161141601256978,-1.4062056125425937,0.462833071218424,-0.29814111448660063,-1.9504965637913279,-0.9780550483887713,1.4560592424983745,0.5162255371987928,0.44108580085063087,-0.7009451424129827,0.8655701679757071,0.8839746914864817,-0.8692495352809224,-0.1277321604663597,0.17602699480014194,0.3678421299200481,0.2696005467066164,0.16377031739027223,2
376,-6.8110429215652895,-0.2642522051907452,1.100358674676553,0.34262909534256236,-1.6756589746768977,1.5580585296094056,1.743751660826086,-0.952102788247958,0.16891089263019277,-0.39460134453702517,-0.8578501054878049,-2.0194261867689756,-2.17905081431257,0.59581716885668,-0.4298059837427086,0.8609306318426446,-0.9802617027805817,0.9927525946708657,-0.45606524153323535,-0.9140072887166213,0.7689018001892579,0.0501430112399574,-0.3867515519455039,-0.7917522306730681,-0.1507583073974802,3
377,1.2233254387215577,-1.5542191128731635,3.1251937507559777,0.3665748263294448,-0.28424966988538747,-0.3513996342527421,-1.9431861314776195,-0.7119798055347503,-0.9312584980074288,1.2438391954088757,0.44701771770808774,-0.6274346621790416,-0.19100672555009535,-0.7634459756967551,-1.0643841974399537,0.2930564931134019,-1.5880491996598791,-1.6058696274008604,0.01463821572643198,0.29314759346555486,1.2024732804397584,-0.3561453732261838,-0.835322122062581,0.282363256705254,-0.9597246172018704,2
378,4.53444959081097,-1.6523226082764284,-0.17820743126412286,-0.8107662675860787,0.6623306122177561,0.12603288046919836,1.1740759010964084,1.3333747887868337,0.7833864807814352,1.254519831414075,-0.5227653243946455,-1.0670861513490055,0.6880624969111779,1.457627378230577,1.2550448031455295,0.1242618709887573,1.0493678785887433,-0.6340842855727344,0.7830648948956913,-0.29682851775958136,0.13980390519557362,-0.730142290593538,-0.6635660476236253,-0.2570086198365329,-0.5239742792024326,3
379,1.267613200790242,-1.8047398239873775,0.24594092604476137,0.5135210030316029,1.8464750544588495,-0.5694056384079338,0.12911160418161804,0.6069863445551047,2.2555539418851644,0.0008268973301258087,-1.6454605719709166,0.5590719930792525,-0.47893251241043444,-0.6156893770543022,0.901720685964369,-0.6262542841339112,0.45672612852958183,0.1544491624180604,0.8244649238992352,0.1644342325320709,0.39964411476959866,-1.4293926503259993,-0.4187496426458915,-0.6073615021262435,-0.7825463412546575,3
380,1.4062023539520414,-2.997592916531236,-1.7103297944109639,0.4645417000957486,0.3963956597436302,-0.2522192096751952,-0.6233931519513316,2.72420381703324,-1.097771731331753,-0.4877549958506496,-0.14331686649382358,-0.5106283912514908,-0.5974026484341897,-1.8133112173923362,-0.06424126343405934,-0.18935442006656955,0.5061770714090437,-0.32164448918340716,0.2012023546612336,0.7899681076416796,0.19763858153323588,0.313491691288497,0.19026754751780156,0.2988067568481173,0.2007797509371592,3
381,-2.9335085037112574,-2.480555418390588,3.6211905301946183,-4.246859027784918,-1.2076484687233973,-0.1327333187371602,0.5791194795454468,-0.42215616369145725,-0.25673064331012263,-0.5696977784938418,0.38777323624548565,0.1666829879390903,-0.985669318887836,-1.5377084934834404,-1.751348571338867,1.8391486799880612,-0.052591410897015356,0.4651841655859821,0.3331868977499357,0.06299674144527412,0.4017286009086475,-0.4838241609969228,-0.9521365122121745,0.9486294240526111,-0.3551700016628411,3
382,2.238924677600666,1.2908880877346203,-1.7105642873664861,0.5132313771875823,-0.8656884590289374,-0.10831116961562737,-2.0885481769698364,-1.3929890704845145,-0.16308105066063616,0.8800542308981213,1.1170684964450603,-0.8791147643820411,0.2910987360550674,0.018110916590623027,-0.4900998295642798,-0.07729220426515693,-0.16033996615218205,0.22840127448090275,0.04129547906005726,0.6357090800771039,-0.11705742800389773,-0.13918800144911614,-0.45866328336424744,-0.13521280280718762,0.46761867647833866,3
383,-6.691954175917906,-0.8427359903777467,-0.5931378618084885,1.384520086047702,0.011135711082162048,0.7309124718142379,0.4591337096547323,1.0196093695945025,-0.03952878964585427,-0.4291592243339544,-1.3577241211168787,-1.2350216569299102,-0.9083745791536034,0.1224505150799089,0.4546603056273101,-0.845364933395086,0.6476209259762014,0.6340613235261694,0.02710686171701715,-0.6748390926637796,-0.11911275617291817,0.10364966987362034,0.292813965252912,0.19241374420627122,0.1708173559552653,3
384,-0.6911594527222231,0.9479166566478945,-2.202584401335552,-1.36692385606562,-0.356145702271809,0.2325220606648073,-2.1656192305006874,0.9160130723074604,-1.2095328236840963,1.1726504305181527,-0.6536211145865611,-1.072268031621375,1.2238481759408888,-0.5918991222611336,-0.3586310419330583,0.8204614334890548,-0.35503884332101077,-0.06018005371185753,0.5859722148072479,-0.39837082872120333,0.23873972546831013,0.07149649909122513,0.4423411915668433,0.012280875056472795,0.2286949710131824,3
385,-4.8259635710557465,-2.0727395184747692,1.4153114664247493,-3.1780311378920922,-0.47826512487877704,-0.7108942121881148,-1.280521613149671,-1.600012358611762,-0.8983776606346967,-0.016490199171219855,-0.21985257486983634,-0.091066825759331,-1.1627579287950058,-0.2677143445961476,-1.9894668410671255,0.5370690164552205,-0.1209461591713501,-0.8625060095740462,0.7024167926488727,-0.4022380897185081,-0.9214942113404166,0.34615483954241233,0.4501897173364056,0.14710882013058824,0.308622361589855,3
386,2.1637020338422825,0.7633901960483369,0.39518418873902905,1.3183501285553647,-1.938581580807753,-1.318436047027622,-1.6672521910870424,-2.6287598500203426,0.2800868643480552,-1.7178611511315927,0.4023842595376126,-1.7054359392465994,-0.8928054900403586,0.058921832289646314,0.4045414579170522,-0.9190928438076749,0.38529423393095774,-0.49648880025764486,-1.1802425437791793,0.5152203535175239,0.6303288176634778,-0.04293524372368579,0.5925075242389037,-0.13142932238442007,0.08057490398765191,3
387,-9.902027651151545,3.141936974117314,2.7886875462819054,0.12186795076127721,1.2727635720079686,1.3004184311838043,0.8672752695701473,1.2739082180038142,0.40140033043389556,-0.17956550653954728,1.3313980145459445,0.575310956177121,0.693421655862251,0.06174432599180402,-0.41235867468893866,0.6643402457641527,-1.1285296639637699,-0.27261172700470215,0.22335703012744412,0.037443720413951165,-0.7865821888463401,0.20152590546069382,-1.4827768558541206,1.671365863593035,-0.8255244523238008,3
388,2.0346614242606087,0.9709177497741948,2.563648237602231,-0.2257133214031466,-0.9587805157255027,0.00987685677432637,2.181802984545322,-1.8387240480674647,0.6441056900744218,-0.7164839771307705,1.7435268667424992,0.26676391183655657,0.6479254180225156,-1.2150501902711792,0.9136620226878786,0.7774287832928626,0.17189708153306027,0.11787325770097246,0.21350971506720295,-0.1080302360401203,-1.6305725984766846,0.9249603505979686,-1.1182603803691125,-0.03491289866750391,-0.7137031263372376,4
389,4.4788199313783945,0.7959174134882572,-0.3519948435444423,-0.5973686909107245,-2.335887591163566,-1.1475819833663845,-0.07665062021829439,0.6795777289281575,0.16495007328459987,0.6077485380500177,0.8048897989331361,0.499856685774303,1.4031522070797289,0.7295078808050834,-0.5330337831990934,0.1563162557281994,-0.05386313425962985,0.20652298797385393,0.5136211200779366,0.48229131322804686,0.7803911613136563,0.4421461887032827,-0.5321636359739789,-0.7447220501711366,-0.20670165207185467,3
390,0.6531801774726613,-1.7479857154642717,-2.675271316771026,1.159590053289722,-0.6515962435196841,0.5656979960058361,-0.0054411893551056245,0.14407595370261927,-1.058259221258837,1.306665965109648,-0.8376928852274477,1.9346190035568878,-0.08350812776062244,0.41830806632207684,-0.512467936695775,-0.28131819641594635,0.8023538933883829,-1.328535434650961,-0.8113980622650168,0.10245108641055845,-0.06484128727018601,-0.13431417350222985,-0.6035465389014241,0.010642794694243785,0.07967410066683997,3
391,4.313691835475739,4.43434256700303,-1.5445136545585227,-1.4791102449421785,0.3154903441587127,-0.47199090262634735,0.9449221726043753,-1.657795611144281,-0.29616080645172493,0.461603419995695,-0.47337819183156626,1.0400207859857642,0.38786563278300834,0.898335650237192,-1.0104526382243102,-0.6247792312686676,-0.03213325672275369,0.2977922548674954,0.8638045938730485,0.0007199099505277307,-0.15926069235153084,-0.11801026752001276,-0.4732577756157211,0.09928424931110447,0.47126015640853525,3
392,-9.666384041676183,0.3517507788200618,-0.5403474188178369,1.2662926663020975,-2.4654705767641283,-1.1717879301078136,-0.15134723689382934,0.10894148682361537,-0.07222530435447894,1.6837690138929342,-0.7999192057033562,0.9336645971285384,0.3542047946371256,0.8577368660446112,0.08103066701500294,-0.5358994948006803,1.7207763827416929,0.8504413613767507,1.4463266717455658,-0.33321251366236043,-0.2725342653533043,0.5445245283888713,-0.8703917203692191,0.22793424515300564,-0.02765146028818652,3
393,1.1345307899968393,2.346846381830211,-1.1189942017594203,-3.4034394459712316,0.34549805316520543,-1.2528945272630923,0.445482558697464,-0.8545794806723842,0.7284806799759624,0.3916845326119822,-0.5134192622823472,0.009045811614120547,1.8376534914467961,-0.6828013095114506,-0.11800402113679709,-1.3449276472581284,0.04619361935799393,0.2369724084035174,-0.26976952359738826,-0.17081920883347623,0.43273905498694376,0.024936473220540045,0.3542988078930091,0.16925673308679845,0.2497170608320244,3
394,1.381933443745817,-1.7690111699108446,-2.808747322798652,0.9742805269422941,-0.9181105583901452,-0.9271278674372927,-0.3398820016645274,0.40938739383901845,-0.39991698605581805,0.5022058749195041,-0.35117979098753604,1.2252823899184473,-1.498356425993959,-1.2358309767556992,-0.8048988179063933,0.16791211285758023,1.114617363196576,-0.04673917595597654,-0.09985794176155594,1.0935291899522264,-0.5089181762982741,-0.14758191495264883,-0.6658313609090346,-0.010882158648679141,0.04636395531624635,3
395,2.368038199539596,-2.876786034755021,-1.4640260455642826,0.963286912627281,0.026632772440945085,-2.3930873972742575,-0.021874235706213607,-1.3804176189921717,-0.7510279972656351,0.040543377442578965,0.6076971288594573,-1.3029065433696505,-0.43991803071486424,-0.20170836223067523,0.4049967006389069,0.5205680328659446,1.0151559597704365,0.8233317097001196,0.0034544795649265048,0.4519556192201255,0.02714215990923452,-0.860180729444749,0.34153507525307597,0.4956794202876834,-0.17065313728537687,3
396,-0.7076625905639631,-1.7254535004777953,1.042663695555673,1.3506843553674543,-0.1975517425940897,0.4566398596298007,-1.8544180370059231,1.3710036414570501,0.09537153550623279,0.1634713326706928,-0.48968523942714093,1.1911926742280183,0.06112735924911106,-1.5729497642455914,-0.4595401489228874,-0.026937494849161858,-0.36830571042617044,-0.9972837583947873,0.39460568811374186,0.10505960091157995,-0.2044802896584902,-0.6537190855872148,0.3923661816124389,0.5614837123757158,0.0007463256532829199,2
397,1.0993299410919342,4.414778992593302,-0.13919356641946168,-1.3889491609760856,-0.39015152573347833,-0.027052571108077572,-1.9371819627229059,1.6906143260390456,-0.5494408969649682,1.1178687431925822,-0.22578660049606225,-1.2654967543658984,0.6960775645913859,-1.3019865038914888,0.5983439262040943,0.6634522747135709,-1.0464241727422616,-0.23528231766094843,-0.4455568619562664,0.5248433151811052,0.7824492486970728,0.4663255221244843,0.4924032241740031,0.002743903841736506,0.40651258497836673,2
398,0.5859556798259753,-0.007267178173079092,-1.614642057408505,1.0154476937400116,0.07765583503142592,-2.0120221577032282,-1.4580224431189983,-0.8344688018454937,-2.516634773306779,-0.23595223076442498,-1.3769560752883996,0.38006209610104635,-0.5311271387443588,0.7417293426829192,1.0803265789444572,0.11148998135541643,0.5238759228273722,-0.4509324055405921,-0.028196479393826746,0.2721378475469045,0.19815975586849677,-0.03623375053595712,0.5208385837558716,0.08413103061267546,-0.07259319807906083,2
399,2.3131567461739895,-2.7952470580191227,-0.5194284121457186,-1.6242505660611077,0.4395859415772523,0.3083042398995888,-0.8057522401993755,-1.0123276599588222,-0.46832660474839427,0.36358524919763213,-0.2177846199732818,-1.692714752774969,0.8976943784553604,-0.8813955837541385,0.2632143541946034,-0.7857880088609103,-1.8782666966354014,0.3841626579218733,-1.1843070293468836,-1.4807557613752216,0.4070242959341449,0.6469022856122528,0.15070122046808182,0.16035071692571878,0.1971946439569127,3
400,2.26365381011629,-0.3162823886030255,-1.3220876953378267,1.2693753835647619,-1.6521655563138633,-2.03385242663811,0.29015457087675056,-0.3499752655439994,0.7014855481659259,-0.5089970724402783,2.6038134752598747,0.14258881752160302,0.6609961020330486,-1.1227643236803482,1.6263845584422048,0.5698713127651045,0.183700891613924,0.5855737739852822,-1.3116568530751325,1.716612763447745,-0.5074160434870466,0.25228071672170566,-0.8915230212183562,0.27848373474124644,0.10977199003976926,4
401,4.548724344270079,-1.8677288172682955,-1.1079092977461702,-0.07472155334564112,1.2954920058605797,0.5113525469771734,1.8017822659415117,0.62912854730682,-1.463795612352376,-0.356890511813078,-0.10337212578785815,-0.1778437479079702,-0.6076023835637576,0.14314732153047438,-0.5538907240146407,1.2976838250277725,0.12789635781055364,0.458171818731687,0.541288285231091,-0.10167741902014904,-0.23924344661131258,0.026811503260127767,-0.5521324274976057,-0.6056888613534511,-0.18069214608232526,3
402,-0.8222579695980876,2.0933282817598373,-1.5779690304373497,0.7439031804823055,1.2333389872354903,-0.004155498224380327,-0.16459037640567065,-2.3608443171523157,-0.45937202254444776,0.013994216290115435,-0.28286822989720184,-0.17533676635531759,1.5237753489300427,-0.5017712075301454,0.05827152139903613,0.9916033451947954,-0.2361029996175663,-1.1520926034396402,0.05395499607938081,0.04584661902352749,0.19163710520147442,0.2818706549456134,-0.4792889246616217,-0.03217039752427964,0.5020571443528494,3
403,2.2711290170620497,-0.4909068970300674,-1.124523447084341,0.25165976352919106,-1.1421397496369146,0.28034112875325246,-1.151463537569222,-1.5716579190219817,0.5802351024275403,2.6486533816253606,-0.5970385816751973,-0.05983766102778776,0.8606885755174716,-0.5581872115463559,-0.17292289792959203,0.9038257635354161,-1.2143956484919547,0.5160317848136904,0.014382186962313526,-0.15646438718988243,-0.10624345725696593,-0.06860258132985375,0.406614998858643,-0.4241936555921029,-0.6391827094148624,3
404,-0.7965749466285672,0.349162461822468,0.7436859518268777,-2.8901272826031272,-0.34417203576234157,0.17702220578398453,-0.3486844038928747,0.3934863322097977,0.6730887779532853,0.6220618079008245,-0.9623677536208068,-0.6522933989024811,1.4496030126749,-0.2743129913406801,-1.9188641555976855,-0.9687573082076009,0.7065379704933363,0.8732881036576021,-1.3737642647245716,-0.1261857077188605,-0.4165996387429204,0.21627743640104596,0.25569586535090166,0.015173140661584372,0.27136305672208283,3
405,4.493886521763555,-1.7317020288933733,2.317007791878737,1.469486693739563,0.5515924782851835,1.0298952793668645,-1.7243281522639533,0.2462859547641536,-2.0324648813384663,-0.25861869494855044,0.8613960478679669,0.6868470498955279,-1.1975679406956357,-0.011547331091937618,-1.2146439461952239,-0.8569861935113732,-0.3452672578624223,0.5089035367841932,0.7264528138487165,0.3347869765671737,-0.3608842065354475,-0.3113233420921252,0.3641581893027565,0.609766308306063,-0.01753464864887272,2
406,-0.6833028432108499,-0.5402693875799427,-2.20810110487506,1.0959185054813658,-1.5855344011853543,-0.5256413965215199,-0.9345226225956913,-1.4493272404481876,-0.4433249166686002,-1.656376793397298,1.1942620160141273,1.6531918633525593,0.4274351413696009,-1.446551204963006,-0.13615548578361558,-0.6363025035288021,1.161222916334411,0.06486581408182523,-1.7830116145794093,0.33966391772406945,0.712977594891508,-0.11309498718190542,-0.5598663810253977,-0.986765043681336,-0.5942974294255111,4
407,2.2110624926639613,-1.4983094815876958,2.0918785334994503,0.7247890031751196,0.3751628259572146,-0.9446376268819201,-0.582334815544816,-2.070984496248987,0.24843814723916058,1.8589717853828134,-1.5562274593544279,0.20696266693077936,1.7626753756584979,-0.7841508531830118,0.28860448768774205,-0.9254264128165132,0.48704529206224567,0.9839157842483415,0.6644656256724981,-1.1791646076423195,-0.12092376026037666,0.31837278728570556,-0.7015707088305518,-0.2640828985558047,-0.15211706690048749,3
408,2.1283885978574553,-0.0980071080741447,2.0396890985985348,0.0646857868491324,-2.0488530948665113,-0.9378265476967989,-0.32849010508834686,-2.113047901329047,0.46806427700491016,-1.4416969052366264,0.09530434967167611,-1.0949088845065735,0.3016173279315306,-0.28544105417143273,-1.4412174764531844,-0.8379483426311638,0.6357916500527039,-1.465540416091308,0.036469142464238935,1.0903366595232309,0.3194406631876206,0.006870574751667302,0.769447915200334,-0.776962657944262,-0.041082707648505024,3
409,-5.012182071721069,5.853941967210099,-2.5857861944266967,-0.26748563312824647,1.5838728732315686,-1.4300113450320502,0.5977212583760405,-0.24050394845729672,0.9985981131089723,-0.30212021838914904,1.4377203896163957,-1.0801994045189474,0.8668327050998661,0.17364421449579748,-0.6557272181288218,0.5645909801299234,-0.1919710415470166,0.9779103383584573,0.723016628899499,0.009035667674938686,-0.04177002374253691,-0.08263486785994001,-0.4504664976284517,-0.14935216787447725,0.4743555726523999,3
410,2.1640025411638835,1.575691297670489,-0.3581967596857677,-1.4927768222837177,-1.52629906737769,1.1003577255342134,-0.413971282499634,1.174981526338998,1.9657113436935516,0.17497817672663685,1.5146254587237924,-1.0129566924093631,-2.489432696611423,0.4787448533847125,0.4445318738893239,0.5699602490548727,1.0667094098068581,0.8579635822742713,0.2552347252449314,0.3772507516611754,-0.7971085000193247,-0.19854560343178157,0.16866255544847858,-0.013839098732047583,-0.6931009247741866,3
411,-4.706248869929645,-1.9858037169033773,-1.688158344822587,-1.68075631161287,-1.0448646189071915,-0.7398467185037623,-1.5790833191369777,1.7514811406195996,0.9831640129381705,1.1713682752252659,0.24754443103380253,0.7194217489845567,-0.7106371279588435,-0.8049449450920321,0.9913146283846134,0.4222607652907786,0.1735837052785718,0.15059382487713746,0.22830886131875117,0.1720259829697367,-0.47192371090850826,-0.08001171345872482,-0.5626003950714511,-0.22548630693437388,0.19459163025192047,2
412,-9.733411629568668,-1.005674420004011,2.0500585400233557,-0.21966213841790916,1.4478128391343372,-0.8410569414898279,1.837553829773844,0.4374271067498996,-1.1189495414491029,-0.3517862845920312,0.06567347967880077,-0.5132044186717828,-0.9733562187167337,0.243568329082531,-0.44874890060667394,-1.4852076591263859,0.5359244419587554,-0.2842239865266585,-1.2632671211460684,-0.6580830755320781,0.04931441472054632,0.09686345919403921,0.42182413748746633,0.0932514060035835,0.25630258353622126,3
413,-0.7379917362419643,0.37470087533185703,-1.299845898065058,1.125991673483275,-0.1145224879812271,-0.5731545052888039,0.8330049332296716,0.5405709336537945,1.148202951101033,0.7805153922880378,0.5169119555589093,-0.4471889185094853,0.9237107210874731,-0.25384213784578646,-0.9135562687705129,-0.05306864840064818,0.4512024860151653,-0.5674024326826115,-1.8457839734456145,-0.2970930316639993,0.014359015564101352,-0.007214967358633251,0.14975394575914341,0.4436152986317722,0.0065902193645135665,3
414,2.2074047300694435,-0.09209731994209136,0.2939992705903838,-1.2633330872674793,-2.8232606848170247,-0.01481451771390141,-1.171090001534919,-0.24668676526386235,0.04504062759613481,1.9871755947064766,0.45921742105537033,-1.128276812817305,0.36152186044252144,-0.7877093713091635,1.0061085310545055,0.18779130375827036,-0.7981907426077568,-0.27574538799248627,-0.06467188667744805,-0.039195140587802046,0.9227259288379273,-0.09774221487913798,0.6662023966094908,-0.022851520447484397,0.40701670743227336,2
415,1.2585138652789407,-0.5708389340390516,-1.4136925323250031,0.03990400619868373,0.10827952073005176,0.056756889402989064,0.8051396014904397,0.03181101718236068,0.5172852495174225,1.033929537619596,0.5472762689278252,0.025212576127493946,0.2754295423166453,-0.9751046919967319,-0.06802202228877563,-1.1293819952263784,0.4428429405221781,0.7421217122619641,-0.18442987492911844,1.3009026282771092,0.03404309864345012,-0.43093473726064635,0.32183104856754546,0.350493917221847,0.015174668508430772,4
416,2.2388358715490693,-1.5367923635706089,-0.7717439313777292,0.6390242157493602,0.4849814582180214,-0.36992227941197386,1.137037116810217,-0.8474580367105885,1.711152538854611,0.17598414190358935,-0.739276757253768,-0.035194335853921954,-1.6128377210477922,-0.6399024495118195,0.11337991368557054,0.09195146737239446,-1.0534668628617392,-0.17915706582051216,-0.3041296763819157,0.4359624769770656,-0.17068923930983748,-0.2645257011229739,0.3209676934574576,0.5807099940946961,0.10904956936984492,3
417,4.528391098719,-2.537645050863258,-0.8257191201443879,-0.3144019607581927,-0.1291626864478389,0.20611461228902117,1.0043496359785493,-2.2455554084026743,-1.0197382517797409,-0.637552252393175,-1.4443784703169433,0.8630309801903886,0.2756148582255924,-0.09054217503487427,0.011604582748119041,0.6222589744673819,0.0916554271133816,0.5465893893112304,-0.6831767023635735,-0.5643252607801758,-0.2741645121470909,0.15939069607777062,0.3144562130139777,0.3258329780049841,0.1852781506163426,3
418,4.364686240718038,0.3775882488218363,2.7910894115595015,-3.457082376988845,1.176980513343666,-1.4264792098109773,0.6272628597432583,0.13475812989082914,0.15044547558588395,-1.2912724187515923,0.2912988591985012,0.5471535126065876,1.8936061491496692,0.5016610844832987,0.11648032346669757,-0.1325648393955181,0.6570414416161237,-1.5319390608256693,0.03484155303089809,0.577572581668073,-0.013973568760900168,-0.7425548104565565,0.6462190816435878,0.2820187145497802,0.3230157250703861,3
419,4.318465385801224,5.109225577271401,-1.8392674927371502,1.0559417138781453,1.9348075554640916,-0.4751547691797424,0.4828405105890434,0.01936188963968788,-0.19994094317157973,-1.1762062308817143,-0.4748339359705305,-1.9299848929411103,0.31411731014673894,1.3631152980879824,1.3968770589613255,0.3248467475098582,-0.13904100548292608,-0.08924230831731084,0.7503550387975726,-0.7950537847723345,-0.5219179506330921,-0.0951062847632087,0.2899829237334219,0.5134633712070368,0.09157316335063173,3
420,-0.685748760091748,-1.900130262919041,2.018487670478007,0.48830191962346925,0.860203632227537,-1.004122658746479,-1.695044565312142,1.5960322229509174,-0.08477103829414467,1.2273268580381318,0.7050848845657121,-1.085455440526454,-0.3720710532003084,-0.25696724260150505,0.16371208084739797,-0.5083980138183974,-0.3364281767754824,0.2407527825703033,-1.1179380062062552,0.5128361222703084,0.1750267604630773,-0.029899603272370734,-0.540697937874293,-0.16612362519922608,0.4504985053188436,2
421,4.367387799832672,4.782518329897401,-1.5742423076142902,-0.5316351415632754,-2.1418842646843377,0.09772842608033994,-0.4077961375793744,0.7121417951920246,-0.13125867973617522,2.6416972502865677,0.5136053628048016,1.033610926179851,0.13780935423638518,0.6039899445561248,-0.15650722844580667,0.7908422611600541,-0.508594364315984,-0.12435292325633451,-0.4379942748690111,-0.9925374965071734,0.25329044902689457,-0.03158710481848681,-0.509163799658219,-0.03692577782527329,0.36090185733609226,3
422,1.3408282485973668,-1.8401405140484224,-2.8907342892307266,-1.7537563680823007,-0.24793698129114627,0.6767018537829887,-0.33432738494250547,-0.231909508085393,0.03314830705260219,0.19816464335286121,-0.8811640851312326,-0.47874109176026836,0.4794593329578638,-0.9056132113378144,-0.8225359528349578,-1.3988919516449623,-0.584921788185391,0.09724347696577818,-0.8440848901007398,-1.170002162119609,-0.036293096038200745,0.31357737350504045,0.023395681960625192,0.4256152794058855,0.11950675958839271,3
423,1.2268601369902399,-2.4429589515021464,2.677126494791769,1.5856754783357885,-0.16701926950147017,0.1428504510064732,-1.5026737946483733,-1.6419592889172219,-0.2609728971898755,-0.47306179906566637,1.758323835506444,-1.06821345985972,1.597464722173386,-1.1784172032925124,1.44426937928912,0.4124659529748198,-1.9396195205538413,0.4169311512944631,-0.7832778822201898,0.5504356405639221,-0.453020897758848,0.4075477409861756,0.31610780950626055,0.3609627923246491,0.12178798629295759,2
424,2.107889623048358,0.6666330657341986,1.4095020604587816,0.6700397248869527,-0.19140778732346575,0.3639766709159624,0.6002557699467941,-1.2550251637997587,0.2720261422376633,0.5277443998618087,-0.23771386628247093,1.2584857385267751,-0.7840461376183567,-1.5467123657783919,-1.6899786619728419,-0.26234704015409305,-0.46421910532725263,0.26739067802288075,-0.009362017228235597,0.6646751290466715,-1.2871822545698772,0.2652336263982476,0.32351084510776623,0.37286092733264564,0.18673743928975164,3
425,-9.883242286871623,3.9759275288396863,2.892518686559593,-0.2803623733528986,0.71530631449614,-2.698619614808824,-0.3729959285772346,0.8631174909418804,-0.008281812419914214,-0.387848858413143,0.11607378257743084,0.5035067499753345,-0.7943941093091639,0.9993937816363729,-0.45239832325138185,-1.1689267605467928,-0.1325100466213096,-0.04939942792453689,0.8070892168610238,-1.3852140898325538,-0.17714783458731398,0.2560013744987693,0.10228213143046333,0.7625572033610172,-0.29794944172780735,2
426,0.6179101487008722,0.10885034971438667,-1.7265945749617142,-1.4505400172268308,-0.8276678468358891,-1.1960048220107853,-1.0121085669627914,2.0830321151683493,-0.6659633515195358,0.9943183845377409,0.7630926574970031,0.21957963887234566,1.1622501444951818,1.3053805945866697,0.7180233094202667,0.1912251047206024,0.9732339059915529,0.7278025448642502,-0.514294871467704,-0.19190001462059603,0.0789795734519414,0.059029025240748406,0.32639895257670976,0.04786189913918393,-0.14749362631997634,2
427,4.513234032660096,-2.5085451865232313,3.02356854217389,-0.0029613485273181084,-0.5977064461072923,-0.47254515782191886,-2.3010170660787814,-0.014541864980651464,0.8539698401987588,-2.156581864644325,0.07521241043792914,1.8761934035741277,-0.5960634301927461,0.6808804019397905,-0.7977237325023981,0.1071075887499291,0.7403319107004824,-0.1415739566923695,0.05223857293625578,1.436731185511412,0.20964489403023828,-0.48409349825437287,-0.36700721503609857,-0.6711859509362766,-0.509648035528123,2
428,0.6155090483200301,-1.9032220945191578,-2.779614250792182,1.2379378755356476,0.649267228886623,0.7633131674624756,1.299576983514192,-1.2173306736814855,-1.6617114712955565,0.41558703410912146,-0.17097082512286677,-0.9880660168317649,-0.11275382755873853,1.1384508681333778,0.5314111770249542,0.7324661315459107,-0.3534372202243963,0.41095686487437977,-0.5309121779654973,0.39851854535047804,-0.39004974254315494,-0.05776299324495593,0.31989131705828394,0.4961217497383056,0.10827949725091587,3
429,0.631132969823458,-1.9168779535928933,-2.970577550105019,0.9322434765969541,0.4962305723860694,-0.5212950150635565,1.2757948460305046,-0.33442162316598456,-0.16159262132021235,-0.9748048871795637,-1.340897404391116,-0.2025679670894467,0.547740209401848,1.2221229444853305,0.03527309129957268,0.4613193065110277,0.5462473821504519,0.6101157832835229,-1.0478181073028054,-1.2119254171992753,0.2892735735097487,-0.015134893441320907,-0.6792576866227595,-0.011862220064238316,0.41322996899930475,3
430,2.0999972992978293,2.5807056458074378,-0.15344400715295992,0.6130879021049291,-0.58373917975581,-0.036125358481780445,-0.3882268207495865,-0.1726276107584288,-1.2722160690233535,-0.7466746378744462,1.0119125214936235,-2.0396888984755255,0.3234343467926224,-1.3343718501585287,1.1609558939740845,-1.103905629258394,-0.517162071727252,-0.11192147063036328,-0.12396682158449535,-0.9019175543920324,0.15191764880827285,0.27129605756738506,0.32719001747373794,-0.4088042741984438,-0.40161819496574147,2
431,4.517997334184779,-1.5948785869718796,0.4983577894056168,1.0085879973717993,0.23881837300201858,-0.07093899554624672,0.4069173887314257,-0.10520102176435331,0.5845646933351261,-0.06834409263130176,-0.3321288925238819,-0.13125026082404112,-0.12144905425993269,1.4446193018861124,-1.8726073758686423,-0.35470086492355235,0.35468628710323413,-0.49765222119818686,0.5640447617411413,0.7326343865225033,0.18258648639911917,0.5720662011446549,0.24077873199553163,0.5227827806891142,0.14792278689407715,3
432,2.2256724779221866,-2.2500964693052836,-0.36156753034783706,0.911430680281843,-0.35852015105549384,1.8135667545970047,0.9777702133106585,-1.0448865213783622,0.8839679905741096,0.1876744818631807,-1.0005431960772615,1.0561156666488678,-0.31088218166258197,-2.281836026971068,1.4435595990956749,0.40315779991456346,-0.4378194385987382,0.2452046207418399,-0.7964060674875522,0.7623390343046597,-0.9349659553182289,0.06932440801476272,0.1237175849201873,0.005674967005301346,-0.6593138316397519,3
433,2.1253997847943022,5.241332668599323,-1.5849373265547795,-0.10560867513896577,-0.21348285324325922,-2.0314173170527137,-1.0408622737294722,0.8521170847682424,0.34442165457315,1.403303811454093,-0.04346463001316114,0.32551924371431706,0.4909782336331321,-0.5003247283558083,-0.9539063757237112,1.4343237984570236,0.7960081969411443,-0.6699584289089517,0.17063588087426984,0.394428109722466,0.012415867186320262,0.3027182811001077,-0.5651912610088032,-0.11374315834315862,0.4095550941930154,3
434,4.431241332805596,0.6904707781023323,0.11440444071592593,0.2605939651216369,-0.5801948971340485,0.38087702648572686,0.7925263770321638,-0.16712379113584408,0.772582585510039,0.8538297249891368,1.2224880071251862,-0.14819317823123201,-0.7774417148585672,1.2787940278686767,0.827765821452383,0.7674888584031923,-0.9652135525850182,-0.27579296631260064,-0.1018671535937945,0.09497381370607982,0.07327467044489133,0.16954484576285578,-0.5264117908417187,-0.49788349184997,-0.23437736872710116,3
435,-0.8375324626463225,4.0365060056664825,-3.215501478319431,-0.47230977754082826,0.9019508270495888,-1.2786595017034372,0.5926006474445051,0.014916946113046281,-1.2547275144811576,-0.8545702228945236,-1.0668477109928765,0.5066342275283287,-0.5898764130066105,-1.4802550395792142,-0.7411986640035486,0.09147709978793994,-0.011512312514306622,-0.8459107421828111,-0.30989979565658654,-0.6482702335033884,0.40473509322700263,0.10515136173872039,0.4772657286656416,-0.037196852005292214,0.0696000224383779,3
436,2.369030487078019,-1.7182018141862945,-2.9352531558744923,1.4000213533290835,-0.9293951245468931,-0.9142657727606065,-0.5542610623185471,1.340285966475947,0.2935533445823939,0.023180721944028426,-0.3189274485284539,0.15124352523606,0.8836488048825286,-1.4560959583627775,-0.7401970907176413,-0.7714369672037477,-0.9355940226766708,-1.4763051265828722,0.8167341377772193,-0.18588540386444158,-0.11526585858596661,0.31175574121061866,0.14071244032495472,0.49991917416686993,0.13217474124451115,3
437,4.564357046993299,-2.517279644513744,-0.7982220421709287,0.6673692550400383,-0.20690183341689117,-1.5110849409552594,1.6609301778498216,0.18531737497179268,0.22702865987161402,-0.3157508588255284,-0.2754284638005038,1.5283979682950264,-0.38667385244664776,0.15673380684657512,0.008177875840683746,-0.27351886321616514,0.3856265564418835,0.4923616614517332,0.011554024876873292,-0.6893806694531451,-0.021730705176526977,-0.047294252431438755,0.24259614059048523,0.458531298570824,0.03943163485548348,3
438,-0.848207697927009,1.4010479989984672,-0.7928170973851254,-0.131307424160231,-0.10122798051260429,0.4506447347179985,0.15003034636653423,-2.5649481192656705,-0.8297578133892394,-1.359522680018526,2.2753860796663083,1.057458965950818,-0.7499522528615561,-1.1556150425449372,1.434700817535275,0.45745017966886303,0.08916416532578775,-0.4960700872838628,-0.656426444543253,0.7410937514387548,-0.2980108421977331,-0.24087186060051724,-0.4984636907179312,0.15353171101759677,0.359329317151598,4
439,-0.6142542736351473,-2.9267801036990813,-2.1487825301936416,0.9518669927947676,0.6934828085222191,-1.241895808278034,1.8193804153145203,-0.6578159832571642,-0.3614333839588033,0.32047898510697737,0.5649237942657033,-1.4386812806084666,0.8433496110502086,-0.12098423875311948,-0.20916141895985696,0.8853704905444073,0.32624675669665404,0.28938465282469794,-0.5553664426377596,-0.5137973719405855,0.11181698446118882,-0.05598690087619168,-0.5814658862722426,-0.1086480854455919,0.4336240341899469,3
440,2.2671029966044483,-1.9351581291389384,0.47035805500746064,0.946510071771002,0.9136186756650402,-1.3674661464250248,-0.5910062366363991,-1.4378559999418756,0.3457411666985726,-1.4635758629926072,-0.8032990411631298,-2.592147275443325,-0.6547712243006261,0.6530067200804042,-0.14274789811466243,0.6737321887413721,0.7022426975040421,-1.8008133978449188,0.33640936234566077,-0.15605441041740142,-0.391711703560203,-0.1058390118170392,0.43372682313866334,0.30822695546847145,0.2740467151235151,3
441,-7.682269572644161,-0.6526099036335395,-1.7733852923562277,1.016567324922295,-0.8990548805341311,1.7512991034359842,0.4968849077042301,-2.0546008429655416,0.489626405285037,1.1696688793585417,-0.39130679576708327,1.0918506304632967,0.32650693675164444,0.4028148095190194,-0.1467102286176678,-0.2608471355058444,0.25907797430252133,0.3124550286179373,0.7831172242147333,-0.030676569279903365,0.831460294055183,-0.11620287547469105,0.717393311573872,-0.6476309760390475,-0.34743883214666194,3
442,-2.720471291154265,-0.7183695654586781,-1.0143265170173215,0.4676143929813299,-0.6754276344639791,2.175521518463881,-0.4231925037189024,-0.7724330852262318,0.3771480989971665,-0.726356345576256,1.9871903482454316,0.1409171346124387,0.18001201101625375,0.10609743634898638,-0.23413870268140458,-0.1726177124002395,1.0855226241007387,0.8765660707230101,0.99987888808842,0.27755376014745803,0.032520012450480196,0.4735664717630492,0.09200293561357625,0.6789974423340267,-0.09628544582444865,3
443,2.0273438231350482,0.9437171616571582,4.7375974442020805,0.5770390548468005,-1.024802264906191,1.3905097824917223,-1.82060341129404,-1.2779810924432062,0.3949037526836414,0.03663168963222224,0.5801548082872072,-0.9978366870084784,1.0986182097963084,-0.7935064381777736,-0.9991816013216837,-1.3355156380438826,-0.21937414525411758,0.20442194321568108,-0.3107384866540923,-0.0245787459806196,-0.031935830174845914,-0.6086270361940396,-0.31202356035984813,-0.14901081203530042,0.4937353747568993,2
444,1.1696620803122073,3.133411136082377,-0.12315767806690614,-2.115322578191097,-0.22798457916516257,-2.5899334350268797,-1.9662439103799596,-0.1705004613907264,-0.2229536085836159,0.4412426726847124,-0.35643580244048323,0.04485318798983484,2.05694491847981,-0.475553566612018,-1.4585732578911221,0.5525549920314683,-0.9306643835436652,-1.7300915494452918,0.5618934926726493,-0.3139389645145405,0.14155419364436883,0.2601486595066317,0.5404775937817348,-0.11820240435644447,0.0037385227604546656,3
445,-2.7687710270795005,5.611174824069799,3.163818239602718,0.7086793710905748,0.7521848988771485,-0.6683819056928266,1.176937339961805,1.178519116789694,-1.035936589899768,-0.6003146290967241,-0.9715204039003076,0.971741269671714,0.031944014657370845,0.22381077973738916,1.096258930737588,0.6272761798010649,1.0213194149337688,0.9094717162203869,0.25274870409603345,0.8140529949654103,0.9908248387423952,1.8472129855228054,-0.8617112611386153,0.11014133732987974,0.2497239314451408,3
446,2.1909556678899786,-1.4719786562578814,1.5815420989100282,0.7593780478462793,0.47795754021464787,-0.9687552791582512,1.1022652343218748,-0.6587739817859953,2.137822625941019,-0.573336379884996,0.7973495493610813,-0.523424336970626,0.03143504544998277,0.1258234285883808,0.41533814670940716,-0.12985065239818638,-0.41652610533142576,-1.639312666318037,1.3084477336328137,-0.7021082755542671,0.4011921693315644,1.0190661371196565,-0.9227758160919514,0.5134666643555051,0.21960494345303846,3
447,-0.589378149448077,-3.016385421728657,-1.1960700688380397,1.609822047296531,-0.4335277009035477,-1.2691335897956337,-1.585337920078986,-0.03418192194699077,-0.7176588107937891,-0.5807600989180258,-0.4002814156403467,-2.3446222597809068,-0.3185125543358971,0.4206287237732884,0.1239455073739889,-0.6136101995526984,0.48495368670673766,0.43598440636967073,0.9001675586644886,-0.0323553618318807,-0.2478931135382012,0.4182252489856513,0.18180700870258987,0.3509186946371582,0.13042304803741664,2
448,-0.7994301270489785,0.537400296667232,-0.6885958192803466,0.5427534589607181,0.0629919462215296,-1.102093565505825,0.9134134850304116,-2.245107412733748,1.0166226466775177,1.0095433142631003,-0.4590587150194818,0.22662790636235863,0.07058514003731853,-0.17798392230172655,0.36297903957745226,-0.09283939116586959,-1.4725157596784244,-0.8604151011457795,0.32145576893569716,-0.16032975586379095,1.3679207367027149,0.6718095621475868,0.5350248380769056,0.02570044139595018,0.0025771801552613993,3
449,4.465717673157128,-1.5300070302750348,1.788561539769477,-2.0692769587091817,0.47621212540150726,0.46480529262607817,1.5623173748467947,1.1163131092021459,-0.09498981427824438,0.2920081904922771,0.25292128203483344,0.3203931039862078,0.7702481991423631,0.3550986483099876,0.05614171517589839,0.9358328202228234,0.6252892162864789,-0.5956387826997895,0.45276942795366537,0.007550997396637893,-0.351242227107338,0.6474073453962994,0.21622975286486618,-0.20544572246364567,-0.49945309341852084,3
450,-9.707871184693326,-1.5112558423568783,2.0242007128268833,0.4106623333557038,-1.6881089203732405,0.9940240718904207,0.251106928484373,1.0054724072983752,2.132626869269499,0.17080836282479606,-1.5872845606813997,-0.2601595714743674,0.7539731614347818,1.107723239099926,-0.18834573907407837,-0.6180807578145098,1.2362343193668464,-1.4269284973461551,-0.5653336744645676,-0.30380595483537315,-1.525085727243518,-0.2146587977926004,0.40568310094144105,-0.4744500149746241,-0.3833422019110426,3
451,2.2075936490214563,1.3845009642999049,-2.5458030265341014,-0.07691268673855411,-0.30695029098466453,-0.14449946880427111,0.4429992337941857,-1.1548562747223126,-0.24396950997443456,0.987085815251625,0.1763920118037856,0.004812208589587419,-0.005804891986462168,-1.0427379629514602,0.24206396491932902,0.8762322213041309,0.278470224993685,-0.6129218990022669,-0.5686780159487705,0.5662920250074832,-0.39028256549392404,0.02400616115112486,0.2717877066095244,0.4963627032121328,0.09745479561963719,3
452,1.272387265317482,-1.8436547489465416,1.705393766196391,0.44568531394725364,0.351432925776195,0.7383007458185888,-2.966354811194344,-0.10741179386611144,-0.5019636784896804,0.10550891478688118,-0.283413095435451,-0.231596313761669,-0.6327169429894599,-0.977851211204442,0.6479874864032841,0.28822603382298184,0.02606695265472503,0.377848652497355,0.061407870960775934,0.4082216355019188,-0.3956256185471986,0.23643691063520667,0.37964760338092524,0.19024554741917743,0.21270582067802904,2
453,-7.686169018597813,-0.34410030152443305,-0.17669825475843615,-3.2729942965517935,0.7179031541547694,-1.0648188374507526,0.5459415771887679,0.36615207731109933,-1.9217316192356289,-1.0436167811883204,0.40770544636779915,0.04392298178090637,-0.9866573550803313,0.21604395240057173,-1.111715559554172,1.5293070152867818,0.738939070284196,-1.2340245363917912,-0.20315975657181373,0.40288733661399645,-0.57473261864917,-0.13941471809378464,-0.2794125394850055,-0.25879503547257865,0.7605099423268341,3
454,-6.654290754589112,-1.9124088198950853,-1.2239869291678973,0.6674061517238834,0.07417722881761757,-0.19088868267017034,1.2311066437998486,0.14924718990815045,1.3637688072209944,-1.5010215181443765,-1.8288948040105224,0.3671663656638504,-1.0316266908188023,0.35387796311369524,-0.8855452873958914,0.4298308354172926,0.5394426326506165,-0.3690529560239266,0.20609880492486976,0.5512588685262152,-0.3457004994782761,0.2810137431015361,0.20262340286512076,0.578411400793707,0.13625053736107165,3
455,1.1839097143306727,1.3422719863915988,-1.0002490958989487,-1.7075213851534037,0.02299636892380652,1.068521817468132,-0.08978696469425618,0.015017115324646113,3.148567791874216,-0.4728841252157307,1.1553310233184315,-1.9388937130852244,0.30624519317096777,1.2150037375747988,-0.13824472125507659,1.1885220223366404,-0.06674714332210696,0.1949190238772105,-0.3999660430472265,0.7848048087307335,-0.32672022833470427,0.05576839833715391,0.36634336431548514,0.24989239969241084,0.2775274846981669,4
456,-7.790635104234724,-0.7682347036819959,3.642715072847359,0.9629122333205511,1.4419314622949073,1.2911065415836744,0.8296829213727448,0.739588692317005,-0.13366398465809537,0.3561487910309977,0.1698320766737056,0.4335551808889142,-0.07199997418060988,-0.5493909962511483,-0.9364555562413035,1.3752415724280662,-1.3367488682161461,-0.5139474893636571,-0.20914289778998274,-1.0731729458249422,1.527323228968724,-0.20952163928082385,0.21915662803862074,0.2444242511224698,-1.161219666029631,3
457,4.556465333855945,-2.4171322705884357,0.6990380255316058,0.0286316496707113,-0.9109390190745872,-2.3792782541669295,0.42016149272867853,1.358492082897543,-0.834358713603427,0.041446844712262454,-0.15184335226118972,0.7671288057550374,-1.7137739288384597,-0.16700352787736628,1.9326550258910684,0.07464871052469402,0.5922617944235831,0.9222738559048693,-0.37621853154254303,0.930926306971918,0.30281286167391513,0.47573346790098736,-0.05112105532554062,0.8661858017222231,-0.22396298872662548,2
458,-0.729713089945367,-1.8475865727823668,3.39846147549515,0.880188625593163,0.939837551260253,-1.0460817645541416,-1.9612417330499108,-0.5558501920818106,1.3760136016413087,1.2497180166320132,-1.0117840911814355,-0.6442820591552234,-1.196020703019888,0.9871094913673351,-0.02962406540519691,0.6483623813242643,0.425748594196381,0.20858185045685218,0.45478223060232414,0.4317542861867254,0.4336737453357128,1.3358119918388054,0.33681053988143944,-0.5952735801308987,-0.42118883232955573,2
459,-2.9425079772107345,-1.4781837525766375,2.5109388610398646,0.26620074339349475,0.26064642034820373,1.2781319770333774,0.5126084151782062,1.2740016120805433,0.6803705453970217,-1.7339601835127563,1.2683720876924953,-0.31752542781005055,-0.4027116161841,-2.108149655429965,1.3986396805461263,-0.9527166425624762,0.6568919395469299,0.4319686641876581,1.1156365485549178,-0.059876889679935985,0.0899580619415642,-0.10109408572223133,0.6816106923735867,-0.9549430252275702,-0.18376340256268964,4
460,-0.6019343256559324,-3.013745222914207,-2.8819421361908724,-2.1745204997249505,-0.4028621050594553,-0.8337331339241247,0.24776401565330763,-1.2572786399371285,-0.12215043111203805,-0.5734817758523967,-0.2447046350913593,-0.38035476192302564,-1.5393286093054528,0.323193419477416,-1.0264663759617838,-0.8100543449550496,0.30303885036132217,-0.35842735030610573,0.3610986067666695,0.5777384444826139,-0.21268456268285763,0.21937673972148866,0.2770451246741263,0.427019623085536,0.30721252443985114,3
461,2.1808680161793053,0.4189955866808255,-0.9392482335690585,1.2152006062145948,0.9909718652899262,1.0189618439951982,0.7137558662866383,0.15172004989621857,0.9290474035400305,-0.7491216528852038,0.3466552878737539,-1.128556555313874,0.4249060167762857,-1.008546455045018,0.44971244414284384,-1.9482014670050098,0.296668621576448,0.40473782121333635,-0.8770882735039018,-0.7205285063235743,-0.09435164048019917,0.1863890619415447,0.12968454729976947,-0.33016834651925847,-0.5041439574275376,3
462,-7.67534864984898,-1.8262116378815643,2.422623998596662,-1.7536091763958679,-0.8828523545705482,-0.9237992633652359,-1.1589100551517575,-0.34641133246093325,-1.4298430668131656,2.853904227359577,0.6527578904308945,0.9852087167708024,-0.7952972254092594,0.2144879238965698,0.5879180976052375,-1.683695936207147,-0.4293792715150122,0.22611952962330406,0.1387062651394153,0.35182174722299875,-0.8065360001454159,0.4019855648475915,0.17371584231948406,0.5647960351956912,-0.11777010131121898,2
463,0.6292547412633933,-2.724419013096783,-0.3702480189295818,1.4489201837363193,-0.6702299268047471,0.2264829391236125,-2.1634090078638883,-1.7707723255403813,1.225965457585498,0.13988205399844234,0.43661727832931874,0.22178477040257905,-0.40057996769084747,2.7181390026785475,2.013764482199028,-0.28954962772019033,0.42834075930064763,-0.6217951711004668,-0.03661899968358462,0.5460591238286476,0.32778135617595905,-0.14788647636153257,-0.4646931675411988,0.18446943037214425,0.43706596551094534,2
464,0.529574244622598,0.3568724318784131,-1.3866519092551108,1.269790685012127,0.3201610088196931,1.010052781075717,0.36700325963985714,1.0139274838188062,1.25163850093677,0.1733792122107115,1.1650224929309712,1.5640545349015693,1.2160310700774062,0.8148918188634884,0.7467561862238831,-0.17782876369391554,-0.8283215971649087,-0.23849700041769806,0.3905190567600405,0.18772976355039617,0.33388654545510693,-0.10576997993642778,0.45906464282043474,-0.3570707455420986,-0.5392070479104004,4
465,4.199506794122852,5.707226434669025,2.1431523384139766,0.9489443270147802,1.049215281766076,-0.6683038769149019,-0.46520448964418204,-0.03889596666438355,1.188006067933724,0.32407691204044853,-0.9664793671230549,-0.37548540669087105,0.7369393895429677,1.044198640650889,0.900791269117515,-1.613354532105908,-0.2157723908407032,0.13859314485125163,0.091744808438464,0.8846904178418766,0.21312458780283444,-0.43069566134829673,-0.24043649262394787,-0.2620176643599216,0.6077355296835381,3
466,4.5124778850493374,-0.3790433221294407,-0.6542277510520732,0.9362650673529829,-1.402493800120592,-1.97738273054739,0.006028220868861123,0.8806164910242114,0.045891129863870006,0.35168301204827557,-0.7425784352582363,2.037390290590952,-1.1645072863544548,-0.19778691373346202,1.0085163940208086,0.6030391067797747,-1.1321707455713508,-0.5325466188296346,0.7685195554147568,-0.9981825897349761,0.1686542959571501,0.19499890001553277,0.5126753388759722,0.23001919112025415,0.324683199831874,2
467,4.528497655819939,-1.6302679592905533,1.8028604436362305,0.5653671105468745,0.6378237178161728,-2.919628189748762,0.8297495206503966,0.8919143959199896,-0.6100259985297498,1.5077401612367676,0.3670537372304129,1.4911387291615736,-0.8217338624975271,0.4401369721766797,0.7517910689735544,0.5711406715642746,0.7396757940983769,-0.733869332441381,0.36436029275756665,-0.031372954933387764,0.056888135558959,0.1683036295969097,0.46942258542277354,0.15945186159268243,-0.1523987605993238,2
468,-4.872464800953203,0.20135680834738068,-0.5056776776108777,-3.810138811266009,-0.7202210015729986,0.42661810656727317,-0.6118831819540325,0.5941954321838487,0.7122351389623187,0.8098710185115087,-1.1582489452697013,-0.8703946347816597,0.5452866604627116,-0.752262235788655,0.40364498207554467,0.3038384903944473,0.4717894317839493,0.44789177120013246,-0.4522080709050502,-0.5380894223163457,0.27134497260999535,0.26389103281356174,0.07126948714077169,0.44014158383085744,-0.057814814574753265,3
469,4.425247288900364,0.47938562964278386,-0.14798887100798286,-2.1697062840269563,-0.7267371186397364,0.6788878791024668,-0.16629268413539755,-0.6626193514693238,0.31564592727600216,-0.12884143916363555,-1.622743945761817,0.7016369663502982,-2.4754729340379362,1.144983815816575,0.17996565892105332,0.5740455728647484,0.5514916187277867,0.6653199595269141,0.8246439253160531,-0.5272640517354573,-0.30956500158235234,-0.24289466405853133,0.3985619593768975,0.46247035504774037,0.1336536947085775,3
470,-0.6144059259877679,-1.6415692479427615,-2.790546313528605,1.026845172785404,-1.5237357691614744,-2.3164795375951526,0.24284299001216425,0.5607493711455089,-0.05745528903686381,-0.12876327039653296,-0.7645138719485389,0.7789162368238096,0.5243288645564057,-1.2844046346860012,-0.6304883007747927,-0.7299005671894168,-0.3385311046924533,0.1597561121956268,0.09097588010153412,0.8946037720018127,-0.488486750321551,0.10790613528229562,-0.820280119490746,-0.5622375190404981,-0.7293363029523753,3
471,-6.678083923377933,-2.5364128938792896,1.8625502060182495,-1.5616970298256616,-1.3901287569797887,1.7236910085014059,0.04310517575435435,-0.2667461662043543,0.5440510441697115,2.685354893514246,1.1217905407073219,0.6443755582951796,0.6128747487433861,0.5062430862532101,0.5037287757891936,0.5156204769825732,0.2166644307032879,-0.9010307139679483,-0.39035768824352846,0.2150149431814301,-1.3721023184472227,-0.4850560777230234,-0.14460003351178652,-0.5717271187427373,0.42818360693795454,3
472,-6.736871639902789,1.033723951772922,-0.8205400984294614,-0.025404145662847988,0.25361251280589925,-0.4345794630270525,-0.2547123121957262,-1.3182350031177263,-1.4020272867649948,0.830156564003183,-1.2785987167699904,-0.3060033044363666,0.8498960448650736,-0.13376062844091274,0.7861067248142116,0.388689161034357,0.12315911744330799,0.23864461340918242,-0.07467116603703561,-0.0032325334497748104,-0.456220716616092,-0.29353567156981464,0.33260854986451743,0.3004939686789304,-0.4323420738424081,3
473,2.002341825057055,5.385572762072265,0.3241460339674467,-3.478246102609845,0.7010840046552027,-2.0075397155909345,-0.32568261810669163,0.2934800963591262,1.6619731915902154,0.8932223292424758,-0.369826379839979,0.10838096540060671,-0.9294525018875179,-0.3759687804318933,1.5951349432762503,0.47683677428823446,-0.8292656721557847,-0.3021849641203995,-0.3443969577677026,0.0458585156917507,-0.06148919656322771,-1.116404395528032,-0.5690650754158508,0.4280299697393096,0.09169613696778298,3
474,1.3796612839105507,-1.7440029691470897,-2.667851382596678,0.4415536547752388,-1.054206219010969,0.7420256244439729,-0.8492178908875454,1.2156214218065813,0.5476882416188018,2.0508302954926596,0.5000414313236643,1.107251542809093,-1.567747974725266,-0.9396006782077266,-0.7636794972509542,0.34801130941647584,-1.4895970316809184,-0.5514930988153766,0.5198336063034663,-0.4379581546815474,-0.32126733414972997,0.1835401842977179,0.2609541042182379,0.44794929427419594,0.11734554794609228,3
475,-2.563454316958426,-1.2287404836859608,3.3922977211168392,-0.5098519260921615,-1.847504719141924,2.5016209612367306,-0.0023507399319249167,0.03749044614658459,1.8692228703825702,-0.5809081055775083,0.28153728504218667,1.0417645158211841,-0.3935840248835234,1.960355205282732,0.8804461562546283,0.2780019624158394,0.6295118311808992,-0.4799408840263104,0.08948548792513655,-0.29705894360423774,-2.5078831449074617,-1.1522712590946382,0.744675582123633,0.1078563488854124,0.3476247636079971,4
476,2.0404242194205935,6.219459580617311,-1.36668424371373,1.1137643812183078,0.9834186476509412,0.8552978283578208,-1.672202459497826,0.2799138282307023,-0.20090401144117154,1.3248123418631619,0.45558623128607056,0.8412570112330626,-0.649564553318017,-1.2772409643194038,0.950114326924092,0.40856083447511193,-0.1093152057609641,-0.17549425772365534,1.005279415625997,-0.8177970467450811,-0.06407462568370292,0.30931589175751345,0.4401201193350665,0.2294086592969139,0.2231982970285676,2
477,4.510045858614896,-2.4649983233698842,2.1081626338955752,0.7876013635560297,0.5933617931151767,-1.777087988206297,1.025642403491827,0.5678294245737832,0.8998116033754231,0.6840890146741264,-0.6975974098727502,0.05792122923191778,-0.3221419562347718,0.8983660029037113,1.358628518964812,0.31532447774022465,0.23150779368471275,0.2548681306460896,0.03647272713582739,0.24444984598759367,-0.09282043195522205,0.06540511736446486,0.44143292654055727,0.18095010963926084,0.1874821695036689,3
478,4.367745937982834,3.694422582819829,-1.5413418299746913,1.2747770417838118,-0.9854874219484764,0.7750504486086149,-0.269965267019427,-1.068264712372066,-1.335775891032571,1.5658436663627446,-0.3073449078555801,0.6248192990835433,0.2874271449340484,0.20837552268410042,-0.3548965614317885,-0.15687645200142986,0.047398424961447416,0.3766501701123124,0.49121808301457914,0.15991502912762345,0.7255522569904221,-0.3238550602901187,-0.25075245780495115,-0.21214029035615012,0.5192634074550662,3
479,2.309023295475578,-1.9096823827887577,0.464130549886264,-0.1417244538389144,0.7895295142357919,-3.0136519148405907,0.04851426500095135,0.28761613362073457,-0.19845920299884945,-0.6237344324041073,1.8367832705405034,-0.6746863943564343,0.4912541042690588,-0.5332335209713718,-0.39187213209032395,0.2697475069013304,-0.18814103994012266,0.10115721939363498,0.26048521104846634,0.6919323659593926,0.2603468205636636,0.9159969179365365,0.28140430738526484,-0.44292990978363134,-0.3813351065550756,2
480,-7.649000892222494,0.09502707751102157,-0.8646646710366999,0.3249186905863497,-1.2713946576105983,0.04173085152592382,-0.841492955430295,0.6921534245498648,0.08187427724347796,1.1902211146319819,1.1138750598548703,1.4029212957939916,-0.9921351682957877,0.5475536262374072,-1.1812389038753397,0.4493315757049645,-0.06627290877924308,0.3335079665617968,0.45889379921424167,0.2763918312794138,-0.15900946472006505,-0.4712051505750061,-0.42899486765216394,-0.6137819893421232,-0.401385300876848,3
481,4.3975715268261855,-0.5088185387894861,1.8616244452953914,-0.18274543255495956,1.3390969831782098,1.050719212026566,0.7902168470776321,-0.8033307621935186,-1.1039875479920305,1.2084512846297364,-0.970250986061109,0.5295293481001977,-1.2123220719019945,-0.11312411289545654,1.6997633638801286,-0.017148198871550946,-0.21059413276511552,1.3132086774235425,0.385067891940694,-0.37262264792252897,-0.3548356426531597,-0.14412446620531422,0.469429548347891,0.24494654426603268,0.11626444660678822,3
482,-3.8648593132518023,-2.0811650396398838,-0.8745570805080358,1.6328525561859126,0.1443107216990227,-1.095789949124726,-0.9736134855686704,1.6879328131447218,0.1440686543262495,0.1072448163637113,2.478912681439218,-1.6192717808268338,0.37583203496454054,-1.4405209191879815,-0.6629195428107564,-1.2927636609493132,1.171163011283305,0.7364148040688221,0.22549580113838363,0.020339646586510995,-0.37021078652648975,0.5499149176006994,-0.04682426601649031,0.4415685727443218,-0.048260957693210135,2
483,-2.6523281500229565,2.1630114054709644,0.6411441852368247,-0.3548536802034934,-3.279271618516666,2.135730451857079,1.7603850929454499,0.3267651299037748,-1.0295338547061883,-1.3165174124519106,-0.4824019418683987,-0.277286388816556,0.004026387987958513,0.26744158251876415,0.7054805809687913,0.43104657537934976,0.22488825284695668,0.6011383231238767,0.5480928804804703,-0.2536932517446303,0.8296320255329072,-0.058191161880949416,0.5989220901786565,-0.4333588303816865,-0.3774062391740519,3
484,-3.9350854313952777,-1.1878873003751198,-2.102660293980693,-2.2384376071118126,1.3321423339293965,0.051645199552080356,-0.15893500318420495,0.7833045906727647,1.671248855250309,-0.40908832995611283,-0.3306019638821751,-0.30976538548100785,-0.13118238357188217,-1.8311874250024531,0.9194456673801762,0.5267469395893838,0.3493242594896038,1.2194361255502066,1.0331141436250912,-0.41176671260407083,0.05199955329085593,-0.039300581867594775,0.3874389540219993,0.03197186927872098,0.28599017417920636,3
485,-3.963623076563376,-2.0112587404956437,1.9380478488072004,0.8971366775083749,1.040659866356253,-1.2506318816425932,-1.599541624214271,0.7917782520301264,2.576866980324576,-0.2094907304786212,0.29457598957337805,-0.44782770529878935,-2.2427806076670858,-0.9181924130947866,0.5890219794370838,0.7022887766485688,-0.5592424429362863,0.6512019854581004,0.8369528161465332,-0.4543142254669106,-0.3872145288622194,0.3475991607704453,0.45344901670530086,0.025900576621432636,0.314880730863459,2
486,-3.977074621658799,-1.92280620935699,0.5850877271921642,-2.0850023719274624,0.7616696360983297,-0.05636547637550171,-0.5082847583407828,-1.0286886616092228,1.6003191554011806,1.8225688800135686,0.036382135922609415,-1.1685317846282737,0.2563558143052178,-0.7969206250179923,1.4106750906845447,-0.35416530360635123,0.6597930464364352,-1.0944095901636457,0.08105522376346785,-1.4757143979597616,0.05311231405353678,-0.9158411273880795,0.21875553007982457,0.666380860020049,-0.2852692117330326,3
487,-4.080905113934691,2.1350616564780855,-1.3133975791816694,-2.251772480027767,0.2962290771972338,-0.8456825922161872,0.16995726295542424,-1.0887625014628748,2.3473257036233433,0.5691078022295971,-0.30638970404442545,-2.0916573737426556,-0.7657534133296167,-0.09528414369992433,-1.4773265692598716,-0.28954317876487723,-0.7428101748920082,1.035153930591326,-0.030289298602535375,0.8538423387585021,-0.3353896123832186,0.4531605889005382,0.14955447835188446,0.44471840417227504,0.11639311274922706,3
488,-3.8604692437330534,-2.0721944013685567,-2.976251045963304,-0.24139376712039917,-0.14839559401465985,-0.44120702614715634,-0.39052336338440075,-0.9046406163827789,1.91205359935939,-0.4200440223369875,0.0895168970301814,-0.24254077628503734,-1.699585649044143,-0.8039624260412601,-0.3362136518588754,1.0709593771005106,0.5057667096472978,0.2451101752951006,0.5005129829687509,0.075854190346064,-0.4634999897015254,0.3552871169135302,0.24486089990918686,-0.4673756426676631,-0.8013339620971336,3
489,-3.8474425905358434,-2.34207065819877,-1.841412944832967,-2.6127699966156848,0.03212469367907367,-0.5994797830812497,-2.5091665261927747,-0.1366199699863604,0.6995586042679864,-0.3669587629819119,-0.599466807551873,-2.652261635607979,-0.7338169344858896,-0.2440473352946526,0.011620097048866795,-0.05543365198893557,0.6091237394011273,-0.8202762318088213,-0.6012342015519974,-1.649969722160606,0.19845183832801944,-0.06694249244677386,-0.7410692433558912,-0.6708067650911042,-0.22346017132181217,2
490,-4.073660704299092,-0.5199995826048074,2.800256316602235,-0.003909284981371108,-1.10401905406339,0.30935492066372783,-1.1013286541260094,-0.04289397234849113,2.087896559720054,0.777530588839941,-0.2921990917177706,0.49374585862967546,-1.451003071495693,-1.6092058822134836,-0.5713611043938436,0.6655570869733167,0.5613956827159576,0.2285558617356842,-0.283718354693695,-1.0385832177707535,-2.376196901693899,-0.4007686412956373,0.7091552150321994,-0.9972461724252152,-0.08724647808648993,2
491,-3.940096331017644,-0.010852417812816206,-2.086372583186945,-2.7250447219532585,-0.3850195671646336,0.9620823216376997,-1.3320728144277012,1.6397435192743046,1.370821470082693,0.8550024237101438,0.9857588482309741,0.4589287850392556,-0.27833084802427144,-1.970639049363791,-0.48647222380721566,1.2789587979897892,-0.16885372633585538,1.1626678978341038,0.5677376538502745,0.035181536591559315,-0.10800433592613701,-0.14884637613304752,-0.506329279882777,-0.24793285035006696,0.512633426055247,3
492,-4.047160552474509,-2.2612659154954797,3.18028732363869,0.3762585930615101,-1.5544373211586113,0.8215970825607144,0.8965312201757643,1.5885953559751878,0.5695003763318485,1.0181263514135535,1.4577343711240152,-0.27551327854419383,-2.1074274900054597,-2.354261405871974,-1.3875153670725586,-0.7324527143847027,-0.3569985331956622,-0.22021894421414245,1.5686206581824291,-0.7984514860493048,-0.6593417321172866,-0.4840339802147101,0.009509042668789103,-1.3317661457344099,0.33193335790401546,2
493,-3.8881308141769306,-2.0764128219006297,-1.263535720669449,-0.16799457962102116,0.26209504773577397,-1.0735653137690595,-1.0090336772945898,-0.514463057036942,-0.119044274464716,1.2397681371658598,-0.30570566081648076,0.004273814928953179,-1.314595317412633,-1.8970063791083407,0.06386448165806002,0.8083122541141288,0.02562242831814543,-1.0170540176493787,0.2882256092465405,-0.07967233236435378,0.34006137784821944,0.6920530921229615,0.1934753119212626,0.44187277819737425,0.09948353193697176,2
494,-4.009556159844646,-1.6172770426244005,1.054519360597064,-0.581552854329968,-0.2988909795482896,-0.38984275825596315,-0.2701910129942089,-2.5816316848199286,0.624307889273009,1.5053118019882779,-0.4094602891824255,1.3737602275604637,-0.5805354802695926,-2.0491795226112113,-0.45470386926101874,-0.011526273954188149,0.7042947600267566,-1.5957642378614798,-0.2750602138660405,0.9861383383329054,-0.12114135864420683,0.5021921663253516,-0.8130213881297095,-0.2581394743365072,-0.5173622920883567,3
495,4.488114237925741,-1.5038646807038223,1.8363706219708085,-0.9055510833322438,-0.916129723543375,-1.0214853347822956,-2.088544601435566,-1.2089319023766105,-0.5741990032279363,-0.9808075839435936,-1.3097204769733486,0.3506668966613229,-1.6638592106191625,0.6723905602947384,0.976325922917744,-0.2968464742651098,0.3103639000675451,-0.1969969158148448,-2.1710775825205797,-0.2821748047137859,-0.03801044481397031,0.5465773155401878,0.07401517751303838,0.5609732155299271,0.0510009777187872,2
496,4.312057394099808,4.45007216918169,-1.128727614673957,-3.51512546080099,0.15830634353027184,-0.6352881824226659,1.4639798707816913,0.32866227448512175,-0.0012787067128181562,0.13612666588398348,-0.2748199169054437,1.4801799246571088,0.46605370167992444,0.2742314000157329,-0.9847493137657559,0.30925215970322895,0.20080468974357535,0.4480260929643656,-0.02452768737695621,-0.7639398224053695,0.1686522573118563,-0.1081920239341913,0.3165712188900525,0.4611303359332338,0.09711177838810534,3
497,-4.187728369108768,6.056886924782457,-1.6682117053602676,0.7886146680945063,0.9863885958238325,-0.13537664769962277,-1.1513694286983494,-0.9504008459199541,0.9339907604059507,0.9514379957280911,-1.2594743360091936,-0.8715746433427721,-0.006441802818754283,-1.3388757208923017,0.3877013056877444,0.581905589150451,0.8186545583412643,0.20595331578467313,0.7264254322682038,-0.2038669576759235,-0.4029657116977533,0.19981575942004787,-0.7364403400627942,-0.5580373214008286,-0.4900465198177978,3
498,-3.968060280001275,-1.9378959982714237,0.797118660283193,0.8869762813703326,1.579030576266075,0.9083424742116,-1.1257910056027276,-0.8348302598091719,0.9119919391660698,1.977624789036868,-0.3976290563838716,0.16759883163777234,-1.3801554978858759,-1.8010097574460788,0.29403683582322737,-1.8169748980310518,0.11897530593711036,1.269578512383184,0.3295442163533977,-0.3484346320700596,0.4059040062816663,1.0210272370451285,-0.05343027486094576,0.4243299110070212,-0.1682632956440122,3
499,-3.9816837240986587,-1.5712814393176298,0.5157658266555409,0.5916036429279781,-0.5083891163798147,-2.1943479224601257,0.19959615471051206,-1.1021771194143895,3.316212902578851,0.47206982580965584,-0.3334729128962912,-0.5267612452403425,-0.8170927801086295,-0.6820849641142257,0.04749147034652823,1.2403338471631566,-0.7494846560685777,-0.40808128907875707,-0.4298000540046383,0.5507508644265484,0.15488665647405808,0.2673722318836005,-0.639955578293143,0.10166720333589985,0.33003846102544476,3
500,-3.941629981891767,-2.203162043549386,-0.43762792775377457,-3.58905614414834,0.9216137090868013,-0.9151756518331384,-0.3397784653098217,-2.4204907003028,0.4300036914802532,0.714517645056633,-0.6489710913809825,-0.9893879273395512,-0.7945734676818589,-0.5393797235427984,-2.189688238448756,-0.3741462964584301,0.31008681646588077,-0.5845965596199334,0.2395498805131444,0.6069826724976506,-0.512856281662854,0.028841507245755404,0.5642472602979665,-0.022814284581755717,0.49945854012000157,3
501,-4.006716382128213,-1.6356042518245488,2.0668116935983987,0.44434236223815615,-0.45227757371180116,-2.3249849625710937,-0.9280888040084689,-0.11328481755731912,2.1747370866745293,0.1991005145823529,-1.8827942885564182,0.8472452868997427,-0.6134993401989346,-2.0257210109991663,-1.0033676705448231,1.3978779371571526,0.018841908307861477,1.1427154251671139,0.587498209499524,-0.10109176202186809,0.5511712206022861,-1.3069899008291166,0.27203384242965484,0.8601810283374983,-0.5485160900329054,2
502,-3.8903947811954147,-2.921015324770288,-1.5581191798462874,-0.20927051726492607,-0.9889492615920576,-0.5282974285144033,-1.0636498585177878,-1.9468808001547466,1.2402856501768644,-1.5117148280783668,0.703562769278518,0.5311313350239328,-2.394444642786179,-0.9543612433854851,-1.4155916476677637,-0.5930918417613911,0.3645331097721636,-1.7218268736953664,0.911467781297536,0.28338577870886095,0.033043830421564224,0.6436760179755296,-0.8203145272528818,0.41825427584590436,0.38231787646327053,3
503,-3.8570377582777784,-2.3133200169376673,-2.340233697362396,0.375178655339504,1.4216528209266313,-0.35653156477705084,-0.7107196419785891,0.41499970927269736,0.42815212515220447,-0.32411463154936576,1.032887729640856,-2.392303764593607,1.1451548573795485,-1.1879109525475011,0.7668538007889324,-0.706636859963204,0.6902016060741527,0.24562888683236395,1.0400442350630485,-0.08141569972813845,-0.06110865452357661,0.05849783532719316,0.28072626516512794,0.13186023740907293,0.1934602174870276,3
504,0.7056692951468229,-2.06954455044633,-3.355566060985452,0.5154486273145582,0.09949401834891147,0.3444587560959489,-0.2300653393545664,1.6129886654023133,-1.4076600233407237,-0.030026314634482465,-0.8272971910084699,-0.14610275277721163,0.9313679414371019,0.7606851399346186,-0.42357204053872954,-0.42367715133937933,1.030044886611178,0.9183552234484162,-0.06265851718511284,-0.06583752041574764,-0.07755760534927103,-0.09827073626329985,-0.6538503077445695,-0.9011752128477314,-0.5576649076977583,3
505,-3.0576339762659632,1.1672148062524332,1.617107125301082,1.200088039789239,-2.3937971459833536,0.8173177872972106,1.5088177474743203,-1.1313554416025289,1.9274146704448452,0.05450710469122644,-1.778364490899501,-2.3595471296359034,-0.459271350063293,-0.37336405843953024,0.5942220477608023,0.23957505773324161,1.1898119926494748,0.39658265229887046,1.2588094660677043,-0.57750254459386,1.1938271275842618,0.14985047415979574,-0.5651791214203992,0.06695197117345453,0.2985272563924011,3
506,-3.937906931418258,-2.8213805600382584,0.868883493941411,0.036345983513617064,0.3224071548016021,-0.6731809680562888,0.7752237393267194,0.5604437429789169,0.8069530112367889,0.2727150651262529,1.319496893601737,-1.1440441223003015,0.6084408625753364,-1.663117620560112,-1.9654278483254863,-0.16091104070885587,0.21659469603201975,-0.7388467246678432,0.13711482251008134,0.9205266910302523,-0.4463044530898078,0.3578663720326044,0.2798192452185824,0.2721366920413556,0.22519725650785774,3
507,-3.9903832050019687,-1.8627200246919944,2.667221940708897,0.5921618123797958,1.4050340568426212,-0.8645058171900848,-0.18942521564236747,0.6796434823684856,1.8396143476022848,1.1380158332499826,-0.08990146191988724,0.3742800589975612,-0.25658024130986923,-1.7630331009764073,-1.1172942455696997,0.9564915617146537,0.8777037152917027,0.33092713684513253,-0.8207384720998667,-1.0125321790815107,0.5314577477490989,0.3532497259897212,-0.5664978593932974,-0.4000336245054696,0.3905966101959071,3
508,-4.012872432225473,0.16085249329716156,-1.168055126795537,1.1624288186397798,-0.16991507923026694,0.567009864228365,-1.245315625688926,-2.223334059467285,0.9739680901605743,-0.19678172533295615,-0.40647252527872046,-1.7269122260033818,0.03681905679461073,-0.9950471576293693,-0.17459496191579071,0.8193456545892439,-0.21239998439631602,-0.16862671869099666,0.5071752723557541,-0.3417822336730317,-0.16733511611928897,0.4080997875709676,0.33283599084703525,0.22490372872314957,0.1737888277448865,3
509,-3.9172341725071096,-2.733449499350424,0.8141832614389906,0.4470797023567896,-0.7666003267674049,-1.6361029024005393,-1.25692811190837,1.4424715712089742,0.8996588859429409,0.5926141771879984,-0.14270799182735616,-1.0184909942817675,0.6105210715644258,-2.191857394747752,0.22262433583703511,-0.5416243084488326,-1.1050644356130581,-0.7079468994325318,0.03255851620530592,-1.260232709523931,0.019658462097686402,-0.9813882799164746,-0.6921920431091589,0.2971781578353,0.06480500056811772,2
510,-4.042944566932993,0.24877354796062745,-0.6247494768006739,-0.08939030172646323,0.2240199923402113,0.636398626676387,1.485585186015573,0.22429343587779238,0.6620513683493918,-0.5709396566697468,1.69746876335424,-0.5699370188376958,-0.09822131717889948,-1.9829733998343801,-0.3827549670690831,1.1910218152356133,1.6303636923402713,-0.18287084789227093,0.4784055105840439,0.4058879956790964,-0.46957177847526166,0.3778066554338368,-0.7718342414558594,-0.46067968301279333,-0.3349752201794287,3
511,-3.94846738544512,-2.0289775375109853,0.5643524346677931,-0.055994886582038106,0.8290122955010124,-1.5697702184551092,-1.9831597466193018,-1.2311936691569114,-0.005076385996786392,1.2078588380006923,-1.286426235490046,-1.0098148429535232,-0.5551867471969723,-1.833038617520855,1.5505663398243446,0.023601107561562973,-1.271455139630727,-0.7439755900654479,0.1816170366075518,-0.5668475878762949,0.07143419402894924,-0.6907636704545504,-0.44186252835819356,0.015570954639463008,0.3123539705630314,2
512,-4.167302200841307,3.44828701888931,0.16567688757020638,1.2379086856095785,0.0767360471746954,0.11749375237433224,-0.1535116107820893,0.7343536040197891,1.9343197945362363,-0.18832291277927737,-0.1932084989207583,-1.9603831878842402,-0.11132123946719386,-1.3632537630136605,0.6255659573155613,-0.5543322548186318,0.10877495915960766,-0.2501255258350432,1.299970076457376,-0.5136761340444163,0.4832068697675545,-0.33100865990610573,-0.4792452034845715,-0.7198702508848152,-0.28105898268948015,3
513,-4.882599767431685,1.2729362430860096,0.4689429092447668,-3.578968007068634,-1.3887249097595673,1.2879112373154373,-1.7441730471765773,1.7691482871088642,0.015758573574561563,2.0699501596648187,-0.08180589762720314,0.7421305550435329,-0.07825236175527639,-1.4995456670778429,-1.17151057420446,1.1766394107554508,-0.002127238321224967,0.4275068600207632,-0.8289278897533592,0.07565425346762711,0.4304948523238372,1.1034229630617514,-0.007631547072451339,-0.26407563102982934,-0.7539475590468536,3
514,4.414297296088035,3.324777621327259,-1.169608828434282,0.5580204439197574,-0.08159837831477701,-0.16994734779413756,-1.1370870757712286,2.5761950661885513,-0.4946257597923136,-0.8938600843045001,-0.5747053358169003,-0.5638579992943855,-0.8326439777708499,0.4557500405638004,0.2569474314212994,-1.4567759132226972,-0.004810512655044841,-1.8755433893135207,0.4416715601657688,0.3968614449602623,-0.4932474506571377,0.10906038205956703,0.3035115335802819,-0.2654635202507035,-0.6325028002140983,2
515,-3.845587760473526,-2.35526144401628,-1.49477370292637,-1.5197998142245752,0.7665936418889614,-0.12641152490694996,-1.9111922784694044,2.2148315128377725,-1.2400834942160306,-0.1825684626804971,0.24876543532411155,-1.1328185563554967,-0.7962095267159826,-2.5916336279855496,-0.4746014194206494,-0.34198095651415894,0.19489749725513228,0.5034566946113967,-0.11951118313067233,-0.1756509521832702,0.1996676272647931,-0.030656083850687965,-0.7857120249050855,-0.6239635482889143,-0.3271591674578687,2
516,-4.042479401592468,3.728222518788547,-2.6130189405737676,0.11618864767124926,0.8429204072212484,-0.2861574267284679,-2.2455934369296826,-1.5527090160847774,0.013450685384110983,1.1889872943411284,1.0021905249584253,-1.0318198663238973,0.2691158412359651,-0.769185559953662,-0.5023288179011223,1.0307936073181385,0.16395230042478692,1.0776501485165184,0.8017565235498951,-0.32111092087747867,-0.29885846600699095,0.00012933334182080314,-0.5071675009295602,-0.22782502473669408,0.33837860271632914,3
517,-3.9281022947240523,-1.0772787532756616,-1.8506248517306871,0.03170998501932498,1.3716298836269247,0.1500682103974058,0.28223135205632577,0.150788371789355,1.2302192039316528,1.7258013802400622,0.3622628858445175,-1.2971493198532944,0.7656558786339303,-1.2589564741364456,-0.1884961731923377,-0.3627325349260233,0.03211626578554827,-0.2316502384176471,0.34937025926972787,-1.1137528199350923,0.4837957270843088,0.10301366481432742,0.24609194953210461,0.24796717327149287,0.06057792596563219,3
518,-3.932516382521692,-2.197279342268036,-0.33092614199025594,0.8734218031523526,1.962819289298196,-0.5600026001700771,0.8595530523158388,-0.39664892189251,0.2611837223222957,-0.2077853946170856,1.65858666527369,-1.427833029996469,0.6795292360303313,-1.4138731303693317,-1.9630087800417808,-0.4416439632101896,0.011044963352225379,1.1254048608444736,0.5056150591676003,-0.7208456500935654,-0.5888673496780835,0.36511053496058443,0.36365814121051737,-0.08461184936028665,0.30799445797240377,3
519,-4.059995721096273,1.1584103088168494,-1.128667555870123,-0.32914800116716325,0.6418430683130187,-0.012212102208505993,0.4190634615961022,-1.4157633590384398,1.862414493798072,-0.4680024914430635,1.421622590304993,-0.18894772468049803,-0.34530843909116515,-1.2217278570307502,0.730230437919665,0.776618423927379,0.5754839151651541,0.2627861587847251,0.43351407550574095,0.1141133196678269,-0.12574606124189414,0.8707656611188278,0.0187816624291422,0.5395711916177731,-0.0960768543999403,4
520,-4.124092305545165,0.9308498388755027,1.370330264463987,-2.438751293440334,-3.815383393358565,0.15859046714625258,-1.6709701779199029,-0.9303273490968069,0.657084787317423,-0.2604310463020927,-0.34948337783859507,-1.5591171478828802,-1.0891634256248932,-1.5820017931099266,0.7161913760929545,0.0908396575068462,0.5151010306680206,0.420456497313503,0.6254392029313816,-0.12360448396769852,0.90494883999573,-0.18756501892437055,-0.332224996176016,-0.23775601458183604,0.5946552548471167,2
521,-4.242514437274199,2.5243754553084905,3.6208933716739278,0.06515069725986677,0.8391414202228173,-1.0187431917739618,0.4550294735999114,-1.7978451142665364,2.373399850841632,0.3018976646193805,-0.2731708572051803,1.0558021276073877,-0.8375596065750855,-1.470602313998458,-1.8490550842266744,-0.15938307448356515,0.32993901738508713,-0.7916121465238364,0.19717109120143705,0.824553922952528,-0.49281341493021136,-0.08914248445009099,-0.3630575586169109,-0.08215135724098999,0.5045349057005335,3
522,0.6254446267535254,-2.1193385691422018,-1.9321812122577304,-0.00963223384400047,1.34043307219552,1.1326055451821406,-0.5737029739439174,-0.6453091220496329,-1.371489688031663,0.1748506391694864,0.37908541021189524,2.1037639259988143,-0.5412039323838784,0.4708327128324623,0.8523733955494918,-0.5932905187584723,0.02830984872903808,0.4876350062167374,0.7515105362139827,0.020308477093347155,0.0759680749830911,-0.33231176514420624,-0.35051059457854217,-0.11435004697071949,0.5455566996654012,3
523,-4.024008542091153,-1.9075388026975915,2.0011622115719447,0.4069457235149003,2.1685161839690137,-1.5213409410198773,0.5331631540158113,-0.5106285868571648,0.9286238127784356,0.48116691239971954,-0.7583663377227541,-0.2515117552169892,0.44241878663962586,-2.1589113643135995,0.18794363892693178,-1.2978680886224476,0.26774849043040616,0.12474460770606699,0.7398128512062718,0.35065835303244364,-0.12053365707981156,-0.37651182438011166,-0.5350176788698932,-0.06201318589918692,0.3176910024606061,3
524,-3.9294769220951054,-0.7478934840060436,-0.6972495116559436,1.0535151981929993,-0.8155915969468153,-2.257153293744276,-0.5552210821221935,0.04827550047282969,0.3803757658577904,2.3215513076480563,0.9069424216057931,-0.5760177725590665,-1.2303974850772008,-1.3657119986350625,-0.5665290596926108,0.01306789066609726,0.151383140054127,0.16632711208695206,0.23602821289143838,0.44079099795113663,0.7055662019872253,-0.07197493526719667,0.6573126437417687,-0.12109207945182776,0.34070636701412826,2
525,-4.091693802552403,-0.9198474204468452,3.6634602889440524,0.9286590526956737,1.598182356821502,0.33040132650297416,-0.11427939683766475,-0.6829582819818512,-0.5284203258017013,-0.7417403530046477,1.8416517178111445,-0.8461707006678625,-1.0766214681201305,-2.10209119952947,-0.24466753513148115,1.0762789825047,0.44314476769852407,-0.6678461552986441,-0.08776674233300419,0.2940609263040235,-1.8709614583244445,0.021388200518465128,-0.8306200314468635,-0.22609518948757545,-0.5974313429747815,3
526,-3.9201873391856843,-2.7990619014056937,-1.1479153791358048,-0.2631203948051808,0.33783904697462996,0.9459891921579637,0.845764631921758,-0.16126253526578682,1.2192781585126582,0.9877956156215458,0.07888701644242535,1.05257893411676,-0.6017510446562604,-2.457771393406963,0.26451779164292255,0.2500454429976364,1.265191587464149,-0.42737559233713185,-0.9256824260290244,-1.2956991726567857,-0.14275302000276235,0.0536487988011953,-0.7927787452094532,0.06113048070078575,0.30533821141379247,3
527,-4.145213333736411,3.1050925535268084,-0.9401972622334598,0.5288958828750974,1.2312540034816009,-0.6979682903426312,0.5208254091136024,-3.2616368120320915,-0.11361128512384466,-0.3764382724763398,1.7940335723839427,-0.595727266517351,0.39849375440794255,-1.4848432288218816,-1.2091650242952912,-0.4762877222874091,-0.3409879411996417,1.0834001179613164,0.7064339311450549,0.18648633567465256,-0.1319093830619289,0.13353838607380336,0.4768949924245071,0.0813207913733025,0.1333945842205552,4
528,-4.114870361176582,0.5809479263855888,2.8474512692653366,0.2938426366443063,-1.3718278275634062,0.07557586113907222,-1.8914783397944335,-1.0116265520712275,3.2129586888636714,0.19210589166034997,1.6996213761349497,-0.26039487595708843,-0.07641501085318936,-0.48544980081032174,1.2843472403883571,0.2301510180674433,0.5027084507502404,-0.02095887232222493,0.6045684751620857,-0.17787751055316642,-1.4370376179721909,0.49110887975710316,-0.8812343567820309,0.3774108323313655,0.15954042269939298,2
529,-4.0677620828975645,-1.850323597010061,3.8300353962086007,1.0005859807155901,1.2337082549086096,0.6615773535794798,-1.1130676221769091,-2.160435968259515,0.5942130094735147,-0.900422168637286,2.270832856648869,-0.8963589920563807,-0.8012784024712988,-1.1430962912195297,0.8606651412911303,0.23835495727404354,1.0853420160492235,-0.5622562378795513,0.5102437343852162,-0.07480715935461058,-0.967879224767857,-0.04711291796626793,0.2337319492291447,0.5195331365145878,-0.20194945401226005,4
530,4.387409495243892,0.2599927933917159,2.171057970586123,-3.037481354569941,1.887156052077411,2.831543242095291,-1.6169370188008358,-0.862832304497831,0.3993826440155326,-1.1175329343404723,0.5187886934306427,1.3125117759506133,0.326466303958167,0.4866231779601393,1.1147525691656117,-1.1354170502222216,0.7408025154077662,0.8760366530047419,-0.40224214599096686,0.36947015869533817,0.23135853148997537,0.10021151147859839,0.3731739527033175,-0.579196564972893,-0.8218769993028483,4
531,4.536516125958757,-1.6208642869648173,0.1977109996091082,0.12971955113557998,-0.7301285773219115,-0.5326775197710742,-0.6146503269819026,0.027672436032701864,-1.5889078385752131,0.13268575729949572,-0.15776790277265818,1.34208157173311,-0.5736219185701108,-0.10808192115062387,-1.9197486069921124,-0.41129886011704775,-0.7245825373989894,-0.8510393351519996,0.4680171286034298,0.04658287901374758,-0.15070332832896383,-1.6737127632172886,0.40729282228271585,0.30956859050855734,-1.0118127980501253,3
532,4.513694667739367,-1.4419820984215153,-0.6350112380919078,0.2335009895409801,-0.09465289435853552,1.0935972393861033,1.249212299902477,0.12473908314092275,0.6449050371713274,1.4161522179265975,-0.08284056986768595,0.05057803775429481,1.774100313925743,0.8410042383307963,-0.9843660479755172,-0.7419682540118233,-0.12109038507208769,0.18613055831560565,0.6945231639042513,0.1769815874832582,-0.2601879015493994,-0.35026619658355007,0.24784485544729556,0.6589986866093579,-0.045090705906455475,3
533,-3.9505532864420285,-2.8841167718276965,0.4133501971856739,-0.5082601679374603,1.0803966792127535,-0.6751900119186867,1.4267778458872886,-0.5489514514726123,0.754712318725133,1.4559807640464966,0.9408510829587451,0.4344148361327358,-1.0625639090949393,-1.8822876751458584,-1.2606905813718579,-0.43751691863648623,-0.5939729103263156,-0.2526327979101377,0.9498687598719338,-0.2741121084654756,0.039481263568320046,-0.10389241875844951,0.3243511655400689,0.4809440083267552,-0.0012376352091490739,3
534,4.553245266280767,-1.4703688031561786,-0.4518853439992122,1.5975183057939613,-1.2054165247272262,1.1235853691020519,-1.5670218270427732,-0.19496730030939413,-1.3505061778484924,1.1491898457364065,-1.5980592103049813,0.305081324835593,0.6859758169685461,-0.024171949185950226,-0.4718974627596415,0.8142957530181762,0.14462000522313168,0.5100243808946496,0.35888934033890196,0.1838041394974852,0.7636326518942863,-0.6336254022689196,-0.8724053800678558,0.7393943613029198,-0.3288655028452402,3
535,-4.119962068588146,1.4982242350156616,-0.7279177607904064,-0.3703101715881414,0.019012005767540363,-0.87950242606334,0.44923830889558136,-2.30583032681027,1.5057607126335162,-0.47011857985161626,-0.4652790174450341,-0.9995020855514661,-0.4993074049282822,-1.6697250358481723,0.5976807406626127,-1.3227193425831296,-1.1502048823418534,-0.33310584444607105,-0.15718657063103736,0.7895321744223194,0.7847944418265904,-0.34868557762134444,-0.23144373138497754,-0.9444561182227946,0.06885261962841341,3
536,0.6223718586203368,-2.1363735016256182,-2.5323378012974347,0.5906196757807192,1.4229764031213532,-0.8488652833947339,1.4669519317818747,-1.7465316943514275,-2.190600614680438,-0.2604347919958908,-0.829575977563888,0.1944150846407835,-0.9349973080482166,1.0115309639465417,-0.6831857231288355,0.21899427409057015,-0.11779252247704841,0.538666019560317,0.26883515897753085,0.12412664385909289,-0.18850006915624962,-0.028735242699400032,0.5236649449778483,0.20246274617833138,0.3147502948567924,3
537,4.511872627243468,-1.5961688748463665,-0.2008291306275971,1.2448496237155813,0.6645256133463586,2.043920515683332,-0.44932645936091475,0.24950346830140124,1.2004607197135782,-2.386645202764133,0.7887689725397933,1.4095339051347935,-0.1104091104203564,0.26472293350725296,-0.14353433623830958,-1.5244936161956018,0.15968534098733356,0.6318505085048836,-0.6481731486843398,-0.395907413851715,0.24677671673829255,0.5237147039372871,-0.8489391483280808,-0.5347965848316487,-0.3062564841646829,4
538,-4.067836493208814,3.181317196910565,-1.443230178629645,1.2747836784576916,-1.0424051369236267,-0.35393650578590874,-2.6069155721813067,-0.9019894362834247,1.4341081721371696,0.13489576771485123,-1.0734003233467042,-1.294460523913794,-0.6719574687013055,-0.7962142345511694,-0.6326378530412786,0.9487335007997859,0.035256282173114606,-0.09140870534920476,0.6975692378425018,-0.4093152474870986,-0.228198949622061,0.25571120119798196,0.3812073893537366,0.11974352498323848,0.1562116261405381,3
539,-4.900367728413169,1.102413529974342,-1.3826164752190582,1.1875328815688069,1.103926495049856,1.6066292066238481,-0.9139277894398803,-0.7561873355944625,-0.27407286421614785,0.3298235878076913,0.08655475914220012,0.2969771923812594,0.025483532257775554,-1.7932312886666661,0.7268785242124091,-1.5152940874311802,-0.5515333427945237,0.2284059671988845,-0.1852264385405582,1.110762693439052,-0.14614204746302506,-0.2800633437018384,-0.4606455455859636,-0.7410975306339184,-0.17236018208051687,3
540,-3.884714658509578,-2.3140569277355185,-1.7556553162162678,-0.0875339730903022,1.919799017339397,-0.40823921130229834,-0.15399935035682777,-1.4471440527614496,-0.6821041124955638,0.4292282263149674,-0.6710030081761122,-2.7808526929904955,0.39011681381327845,-1.0647886119494354,-0.09165451567917016,-0.46871320078060297,0.8645775023016355,-0.6970690147857406,0.5110554906105622,0.33041218514838644,0.1029880300649838,0.39310823585744903,0.20931314847855492,-0.48067111932356416,-0.8661212048859734,3
541,-4.098212970522624,4.045124556208887,-3.1459711542373667,0.013701409483433125,0.856429287369284,-0.24732095197818893,0.6942606550509991,-0.00036142471799394116,1.3640339711026392,0.012108269242931735,1.7583032147032047,-1.4689538015156605,0.6172420596382242,-1.2304234642065581,0.25516927183673155,1.1617900704474708,-0.3891426470255681,-0.3793196523840483,0.40559653028931164,-0.30888028670529344,-0.01690608796107551,-0.07375383204736469,-0.46791237329146357,-0.11419829610953813,0.5583249656821472,3
542,-4.070154308889544,0.5760853194716162,0.28503864313668936,0.4401180712126327,-1.5363180389369138,1.1363842929429837,-1.2916180174433005,0.39148493481767943,2.0624565683160876,0.10056531060508855,-0.9620948567447818,-1.0211031262872607,-1.4322332050188105,-1.785168019857358,0.7184593336191535,0.4868558311572513,-0.19753799659223836,1.1891050052452794,0.1070504379409547,0.180154512033191,-0.7450960744929301,0.4096962167121393,0.15904651329558833,0.39573333560260815,0.12171463447266193,2
543,0.4701419212057871,-0.5182104006711468,2.021531750865356,0.04115438809335226,1.267781652532874,-0.6816217562385645,1.2953864316124664,0.3625998345393533,-0.09600512413175588,1.1111548639991615,-0.08191622490071038,-1.1699807932617396,0.4204322121049513,1.272420455231995,1.6465167156416447,-0.02784477155392473,-0.35029958188766974,0.10211184403273643,-1.5671819780509288,0.4033931332075815,1.0968037298373932,-0.6199928474265493,-0.13824854153858968,-1.2100989987847328,-0.3656614378132427,3
544,-3.9012033868248768,-1.8610214077005656,-2.959464960735798,0.7375485295326896,0.0181799187839512,-0.31660517312559744,0.23968846135647937,-2.6247010834536955,0.6159678765377645,1.4874663970265942,-1.3255956373349511,-0.6293038926294034,1.4324507620553208,-1.6290078832073944,-0.16420775580212132,-0.2466753058329938,0.33198358723348553,0.045514189076428124,0.4012321252536708,0.1064028090432173,-0.3322438218278051,0.19297243762809066,0.18587502008286866,0.25488467686881433,-0.3146975758614139,3
545,-3.922190741605318,-2.2488765020647605,0.16492199136104113,-0.14016766086950438,2.5838132645958254,0.2748244624017522,-0.6140009243931264,-0.13455713798667301,2.0860792781505166,0.5058197066695137,1.6251330402904396,-0.4458413795659737,0.6653026971471645,-0.9706782732764544,0.2830001570610322,-0.8976490741344967,1.0036620158527478,0.32710825784749176,-0.42184810950710716,-1.1762907470267128,0.21150147690781135,0.035346059725108986,0.40476143068083764,-0.21757016694610176,0.22673943224340995,4
546,-4.070014879637007,2.397869847328738,-1.0434347117261802,-1.6260079392978675,-1.6929085330938225,-1.9555329423987329,-1.7254722473734148,0.8309345875109644,1.6808101683961398,-0.5579446770002063,-1.396609698147046,-2.2251630653801504,0.24363551639886016,-1.3889644179876837,0.1458245868403003,-1.2648974163536708,-0.24436971337860625,-0.7015943843941863,-0.9738338386323533,1.6871781015673868,-0.6450039164666438,0.15611259682849277,0.035890678979514645,0.6182948195617185,0.1265757844712366,2
547,2.23716523167567,-1.9025255374929497,3.3877551897369695,0.11595687504128716,1.7151829851180975,-0.4642592836620829,-1.1566900263230602,1.3353598115268421,-0.46477602600205437,0.7760020661244437,0.8217367996299736,-0.6817968755134785,-0.28866336259521574,-0.8745758097000642,-0.23803449803335447,0.7632831418702151,1.2405736742770492,-0.17190390846700865,-0.07505320860018116,0.7625249700572034,-0.27771427525079984,-0.7621221250690013,0.6215720822796673,0.13068708229746118,0.19494242569445067,2
548,-7.794799563136845,0.9289870094784147,-0.5061779970847485,0.7417251121241946,-2.755720374601264,2.268250640745354,1.0766623973163183,-0.10456502934398881,0.6202513793513624,-0.1818600825642303,0.746679644743789,-0.1858284659540348,2.0220169736238724,-0.36188938644393054,0.22570045641898928,-1.3936066726369032,1.068215078857869,-0.9932825412216446,-0.6909254375365645,1.768957294956524,0.2920258527517187,-0.1752043365473928,0.3967632790067321,0.3928060626079345,0.15486495504115752,4
549,4.498240083276402,-1.4704721597243497,-0.19160446023940048,0.1521254410307411,0.19292610828584333,1.7162181471938633,0.31017492524023815,1.2154963173382538,-0.12450846568735541,0.03512040153003704,-1.1653258915660933,1.6666764513068353,0.24236889070447787,-0.7947371731424637,-0.257002626002127,-1.3441817361994046,-0.029178143371061838,-1.6733976963369814,-0.4411631888753993,-0.12402258809307154,-0.006791157885292387,0.0578881945071065,0.11717928874489686,0.7325196755794746,0.06288528084424136,3
550,1.2959558112041165,-1.9524169995711824,1.1623232986259977,1.0256205395417042,1.2646726165230404,0.3556051233576354,-1.6584360773284597,0.36397402241584276,0.2388699762601978,0.9243849053110053,-0.699548993648246,-0.0494116715042936,-1.8457192720936904,-0.43284505159814723,-0.7383289357519855,1.1203166032906355,0.3324993353760384,-0.5375480768031187,-0.2634185656520589,0.8539592001495442,-0.04424057842210227,0.044658517480949206,-0.26809717176438447,-0.3573816928268647,0.7795929644614025,2
551,-7.693566330212399,-1.835755344921984,1.863511087730371,1.487949025529359,0.47836149050050913,0.6894403041529391,-0.5169733048128169,-0.2765721097718421,0.07658498614418141,0.35115163538077376,0.4375882379040483,-0.5680197567264464,1.7836853010515057,0.17689521024545107,2.1874549209271867,-0.18514367494200967,-0.22651727409294908,0.9768677456231138,0.36500459858426604,-0.08412502107477415,-0.7180000288216605,0.003562068972849164,-0.6219870705433308,-0.6695125498466177,-0.47488845942608016,3
552,4.462527736834209,-1.5834453426748514,1.9367954937438985,0.15648182268363087,1.226647602522555,1.7348381904002044,0.16778052440608393,-1.0966622912638242,-0.5329475716707894,1.0046473418852497,0.5479403474475983,-0.06300069235747086,0.9688823193076863,0.5303806227526182,0.39335210853108926,0.7159107763959764,-0.4119717522867483,0.15498513233506594,-0.37369126422509114,0.5137384134801284,-0.5439328854509143,0.13405590208356236,0.4964651875289487,-0.46163750995248937,-0.4180568958907963,3
553,2.0192763033412504,6.076925436368718,-1.513575216914082,-0.49613634686295827,2.257395588009371,0.503038418328071,-0.7216475133726976,-0.145850757932257,1.0842377097053761,-0.3314239800974166,-0.6385547034893171,0.8251858351595853,0.06009607361788283,-0.9621995527625193,0.3439153435126342,0.9022644669962845,0.5211338101159817,0.30885881461449527,0.6972642132696585,0.027058317396996268,0.4125490941721249,-0.1454989906388317,-0.44259190207062765,-0.07564350250721019,0.4723204712347433,3
554,0.4229058079025627,0.3865892373354045,2.400675772798202,1.045945948906159,1.5001557427551442,0.7235374668647347,-0.4015723057502685,1.0936257593261338,0.010100580463722864,0.2853587511514666,-0.8426628870331565,1.3281552691249137,0.7780498918871972,0.06517110035405649,0.8416202068494029,-0.4382697474162407,-0.7538358050224736,-0.13813819383531944,0.5915857900206256,0.11897122753082223,1.098447476252254,-0.4522013163446743,-0.41911234009071674,0.1253934095472442,0.2381740683595915,3
555,2.118430123372475,0.8034339239178756,0.955442656785005,1.358823025825091,-0.4502483504619739,0.3723310585056332,1.384648657589243,0.280566937659416,0.23928801232231445,-1.6101496690377033,2.9652439052309996,-1.00458441737028,0.2544657517735851,-1.3406077406498718,0.532837209981922,0.23663978440061006,0.410004132460962,-0.8075427283817755,-0.9671457187506616,-1.3697845925392618,1.4133302256868916,-0.23845433349300038,0.622847270029713,-0.08332298691924633,0.3205752658822485,4
556,-0.6505381348810122,-1.9238501336575295,-2.0601655620210475,-0.2561360473407772,0.3614222289721509,0.5941479552767497,0.3457105124869875,-0.48017715131774197,1.5153060587024072,0.4809422963837836,-0.5347300510877935,0.4218955718351749,-0.3194447292711684,0.3596545421349513,-0.5460823978115628,0.9940322922223825,2.040599247353246,-0.9290878714385453,0.13946384826435176,0.6581997828200103,-0.17174286904303948,-0.14235586272070344,0.41764608927717756,0.3225729218778325,0.26605391291856406,3
557,2.106759546770814,-1.1466484886002748,2.1722939791462546,-2.0795005092122345,-1.0592729666154281,0.44973346551216764,1.4787820959055304,-0.4614882772314083,0.5630660181763161,-1.540781997025487,-1.4700117230126886,-1.8314241761442769,-1.9336913506866604,-0.6877602403153492,-0.28254813252756106,-0.2497645867987064,0.6096744237423963,-0.338887499817635,0.3192947315942751,0.3105915584139386,-0.11384043678644451,-0.3014890836367141,-0.20804945144636539,-0.37774848497348523,0.957545580058762,3
558,-0.6433498030422324,-1.7260836558161037,-1.444636585147244,1.0970163145558556,-0.5328542136072033,-0.5127417115201456,-0.3020522189623511,0.9236328977407866,0.8004943772871127,0.4206323229178772,-0.6559578945057669,0.728776105765855,1.3747566002341545,-1.0319313581321867,-0.3699137361286413,1.0793784579944297,0.9799837461604191,0.7471999286506481,0.07709286661994685,0.7240819252457347,0.056446226354120776,-0.20716421722287764,0.3297238135293959,0.253069069403122,0.025500339079438744,3
559,-4.951612623560887,3.054123127404761,-1.2111618158990125,-3.9803777492671424,-0.24267719923859488,0.3933713684118283,-0.3973220715702497,-0.6812876768966368,-0.31294128353232553,0.8225297173782616,2.2392606268606556,0.1375159686256655,-0.7953597774438774,-0.37004196302350467,0.43235985312760705,0.09689915922620895,1.2895668003678118,-1.251108581695099,-1.4839154794840739,-1.0658381010583295,-0.009414593935633264,0.1374087926466455,0.236942261837285,0.3993817014041138,0.10721910838390561,3
560,-6.673602720679803,-0.5465626238180854,-1.4595394867575822,1.2667759043912734,-2.072230059366551,-1.1854820650057916,0.7086906075586774,-1.5420491097022706,-1.0006873808977437,-0.12843665038135338,0.7605982130125534,-0.6486399902440361,-0.06840930084752417,0.28233114524516023,0.3348152044348438,0.7361046091479775,0.0008227020083413361,0.3324129694682778,-0.03925181249483867,0.34751062532891286,1.0345209311866765,-0.2510818342762461,-0.23164240631241934,-0.9247986489677915,-0.1580756782628196,3
561,-0.6389738018736946,-2.0581154253671627,-1.4995127768400334,-0.0011498381584011952,0.077400738513422,-2.4962896950037283,-0.9687591728600187,-1.1350961806572566,-0.174310437636922,-1.2068476285652454,-0.9615263305151749,-2.0587143881591623,-1.0429472646920814,0.839387794087961,-0.4675434546749536,-1.2394505083309904,0.6827776775754915,0.9084846718141133,0.32669044520967105,1.009103888958158,0.12630147821350068,-0.005936960829717786,0.14110418959532484,0.6265122586560833,-0.0016352617262492264,2
562,-7.871039364201297,3.2598608557839706,1.506025720517335,0.5711861690221034,0.4366655257266512,-0.5033723839900239,0.48723304051678973,0.48590076451592745,0.8662870059110905,-0.17696344960966687,-0.2753576441956813,1.6107315884520683,-0.7571608152157963,-0.10944425890254617,-1.8068952895100474,1.0807959885736271,-0.41820002649349886,0.312917313185912,-0.293741893770882,0.8358852670574257,0.0026862483395203585,-0.47815662391957015,0.8425546506887451,-0.06919048523753102,0.37759273849479014,3
563,1.3122329530577126,-2.0212568919997445,-0.5529046241405252,1.3099202358357434,1.050537011582526,0.592751301989757,-1.2033998268103103,0.5326254501882173,-0.8968563342435565,-0.8730501389800507,-0.8618253614183546,-1.2538095370668545,-1.297354527512494,-1.1733684862273315,-1.152862131455516,1.3875422511243825,-0.8361019347446532,0.12023336267329165,-0.06298266844496947,0.06765475315219083,0.19231063977559731,-1.702800355786338,0.5050363431174951,0.6316574740807023,-0.17590424107070535,3
564,4.340754490753996,4.69659762095826,-2.0358814204045617,-0.9054124135136083,-1.0660646724758582,-0.5800423442332505,1.2502009496923554,0.6093185130979197,0.46686421669844513,1.1458703756848871,-0.49043953847151345,0.3215112347791571,0.9117184982036903,0.4123967881713555,0.17397415055640608,0.6823775306982856,-1.176801375492022,-0.5469714825054179,-1.3086705468322182,-2.009102314129846,-0.39314258424080106,0.4856209175809475,0.014203503032609366,0.6108206032586679,-0.0339508663707867,3
565,4.362181474904224,1.7231326432119634,1.0216887311375291,1.3397923240376506,-0.07222784447431241,1.3048395086965416,0.8530257295231127,-0.03858800424815989,-0.8212051450627711,1.1539225811326954,-0.11293117235031036,-0.3739081052857205,0.5273021440937575,0.21460596503889673,-1.3053201627583744,-0.46795702615005075,-1.2272885818370396,-0.20783181635440506,0.29226963295296127,0.34098145304471594,-0.11475379200783209,0.7623348187123322,0.013916678285570916,0.19763920404864888,-0.8322634342904137,3
566,4.379320502666781,2.79716788282475,-0.2753992080696823,-1.0912359201731312,-1.6772351920143547,-1.4174639276794188,-0.4197845653032908,-1.2360205077828652,0.1593300630152501,1.3404502915971532,-0.8176007800335674,0.6782292584589369,0.006370881004268414,1.2469515370879005,0.2749670339802498,-1.6670827720044263,0.420733248341981,-0.7495330035368459,0.6090223315623322,0.3415974272750437,0.6192450465205135,-0.09451123527640293,0.6601582812757973,-0.6312233327401418,-0.5771478718073338,2
567,4.410936188133556,3.4092082870047467,-2.2807923783475346,1.1439093237626072,-0.6025194624083986,-0.11891314218339666,-0.5489323004791538,0.15824058029873278,-2.6028208480062034,-1.1905831813404948,-0.38112729206468066,1.128303291129936,-0.684567120578341,-0.8049143620944417,-0.3082743050032797,-0.15390089661430295,0.8135170786233159,-1.1951237088518538,0.0850293645171889,0.5935488724161342,0.017228514931610484,-0.013366083005370843,0.5102834050703213,0.12318590601934065,0.034361732796134165,3
568,-6.678949067026704,-1.2201730822071237,-0.6992880842932432,-1.7747012366887045,1.3388071901562852,1.5537319722536487,0.4605837700563069,1.4403694505983222,0.9128072772441902,-2.1051677546401435,1.2626204212560999,-0.6244801436624092,-1.8128082620871802,0.7523059308674016,-0.1884013254177037,-0.05563293101209266,-0.48823721039163614,0.19884707064428797,-0.004941569913523125,-0.6779105405311395,0.07721219392700462,-0.22958289020214406,-0.4672304273435508,-0.12690441287433918,0.600071571179622,4
569,-0.7448710033817179,-1.7598480058798909,1.7304191042599844,0.9896427657830009,1.7786033270775896,0.13010315871834077,0.5958482815115951,1.133576452102258,1.2446279155281452,0.2473112748970776,-0.17064186356900057,-0.3543469734941984,1.505139240294858,-0.8887910667061755,1.0191014923499777,-0.06182594490838844,0.6297968190253456,0.2702766694415608,-1.1363309334410612,-1.0451822434419806,-0.15210121896502404,0.1752553160955802,0.2473903892113894,-0.5786234511335148,-0.5550932764444996,3
570,4.415995594192177,0.5915304810606887,-0.4974504755138035,1.0594923481563412,-0.28570946308264433,0.7291689709292193,1.0871279996021634,-0.35736733224590944,0.4739226764734452,-0.9038260827329481,-1.6534632478064168,-0.8126739226916625,0.1508079883918536,0.9843318972965185,-0.1993647324790655,0.914885260842659,0.03795263102765101,-2.207711506961606,0.8595019870387564,-0.9153758449645294,0.07148551810649095,0.3370266006768652,0.38410233318117964,0.47264544357919214,0.31486462614487243,3
571,-2.5346090311707776,-1.170220745907998,3.081961075629798,0.3859702622248333,-2.3829717625670868,-0.19738063013901153,0.504764897259212,-0.6224142330683536,-1.1059024874608325,0.7058894012757232,-0.2603358364381112,0.4289659021879402,0.4409135419084773,1.2350924400931134,-0.018208582301986742,-0.4559782079540593,-0.35806361839285694,-0.12989123393139845,1.2622143827301286,-1.0865375735582545,-0.3469368277777348,0.3108337114422935,0.8845345925407415,-0.3469706644574745,0.6776814129345422,2
572,-4.940829106435764,1.387854002585585,-0.8467251144331531,1.134772153216597,-0.6667600690689365,1.2306791289308596,0.3220662119095459,-0.4751014841449904,0.3669538054317689,-1.3068040512633754,0.8098775966277568,0.37390342600670134,0.641420022581197,-1.5052273435220649,0.10867863846119863,0.8432254522519953,1.8642374808609121,-0.8920127404303129,-0.15452326640795855,0.7932023047716477,-0.6536045687900972,-0.6847889883390148,-0.7898905938863254,0.5589741356031409,-0.035124496509889774,4
573,2.27644825732183,-2.6416374286964066,0.35129124320669325,-2.5056896695867303,0.20945879839024206,-1.270268905712499,0.7754119954457241,-0.49314873429304074,1.3218589064274235,-0.449520157025348,-0.2668666909581692,0.7094455395566728,2.0514505348477137,-0.9372933742930113,-1.2734040206646622,0.34646683949530077,0.4909690911768627,-0.6635129870907925,-0.45620819660543566,0.025656455974403358,0.3970069033207239,-0.11976668759205589,-0.42277959452025204,-0.2676364057971934,0.6699222406680242,3
574,-4.651895496268818,-3.1453376289089126,-1.986511162115244,0.5037439364721323,-0.2762398338130936,-0.5050644554012602,-1.7558997932705263,2.2346470542198027,0.6755843140262896,0.2753793652884121,-0.5704737420137411,-0.24654153794615397,-0.13643667908165713,-1.016351682935905,0.78733892280327,0.06991622774935702,0.7832530546186689,0.47213279174033396,0.02989137499555472,-0.6381914708092918,0.19091082593758557,0.35309543096086893,0.23150284564082663,0.0764447403538886,0.2240204686522885,2
575,-4.891260707588694,2.765417115656061,-2.071265391666182,-3.794778789154412,1.0026892991423602,0.49053309715199855,-0.9053707686846577,1.4094262609270825,0.17319644846093718,1.4059775003523844,0.03320259084621058,-1.0441488609485086,-0.23998284556854865,-0.17970960805367642,-0.7323908799654203,-1.1898912773234895,-0.12443180785601693,-1.0411066796892525,-0.01704383323719938,-0.538990060383827,0.12697093258474723,-0.14475790367317898,-0.66890530590533,-0.040842928981928206,0.10068051864755581,3
576,4.578909073332026,-1.6074921976337806,-1.149586970257114,-1.4607699980024664,-1.4752451159538573,0.7198146568990462,-0.8413992108059984,0.8324810501217659,-0.6570362071154912,-0.3752420678645933,1.234136967646445,1.0453246414099908,0.12065553458044853,0.22476899229115888,-0.1007332967161021,0.9608778134525733,0.081464629059665,0.5499349977380792,0.3196667577300616,0.14226313582995553,-0.1526244812568922,0.03435049015899966,0.18817327069590256,0.5274318845163221,-0.08236493166558244,4
577,2.312533353044783,-1.8576379707779134,-1.0463041184893531,0.12828164956053012,0.9356908573902343,0.163728152550211,-0.08623478449468491,0.7203183335405177,0.633506336114138,1.4494322412866985,-0.3733049993814901,-0.6394064324762507,-0.17259540696420284,-0.5444474688538156,-0.3607666700064069,-0.008125222418706501,-0.46585402190529623,-0.1879855473989145,0.7791306441949497,-0.24063795499744284,0.28705455061013097,-0.6564513582308135,-0.5176205030494824,0.10154850784992053,0.31292700868873813,3
578,0.6361050725574682,-1.8893577266753823,-1.655173351903823,-0.9677921419031783,-0.24963238524196107,-0.9305813974150621,-0.17301267461379366,0.8524756482478955,-0.83374397462847,0.4606286406519413,-0.5454833548113716,1.2425945087577226,-0.9150302416394274,0.9444396355543145,0.6775300231111173,-0.5492058042174117,0.6271463289636889,-1.4444455274081545,-0.0460895777032877,0.6218501870606465,-0.2591961826543214,-0.25307349701485105,-0.4520664369925438,-0.037360519839170214,0.31886390634144013,2
579,-7.82694415649367,4.922251789556016,-1.9593631031020557,0.7636851746036002,1.3251620261461692,-0.27388444817437607,1.412344467657853,0.9386737400291625,0.010068507024647122,0.7161755170635403,-0.02828312592072857,0.25856686910698956,0.6951877644023461,0.27956039761648466,-1.0988808784149522,0.2854914688500043,0.8607802223631551,1.6857527575363402,0.20518585419632318,-0.5239405361256575,0.07264044508776835,0.14371826530746085,0.35868249071874175,-0.5260128494149815,-0.6207178046665937,3
580,4.431436458461766,-0.5773257206345721,1.2903342360005745,-1.1088235436174196,-0.006406361929262028,-1.2048004459699835,0.2423999849855889,-1.8464016375082717,-1.5494767225191401,-0.5724866204106738,-1.3137914312492256,-1.1984084068495946,0.3438666713153151,1.101646773892028,-0.6525344366289986,-1.2731013112210923,0.46599765255116843,-0.42993968724476384,0.5875149298151134,0.21144322813617256,-0.4721173971161031,0.08806474966280417,0.4913057025558109,0.16123103651893622,0.3658406554014091,3
581,1.333103819029171,-2.6660363658219044,-1.327985924772788,0.2232596347879281,0.27478109459439026,1.2446402134739603,0.04258873139378716,-1.5328411838124079,0.6520823655606982,2.4706362197229663,-0.11678767886903163,-0.8120258000390876,1.2640080886569014,-0.2655182180406397,0.9634019222733864,0.2723736265545236,-0.21573440137850208,0.9838756106463054,0.34432058786295805,-0.10556517624722062,0.3902281297555384,-0.506148702355585,0.23478398191870126,-0.04103617852199104,-0.9403618918925016,3
582,4.2449344772288296,5.281771497469395,1.0056133474493623,-1.4340944418762276,2.102266807846573,-0.7322438059967169,0.5493309158713311,0.7458921001782577,-0.0033807108571206612,-0.9657328007151282,-0.34957476265984955,0.7284944045788722,1.2416628203675608,0.11473870763829752,-0.6881611081449962,0.008585025415617675,-0.4049202068166271,-0.023409775388947285,-0.6596539720161403,-1.4358793516830726,0.4479694244687171,0.005373592208314626,-0.6107247317274831,0.031181251430511203,0.3666249888328227,3
583,4.391096779329695,0.8041881021311852,-0.3461388913326392,-0.6657021621059074,-0.7314716423136292,1.7315473555099357,0.6603248425638011,0.3040330173143464,0.8010262727775177,-0.1784544058240825,-2.2603238166295467,-0.6996215152183074,1.8613359062642774,0.15277225679270634,-0.013839076036177733,-0.14350772150054425,0.1792344252547884,0.7387808761498755,-0.5938389637108779,1.2253846849351433,-0.6120139342597161,-0.8675915534392795,-0.6407759005589043,0.3239210282136914,0.29872618224273995,3
584,4.498487322438114,-0.18044843794704768,-1.4434922046123615,1.3015001079640567,-2.6934551287452155,-0.8032668683936284,-0.11272889752151194,-0.867672741198935,-0.014477000661739847,-2.1609671290538017,0.06876959298611485,0.7298022620809896,-0.018663870699787477,0.4325409481513949,0.10122423381081935,-0.229862177587419,-0.36127895819690736,-0.043763842527016816,1.0627583796767408,-0.35868343670562564,0.11857703472700476,0.05575823716244749,-0.5107769562522626,-0.8012004899631224,-0.5434886349286101,4
585,-0.7668958101202943,1.117526339744976,-1.2844416426691845,-0.05671552735630625,0.5325872650111136,-0.7365491911539812,0.5005030696099735,-0.9734647366776477,-0.7882304528225714,1.2414277927399495,1.398061282899345,-0.39505680663657716,-0.35550968303405805,-0.14371264014141127,-0.7362760548041415,1.161501071820478,-0.3498925864336071,-1.0355212378875551,-0.9778727541486045,-0.6177210930006155,0.15067837523832583,-0.9071525694745914,-0.41762983845794655,0.1541242997952833,0.26012801103855976,3
586,1.2715032737908167,-0.7838917557593525,0.20095381725136385,-2.073778211629379,-0.16492651426528282,-0.5728899954318303,-1.1757793902004126,-0.6482772750934978,0.0366092176104762,1.0439581598258338,0.2594406203632742,0.6193281431057049,0.48412036108613865,-0.5992946549618515,-1.7381000842941634,0.04165541707538223,0.14746387669230487,0.43237245987376305,-1.2403516024750223,-0.7156432623178479,0.29179428580090905,0.1332154474745582,0.6181681403151822,-0.3834726700755796,0.494604195943234,3
587,-7.684343617930971,0.2373843774675608,-1.35763473173288,0.5668915845390141,-1.2151969220010939,1.2020886055885858,-0.7633260455233901,0.9711962494086523,0.23183382760299498,-0.682943820662524,-0.6215319753654687,-0.48780704931532504,-0.653377343334886,0.278891358051955,0.9912726738503338,0.15694678935157924,1.1548893486708312,-1.217868562983008,-0.014704722762411748,0.6145988939091018,0.7849166295432325,-0.23649128619064597,0.5457524463456356,-0.43213699469188105,-0.3883601871593739,3
588,1.0837047584560793,6.190558459821327,-2.8173770223725754,-2.102557112593299,0.320502152608485,0.49712196402948416,0.011457116272344692,1.0009876229429362,1.1879634902485146,0.3617717709090109,1.2049751677509302,0.17045736977981196,-2.0893568876759985,-0.023812644056046217,-0.4646275395089998,1.1220199087301088,0.46489913608136835,-0.5635115058941707,-1.0593082258794084,-0.03013987175611088,-0.4260676851510935,0.02659167556876968,0.26946372469579455,-0.2989727081711255,-0.8044280335254591,3
589,-9.942686793982023,5.557107068058805,-0.7755913075246267,0.034408907926459786,-2.0216371894384135,0.2151167697843701,1.5442475159630895,-1.0587840853603323,-1.8655725393034701,-0.4820009476881242,-1.1297993499734489,0.25447086890772663,-0.04954577106997493,-0.6507041247752116,0.626197829154984,0.63883824926384,0.6434586697354461,-0.37275732214060486,-0.03549478953526375,-0.3113480687973559,-1.43618659325141,0.5124723770147408,-0.04797306846127375,0.9258200832983955,-0.25738306779962095,3
590,1.1077664968642633,2.2198982080260334,0.8344146192257356,-2.2846548097863155,1.3678516421078901,-1.1572965692136008,0.43352721728372545,0.31097198844561524,0.9922913080979834,-0.4725920890229256,0.028957674994354088,-0.6351579784349728,1.810592033222123,-0.4858172972867052,-1.0010688087197424,-1.0860682603400016,-0.31628509661461535,-0.15258230968438635,-0.4539097498300746,-1.3779080559574552,0.03717798023093488,0.5418778726998393,0.23013263411659518,0.1100247808575221,0.27205693256538366,3
591,-0.7101887857641564,-1.5753661950769384,-1.063110325999531,0.8133303031372381,-0.6218727003314503,-0.8738641597533339,-0.055129937406936946,-2.5122271745540043,1.3071572350165583,-0.5875911671211329,0.10971942506348531,0.6680708510579474,1.7483643840871577,-0.28725647785315167,-0.5805676510506191,-0.7652167520502802,-0.44266225339326115,0.16454515356807287,-0.19943308440210283,1.0317244361047215,-0.44616670093811994,-0.06912361986750121,0.29517279282895176,0.39714469121326046,0.030729765975494178,4
592,4.470305418024578,-1.5703163855985158,2.64689475852483,0.8017326988464091,1.412055915918416,-0.12365306612908711,0.992633121600023,-0.31017553698459166,0.628693680308277,0.2379263411120407,0.10270835911609866,-0.15550094299322104,1.168587757063995,1.20957897677431,-2.5634761408959568,-0.36516564176530575,-0.06737888856813545,0.31581414091747195,-0.9949904611429496,-0.23719787327280129,0.5806133549075072,1.5542365640478892,0.19707967326917292,-0.5948806317595484,-0.3569041510148838,3
593,-6.8341562937953615,1.9772223853386839,0.9003905903413678,0.7483132773458148,-3.518203507031492,1.0296258815040455,-0.06683843148408286,1.1529963326337045,0.008024964311939442,-1.1083762033155007,0.7806527067454602,0.8127227009071838,0.7816450750366668,-1.2180319356871097,0.06390974801665439,0.3473249859006853,0.1710979716434231,-0.7791028591042091,-1.0082607550562557,-1.2842100085003074,1.232961134976653,0.06577549556603707,-0.3424712681402686,-1.0196165474995857,-0.07962281447808583,3
594,-4.754552175026781,-2.891462960256295,0.9791498475314901,1.4307547167181922,0.2957874421477644,-0.42225269720922,-1.036815334064721,0.003566860111803516,0.12915074821536887,2.235685828112812,0.4854281498013311,-1.1502368322876029,1.0604941362651887,-0.5621549219517292,-0.3530655200228358,-0.07836823775384905,-0.43513609120778396,0.009664923979797457,-0.4438034210212116,0.8668692638055469,-0.32025121187807826,-0.17002777668217373,0.5470152346790815,0.030570169234288125,0.25504346863006233,2
595,4.384742342917049,2.2190366554973604,-1.176634527352378,0.9467607448677513,1.9877324200848514,1.859867637122004,0.7896177151117949,-0.271020869667445,-1.9050388561430611,0.7311025287143534,-0.5378736805315982,0.3443414011660928,-1.3455592966683558,-0.0922302621932729,0.5778320061820986,-0.5650664169195074,0.8230545676952601,-1.2498756333460816,0.08060883601590385,0.40603569670142314,-0.3681935034220668,-0.39624324904463404,-0.43322293874877515,0.1295743863095533,0.546226501177986,3
596,0.6719109510789387,-2.154362190000601,-2.909244782549581,-0.9037490416682012,0.49998091105928144,-0.4792998537070301,0.017145127341873234,0.49793772508169765,-2.399958683233449,-0.4043113109274324,-0.07246274705617672,0.6928782092592058,-1.6809460475758924,0.5004580731782924,0.42436747300349265,-0.37292735796307297,-0.11712431356623232,0.5725695935670787,0.33425376445625155,0.2056449156648904,-0.08481329256514503,-0.08320959742490686,0.3299195975844516,0.29106122483683483,-0.17445971920858197,3
597,2.2752493244732666,-1.8595971194118959,-1.0611275335438493,-3.0554333751076124,0.723069920733659,1.0541511057877333,0.6693718670138709,-0.18636399204925125,-0.698685946229646,0.7420350413058773,-0.20368422464555347,-0.7429935092278621,-0.7809898224307785,-1.0404292707014753,-0.5065670026841969,1.2079925297058627,-0.004933031891994899,-0.5154667103643211,-0.6752921601602517,0.7279601365056323,-0.4964363814691862,-0.3193399185643506,-0.47179358311057507,-0.025366289499633043,0.634605952570415,3
598,2.3713410211936026,-1.9694936893069126,-3.2670376407954773,-0.15624827561565535,0.15280623588115838,-1.71604294783679,0.8068899788225359,-0.9214947044947515,-0.33991112475916596,-0.7948963206533552,1.0406965595906161,-0.7670728108984672,-0.23202208591882933,-0.2849485449954867,0.08386685619224754,0.9563374478818525,0.3668890759039498,0.20182708974333474,0.6063544654631885,-0.12263993150207664,-0.1633249243410102,-0.026068547127324926,-0.6538535924232304,-0.6601683056279907,-0.6182535237046092,3
599,4.526236122700331,-1.676493149116205,2.253727697468535,-0.4363647116537863,-0.3848446164858045,0.19560639605791907,-3.0640288435101644,-0.33842108730601905,0.3154979260352375,1.3301380741590254,-0.6961666406637568,-0.9162518504109599,-0.8986348570357726,2.3025867232120327,0.6719126513565611,0.005899492819734897,0.7299847148986047,-0.5098956964620598,0.39705946230076083,0.231957911624446,0.4180560580803824,-0.3862920596880013,-0.4653714904049193,0.1479598324748067,0.3165117868319248,2
600,-9.936658421785843,4.662947184477336,0.8509481937912946,0.4006639922350139,-1.339405084801581,2.140164802923436,1.0288655804272606,0.8742570508427572,-0.39350645096521086,0.36454608361970575,0.6303311788393445,0.8192562049461314,-0.5046382038991422,-0.4143467185359443,0.4131321038458372,-1.5492682855322932,0.42355742269034513,0.4432692729667842,1.4097962503494057,-0.40743000068005425,0.33365262129560314,-0.16312484585226794,0.5254342322247878,-0.34834405574602817,-0.5709892026540371,3
601,1.9721366964473805,4.430917226060535,2.224135868567653,0.3089745334995624,1.7206254297043915,-2.2494708593436004,0.583733913184405,-0.4375736534218978,1.006820781304702,-1.2869858786602553,-1.5979929162644335,-0.7839385127403766,1.3094012662717947,-0.9070276466452885,0.9485895569656916,0.5072358048494365,0.802770610704767,0.1913889491089118,0.8123194085705872,-0.203760461171011,0.0367849282113788,0.3287307760083252,0.14017242979983008,-0.12133818493732551,-0.829249908064042,3
602,1.2860523711122323,-1.5799535538108338,-0.7434676400736402,0.08598586059513513,0.14877499188575571,-1.5141643212901115,0.7821826456474037,-0.18050983136748755,0.12964559216983984,0.3642623366829344,-0.3490274435940368,-1.3234831393391322,1.2636289747154206,-0.9838460943622063,0.4723489276278515,-1.548495403831924,-1.1116751607115085,-0.3833752913912103,-0.9309521675670216,0.053261975349150226,-0.07881251988475702,0.19564956410062984,0.07260777499483623,-0.2628553202500883,-0.9914382643343833,3
603,-4.8781686300182265,-0.758306832658695,0.7803340848828768,-2.8764633890936984,-0.20202387432693403,-1.3221195737538098,0.652351206908961,0.03815798437810258,0.07087707461497361,1.346987461741692,1.5888432190636,-1.5873602609575876,-0.640960213044935,-0.06774275314315914,-0.027818531271846192,-1.2308258104469187,-0.8021310374603261,-0.20119033994882285,0.6477469512389149,-0.23642582583219035,1.0146200720036336,-1.5907628304638797,0.43558806156873925,0.8229654464382737,-0.3436915199411117,3
604,1.0575166680866808,3.205218963306934,1.2362173974660513,0.29051504504026227,2.3572080729264098,-1.6754088812231729,-1.0801484932100833,-2.1946189621099235,1.218908244961936,-0.8410295361118573,-0.9959481277936428,0.3095242036090826,1.8553905871202923,-0.6907320988358937,1.8497979518460888,0.10897535915324319,0.037856195600918685,1.0000797955490706,0.4739075330610003,0.1531799514139297,0.8001156294487204,0.23259688591508548,0.5295897642970973,-0.020552313829020563,0.17723581613702474,3
605,4.315751792174131,5.450415344626915,-0.9746290950429259,1.2026602989738877,-0.1237883647515553,-1.5895679799332454,-0.42445843257970006,-0.1066173535535011,0.4544392483033186,-0.39376665015714973,0.10246463545291062,-1.2699295047981467,-1.1292893985907269,1.9200056194482857,0.5771424192787907,-0.9521002917404029,0.6000065559220111,-0.4222279232057806,-1.6509259322694674,-0.6769599461484486,-0.7622448488151189,0.31021041882679135,0.12616419899258585,0.5302867760355873,0.1519200781433517,2
606,-0.7697707038516182,1.2908721124170688,-1.6730923165367158,0.8675182145688436,-0.0194905520100902,-2.18835114563679,1.1565509200177821,-0.5086652453678651,0.46788681416991684,-0.15590627286532216,1.2608015107637631,-0.46689857010171676,1.0753902286492387,-0.24217513527773682,0.08459730230187179,1.3534491518135736,-0.8238446014875445,-0.38394960309838577,-0.1242431047614887,0.08483448520879089,-0.008016718525370337,0.19107261254671815,-0.5327990337544734,-0.008977670266209326,0.4515017848495968,3
607,2.2373980240478755,-0.660485425973429,1.05821752518879,0.47503538085835695,0.37113780078880354,-0.42511136442427766,-0.46597603745998883,1.0339617221383222,-0.24496311793979286,1.027246276193715,1.1330310977272917,-1.500581763325925,0.6990183697093082,-0.6260720488511179,-1.1297008876959234,-1.392323227980024,0.2415828076285731,0.3251238792829554,-0.7667797230695752,-0.8225147852845213,0.2404431771546423,0.19192219572956692,0.5068010325285086,-0.23826301598752075,0.48326666632883597,2
608,-4.894392521302732,1.9136942980875915,1.3839194429729746,-3.8158396868023834,0.29429235462526315,-2.7324771982676292,-1.813237250755726,1.6653081402990244,0.18876643046179842,1.3877068362994915,1.2269055916586589,-0.8643388521917004,1.202859359407472,-0.19740934980810954,-0.8601968408978653,-1.2898128799508928,-0.09871748131408986,0.20673293009324656,-1.3285091019596837,-0.3568703374361741,0.1621010456635278,0.6454921125658721,0.27044292792331776,-0.07126665135808186,0.2830038441930185,2
609,-0.8233888155258722,1.3843196784121856,-0.4000677973204737,0.5378271237294538,0.048501623813512196,-1.291661301995331,0.8220495859288084,-1.7873520519479522,1.3451559905398467,0.1284464326004695,0.2515118279249704,0.3931444720559263,0.9562765610841648,0.15562557284005774,-0.6879817132405887,1.0921110526607216,-0.10054558899393262,-0.32809988808076795,0.04507216175305295,-1.4596778062471496,0.07371515838662834,-0.9296311963646429,0.5273397874024799,0.28766126906179734,-0.38785606750409884,3
610,4.4888034518788675,-0.3820772702931601,-0.814390093406649,1.4304151565537002,-0.34665843124916973,0.5480830672784358,0.584976493725426,0.9172654556482525,1.7979966946449109,-0.19739644648977905,0.4945070034943432,-0.38727539577913217,-0.25682451757833236,1.3559543210382956,0.4580903528227064,-1.6605435941279842,0.1302587425482331,0.3885111037762581,-0.15489153895296548,-0.1718248163248276,-0.16513964979715956,-0.1756125179716131,0.26471185853983387,0.4492604483455337,0.15740163973188073,3
611,1.226314063822958,1.343320853302287,-1.2544760498866498,1.3136720004519717,-0.3087775484775409,-0.6772859579284112,-1.4246088179056513,0.9939539159343873,0.1729369220409116,0.16041448084096732,-0.7884908242590853,0.047905403780648115,-0.5591143775589209,-1.4465790147760096,0.07252509862964007,-0.6327750455551464,-0.709394675140052,0.020044356106057037,-1.5558121641125502,-0.7905693001650783,0.029688876111628182,0.2871626281151714,0.2111850776972119,0.22714627193526982,0.21342214032851645,2
612,-7.697087093576707,0.20240922243582515,-0.8199090235409403,1.296155120481107,-0.8129535097297366,-0.8562636494918041,-0.3644826570884878,-1.222718696717399,-1.1571391199181928,1.552689025408585,-0.39313699264026236,-0.3154432392705977,-0.1516412163360008,0.19526205321682322,0.5601269095970577,-0.3635431832614029,-2.038442435878137,0.1994852935923137,0.42535393124261756,-0.7220491628048319,0.18338125623603863,0.23161414837882194,0.4913026439536257,0.23553645609966567,0.16078739698163466,2
613,4.465760090106711,-2.2071930523087975,2.721311443776118,-0.689995195304868,-0.3480701592360922,-0.30269882815641225,2.0655507313853168,1.2844144408226472,-0.9088942742509247,-0.20701605590741237,1.019759859283545,-1.3766864395698608,0.36371504215296024,0.4019967385662453,-0.6269191202228956,-0.9135094134729481,0.3203159806806677,0.7084773730725988,0.16282527611136643,1.3932326472959002,0.38624559719829965,1.3766581068558317,0.0027679172200844038,-1.954275097683964,0.8723457369572767,3
614,4.518066605701927,-1.740242649311852,1.8201403704398407,-1.5152829519844357,0.2872998333153711,-0.6732864906399132,-1.1255405486040273,0.6346995726919715,-0.1990181126462911,-0.17501151587237784,1.8593786852454013,-0.6772506754820371,0.8411013952319397,1.1985971380823943,1.3187207191551682,0.29298346218589444,-0.4955040353437714,1.061692903428086,0.37083021551229134,-0.057445338178669036,-0.3009568340918384,0.03933848998722175,0.44197434358865045,0.21199552498877383,0.234899766663504,2
615,-2.635571637483979,1.4890352273847176,4.081828363302749,0.18121764071860325,-0.1725009908685654,-0.5607688058317666,0.12014906276207382,1.080825946357622,-0.211232327101174,-1.199892795573989,1.819205908528229,1.9268461268905086,0.6149939393957213,0.4931575584186896,-0.9752419934614851,-0.7435723868682625,-1.4896670768429838,-0.14776047946215298,-1.587080949662875,-0.9787334615620017,-1.8541591697602136,-0.23317676317374825,-0.002819748110029885,1.0254233123830412,-0.30094114873600214,2
616,-0.6236447838451191,-2.745839632882544,-0.9433794101902215,0.2741430763260313,-1.1330138798376548,0.158958585266197,-1.6302860804228276,-1.0371371457268639,1.279491792066108,-0.004567193324129248,-0.9309170774959068,-0.6532291186449668,0.523226777252285,0.5907750062071675,-0.34159204970233836,0.6994608668798961,1.6948202143348157,-0.95058602792037,-0.5144275861626961,1.3038737984536823,-0.2010408915657237,0.11529656235492253,0.37138895623035845,0.23169692177633194,0.2656867971445699,3
617,1.924049288192899,5.7731096574524585,2.8882370702197058,0.6866822042227096,0.45792949478116807,-1.394810185531546,1.1875233144976596,-0.6600541549915935,0.0487131698484089,1.5963436087294087,1.3190979009229873,-0.7600050746069813,-0.14510082094453502,-0.3090500047350251,-1.4760690158052654,-0.576361652071192,0.41874914319584366,-0.8678693469233951,0.38291698713564726,0.570027349389381,0.06751128133260809,-0.10758319137475209,0.44042333847038023,-2.0055895345099386,0.7460558335778595,3
618,-7.719116239647644,-0.8258140344710321,1.3110584327314052,0.7524806263057484,0.15100459458034154,-1.8866804474483563,-0.18125320727976302,-0.5478975160200613,-0.7025027295293729,0.626470643074858,-0.6276555316520234,1.033637418374087,-1.7630266957159604,-0.09793480533146948,0.6432436417353667,-1.5386883083980774,-0.3475362940376048,0.3388341782323705,0.1228291011586653,0.5861718462146517,0.2252038783968871,-0.8945810960914669,-0.21376904544123138,-0.08939320069910617,0.4502168760843689,2
619,1.0778918431364737,1.6969462259221544,0.7771367592678196,0.18527234235804668,0.12184174125260316,1.7449071357209367,0.024392159092760934,-0.7333669426054105,1.0158815902712783,0.690265278764029,-0.7478658869495258,-0.6006230659733933,0.7436628551070377,-1.1909220837772916,0.8316697748863496,0.5905987213767543,-0.9918445765796485,-0.30109065294623605,-0.39598073245323073,0.08125591819962641,-0.11360691070119833,-1.4805494913837358,-0.33655389652924006,0.20594778929911972,0.2626693623923957,3
620,4.500766538601281,-0.3125685814450714,-0.15522500857545007,-0.8762137663780312,-2.1503705662331516,-1.8456214132921138,-0.020410977474881076,0.8689250029157467,-0.1726698563593625,0.3779483514421178,-0.16121245361196213,1.378509706290029,-0.3333660996642154,0.326370858313503,0.9094575847793914,0.1129233668139149,0.7327648412663774,0.46382103001454045,0.3333060675070798,-1.2316345399233515,0.054321025845221915,0.10148047512716143,-0.6602289211408281,0.07607341111690946,0.3526446772776065,2
621,0.5228097106880476,-0.39345150885646873,-0.11375652363470712,-0.2981646682410428,-1.7481933346853846,2.1646758862125615,-0.6709453378355956,-0.7878583359901228,-1.0091533910090722,1.475767729176365,1.8320258912683594,0.6951931869594343,0.32698576548869607,1.255478322032853,-0.043270016202392014,0.6844772435579669,-0.013103612482376015,-1.8981100828188504,0.14241290627596026,0.06323562619167256,1.2549540493879165,-0.6586208977673905,0.015722357733739367,-0.9064509482183019,0.02429606980105295,3
622,4.55618649452912,-1.7929566476806666,-0.8043741532790549,0.17546315280316316,0.7138481938736743,1.5462687892470615,-0.012302588048457963,-0.41826119260770767,-0.9275013457485715,1.7328444600938897,0.1829355595066089,0.507359242774756,-1.4869765222351994,0.904419269398625,-0.1871121616207057,-0.2728683994069667,0.1873898118132531,0.49140785050207736,0.7763435299178072,-0.12169954547208661,-0.10714363607283073,0.09578645555103063,0.29108568028174214,0.5149884717842287,0.02797139645013083,3
623,2.132983867036817,0.3064127472823803,1.632725574527851,1.7056026532707356,-3.55134474582261,0.3190506037110996,-0.342587058983264,-0.7003661276877147,0.5633420724069875,1.3120203002965831,0.01667566638149265,-1.112436410525948,-0.9841749277035938,-0.8318046736030662,1.208652108652855,-0.3458501837874053,0.4217519135342549,0.33473463721798336,-0.5769976428838701,-0.5520475955050352,0.3643248505430138,0.13524660404933223,0.46669481489561765,-0.5578171213123342,-0.4257463259201245,2
624,2.3943023995955226,-2.036453300261794,-3.319097624343086,0.08209891006134029,0.12110529585967766,0.12763606636203928,-0.5635507666935928,0.46066091248453667,0.7019528082428343,0.5240518269491506,0.891143632081872,0.9909168607050902,-2.062088895152515,-0.3864002480313522,-1.2358787950277104,-0.002930975727411189,-0.6257287520452333,-0.29696560320672827,0.10783322878197277,-2.296601574667611,0.20051985467961414,0.1724584881501493,-0.6210512273442549,-0.11443621932781556,0.5333874208546723,3
625,-4.711102271821815,-2.8323384916501317,-2.7650887071639096,-4.234114376157603,-1.6305052493819028,-0.5865133787927097,0.46386161901622724,-1.6301554445827422,2.5137582249855477,1.4902071205257372,0.6763276481139222,0.306217231534025,-0.07858997996670314,0.8601767012480166,0.13906278596957944,0.9221091117274036,-0.0966502043478612,0.9450352873142007,0.56836394038646,-0.3841888399859976,-0.16025369699754588,0.09099085760788791,0.30578336800206035,0.23144330360768406,-0.2040236092388728,3
626,4.374453412066584,1.5118166668728206,1.6555166417855427,0.9573744884401845,1.1184013975353932,0.7017642184029618,-0.4638167163407987,-0.9161842908222353,0.4948906611576578,0.2892579176332696,1.4262564928335135,1.703295754939591,0.8589060855293811,0.37249105216964407,1.4046267939368593,-0.22707028244950855,1.024912262859134,0.8362963200640428,-1.6131275796806857,-0.4289684270735167,-0.2119846843742862,-0.197789663104864,-0.5311748961648431,-0.2065769035779883,0.298360919422369,4
627,1.144398862248714,1.671778920930711,-1.703229894665511,-3.0155815073158134,-1.281418321605814,0.8394654583273788,0.9299950908619916,-0.40030452594522326,1.4057034633936407,-1.210920221533924,0.9136366372141621,0.4048970913689902,1.7366964218267076,-1.0480290174308644,0.6450272520760149,0.7567650785569588,0.3756905523620677,0.27159664226523494,0.6835454737621318,-0.0006189191797948412,0.8856874721200138,-0.3051083063855653,-0.4027625710644377,-0.800761510760128,-0.14125591341261204,4
628,4.527589130449082,-1.4703265451955883,1.7609764973267963,1.6289142208459757,-0.33435280265541156,-0.24791128995408096,-1.6171190711590078,0.9938034887552769,0.558208059036287,1.3008643247514247,1.261853095951739,0.7365937133313949,1.1678578058170466,0.6034249420992057,2.019787712073468,-0.41940361735291765,0.18162755596613112,0.16018338761434459,-0.6320119455749746,-0.419951297152215,-0.5735099548753954,0.17399246153704032,0.36105345190450994,0.14592854279565415,0.186155571029103,2
629,2.3422983237207102,-2.87785636930114,-1.4941748073380279,1.0197546598300558,1.418359402392961,0.8996650704481639,1.0037016053780885,0.35308551077105577,0.3874417995865529,0.3679865539870497,0.2728356477144076,-0.5032398931058784,-0.20264218327345818,-0.9254774801268177,-1.0993714594606556,0.2729990320628486,-0.5298695158161619,-0.11709742234044906,-0.00688091492149745,-0.5821249225459673,0.45080563339542645,0.2865423857469783,-0.5947932021400895,-0.7507963095097757,-0.12236483609497198,3
630,-0.7061439534703311,-2.2779549196790674,1.3684523859281372,-0.17201226020561755,3.1637829123347663,0.5369563738148964,-0.36923353268741455,0.15652347289256374,-0.06726495858550319,-0.10596536679359869,0.005867591544917894,-1.267201986100393,-1.6980772769094659,0.12421114429672375,-0.324348021381242,0.6536678410895296,0.9302409741509798,0.9838737023218487,-0.896567012574629,0.22129072937525462,0.013392968204206324,-0.7063756404754483,0.6734105600066296,-0.1134389687474403,0.3332209222301784,3
631,4.323225253892312,5.3762969356127694,-2.563062594002766,-0.8777617540873566,0.44333933264443504,1.4430536422449456,0.281276309412827,0.4867526941541511,0.5019543570639509,0.3401516935646267,-1.3085281580488652,-0.2466112713050186,1.1932668496115442,0.8916947964588529,-0.30271313330140637,-0.379651401522743,1.2086926750189995,0.913389360467705,-0.05624165980288831,-0.3743520682246412,-0.5165755166874438,0.09737582228710506,0.18932600757560175,0.3767639636032746,0.14245091578115823,3
632,1.1829499083047423,0.32978482305657186,-0.30930034259174743,-1.926789347220856,0.47630991842940795,1.5734273071519955,-1.7948479391377825,-0.6238576756450042,1.173784160887596,-1.6368605686975033,-0.39982363583590286,0.8988742344222156,0.5930958313948977,-1.6097158708372732,1.5500155636417081,-0.2716334808707379,-0.46771518295963044,0.14486953798070346,-1.5182457817581103,-0.877145805150427,0.717546221696097,-0.03167923112558935,0.22179724829742514,0.27969350986514796,0.054485220177942106,4
633,-0.7876979393130341,1.4745871949699634,-1.2850704829585722,1.165056530133724,-0.4777933392102108,-0.4061404281597474,-0.6501847194149986,0.4954678130484427,0.7732172484560342,0.9963074834033697,-1.368138269252624,0.1945573816775057,-0.12571700251774987,-1.0028754948126402,1.0277558246092005,-0.5399907585094113,-0.33036558430492513,0.19437981536992854,-0.3924996370855187,0.9649701184306698,-0.039048668316731816,0.1855988937658437,-0.6117154381586112,0.01869232905029028,0.5019622544131499,2
634,-6.7846851375077435,0.164910130813666,1.8888313811866115,1.1687225576699896,1.4842076219233762,0.28672110670038586,1.5512460604905574,0.5619657803238978,-0.024206570176344755,1.6105468897934063,1.5032121179478106,-0.839885556545702,-0.06421977613260865,0.49292077464445705,0.12615607158709752,-1.0607635639679516,-0.9118145853506314,-0.3381837972790036,0.43458114136847037,-0.041868440967773424,-0.5981296256855334,0.30461142800149366,0.34644220472576054,0.3796698662691823,0.0961242305441182,3
635,-4.741419951201815,-2.2250715122821063,-1.9173200588885666,1.1545541169418692,1.717597462261313,0.7686237598323165,-0.4911615406415386,0.41886241654669987,-0.476789325246354,-0.00018808889476340518,-0.19011657823652905,-0.0278938839515821,-0.035131668658627824,-1.6796393221232049,-0.0211205874799556,-1.8057233162224346,0.33614024835854117,0.5767773600426134,-0.8385213041471333,-0.7242091198260475,0.10015086120203442,0.15025295593729587,0.13395081348122778,0.23704939727158048,0.07460984467583834,3
636,-7.85176724890801,4.71980571054373,-1.0880030074075646,0.9339534930828344,1.8943577411292993,-0.8928622742514174,0.4655642658375796,0.4590172041423921,0.9860504774721051,-1.5106331050780692,0.703272458986897,-1.9508789143719993,-0.879310405226839,2.241768781582451,-0.8853103569611505,-0.7933191707688714,1.165714971315455,-1.3535368294981098,0.6792744368397643,0.31279605162094404,-0.12369783919326083,-1.2672420053789881,0.41896054715017844,0.8514526939372825,-0.1286358673169661,3
637,2.1832669314648694,1.5559143555803772,-2.402645465418345,0.9508355264902444,-0.026326541018693583,-0.10410735421800332,1.7036080576282444,0.1383384610182108,1.4966658479279884,0.8382460380477735,0.016294755784316495,-0.7647235304779971,0.24819196461585613,-0.615139133416257,-0.2576745484686933,0.20788079776675117,-0.07426539154289458,0.16667874977948216,-0.07678212954068142,0.5831788964282363,0.03821030655951285,-0.08471607017970334,0.4492409234522889,0.20814281081958008,0.32519282726480103,3
638,4.350960808330575,4.42077464628443,-1.2514021637044008,-1.1898700984722876,0.25818391404983565,-0.8015523573844701,0.44587230133583455,0.11912475466008665,-0.2745056474489185,1.2250580692878792,-0.47677419049321634,0.6940562344136874,0.5001365897418446,0.7095913633986943,0.6595662737462159,-0.4984804358199195,0.03361153042986209,-1.1868939051773473,0.8110769143072654,-0.5128251867957161,-0.19105449613160352,0.08725967666280535,0.3765121698469372,-0.36706435149632183,-0.8340126768130781,3
639,4.347472280580545,0.052837299296113915,3.887399151564029,-1.8589159837389981,-2.0374271587866573,-1.619743097732851,0.6010383461791133,1.3371465934551452,-1.2166400840408478,-0.028981599529037838,0.22859134569743822,0.9281471916451349,-0.7470435277732914,-0.6569624601408992,-0.8712441055198608,-0.6317389640653615,-1.0008866817428483,1.3041357665591429,0.5537113391891362,0.3288590672887417,1.0283650700576419,-1.1765857175920431,-0.9671521051497614,1.2822128297406628,-0.5964157485444617,2
640,0.5719860495939919,-2.0972914251361274,1.462507683906136,0.16543229640466128,1.3568776752698184,-0.5985328502566758,-0.8892611749893837,1.750676104005386,-0.12822992061224303,-2.070458835860923,1.1874854792085068,0.37453598891912554,-1.978950796166849,1.4747903378847744,0.9207770536606189,0.5300268676194002,0.5258411905745728,-0.38659472576009213,0.3738233317435036,0.2769164501690775,-0.28186457229973716,-0.28640056308789164,-0.27430866579145907,-0.14985150762592359,0.754679863302323,2
641,-4.72155479704997,-2.1062898120285,-3.2467636186115136,-0.10147006901176603,0.43374101942727483,-1.3850025736917175,2.0125877655184246,0.2899754132561032,0.07022696895737379,0.2574213666204148,0.16960943967415187,-1.6561528466342998,0.12168863262416307,-0.3844927573823296,-0.06506181186493376,1.0730273093051768,0.7506442085375138,-0.5806511778260033,0.022836209107834904,0.14867153349411732,-0.2799726750813384,0.08343584430319984,0.189757224699246,0.4824491944185575,0.08784678253410169,3
642,2.035978065891806,1.7643737977988687,2.693859169341758,0.7317741223342487,-0.21495386305592568,-0.8588711477621036,2.1717602110270775,-0.3311910819512528,0.9784622714098736,0.3533023396647825,-0.07117959932970441,-1.0197955523137399,0.2370014529160367,-0.40327219294350114,-0.025533517678153372,0.8507740510764488,1.2182684827145374,-0.7365589302017215,0.6295308796037253,-0.6363576094821943,-2.2482171913561357,0.7077005561810032,0.42647240207243303,-0.06364280803209255,0.5059014848273272,3
643,1.3446081228470952,-1.9728529029285995,-2.730407340817983,1.2080774610134921,1.1086129986992155,1.578175968372904,-0.33739768045496454,-1.2935769390611656,1.8380640181410666,-1.21389127077801,1.4605059699695837,-0.9189491264678942,-0.8614553718778506,0.6938963523903072,0.6588732128448341,-0.7777567992769858,0.1991557773973125,-0.9934017158794921,-0.02154704511440153,-0.6019666507019618,-0.05399211386918179,0.04356504661837732,0.1800045856300852,-0.23267588976615172,-0.9081757334988437,4
644,1.0277620733502317,5.643962404063522,-0.3900439415341518,-1.3921154925809929,-1.0548976640000487,1.3333957031873225,-1.8801189343754012,-0.4126633478767352,0.36735082061402746,0.5692215023431847,1.042713552447654,-1.0007919164820063,2.173262720567112,-0.6933643014824599,0.27687559358895797,0.6652549642695349,0.6136982011870669,-0.2833343866787703,-1.1776153875707114,1.6131791311458152,0.40801637556501935,-0.6988909885277721,0.6775151330175515,0.07134085581336269,0.2914212645575154,3
645,0.6581739032040161,-1.7756856633767797,-2.839708959257487,0.264474874703585,-1.0604579266401002,-0.8547701536245853,0.36813620182516127,0.640365284874906,0.013518493826474298,-0.23774892386299087,0.9642095095910571,1.2389375878785485,0.9596138549277446,1.0128236118717973,0.4844394748673554,0.9269893824518243,0.0413234988786384,0.3129677451773607,0.28988363286280094,0.11795332753634646,-0.07088508456310827,-0.08749803776154702,-0.5891870770572438,0.11008554604135334,0.37197389372786316,3
646,0.6712104914768897,-1.8020648852234065,-2.8151791143140454,0.6402701083048838,-0.8282348503233551,0.3504543077051534,-0.17973146066951706,1.01269255690414,-0.10705082729289117,1.0859185897238204,-0.2075040154270984,-0.31322401623147234,0.6122542325849198,1.5205864313230286,-0.16101770096347567,-0.07038125014801788,-0.8052035399694077,-0.21281581296123075,0.3788804881310317,-0.06955300399672903,-0.1890969238975313,0.08772558780535608,0.29738165038839864,0.28461792944072617,-0.18015580960257654,3
647,1.3498971954703265,-2.064265418235002,-3.3655531513701913,0.9106579245866171,1.169787056045961,0.36865530266374646,0.2013557274193034,-2.56698746945528,-0.5213937012660739,-1.9774349595735932,1.0705832838697105,-0.6378102161852157,0.714937408028065,-0.49888387214420915,0.1958166406834969,-0.26330736477648453,0.21776887681669432,0.29171245822972125,0.6689008496045399,0.1830804535978271,-0.15990813516400093,0.08145080319281944,0.2367177194456696,-0.3421799179066957,-0.9313643985141578,4
648,4.517241004833759,-1.6508278314347364,1.7969432733968025,-1.8303976222133058,-0.23506368579294634,0.46634082050079906,-1.1633603424860908,-0.5855076121267832,-0.8647454016696186,2.2127225251989824,0.260377285459802,0.6102064059105881,-0.7901126482345493,1.2081194171659493,-0.28621696715388684,0.8053230465663352,0.1612845245381811,-0.6432051926392233,-0.08275314667500844,0.38170933954944664,-0.33434866769099514,0.1889141162697221,-0.40491113001408274,-0.7114751992296356,-0.08991691422108648,2
649,4.482794765095834,-0.3696629254605428,-0.2872440545332118,1.2890133597088549,-0.3183316662069272,0.8225324632664419,1.3852539606333538,1.5012829722323957,0.0614893373764569,0.6571271623117935,-0.12298406383192417,0.13422505214378466,0.009121241628595733,0.19201836699452368,0.6691792624277174,0.5978873149229504,0.531702308821091,0.37868767536315584,0.8316054567789202,-0.24361627196511937,0.1487238013564346,0.6374007086044486,0.033295849412678435,0.03033188977275536,-0.7944192863446737,3
650,-0.7761018528337775,0.2175715192518073,-1.4400684945887798,0.4273925274199697,0.9838520698696984,-0.9689759914412868,0.7147278392274763,-1.7044061151609124,-0.028237172373050345,-0.3773873860122778,-1.1099076169759787,0.5089206040207017,0.03632421017119514,-0.9286790059890724,0.2800862985944037,-0.25012672916271184,0.17599221102554585,0.36414487312036226,0.3987144154073148,0.3030160353529362,0.7389909736051011,-0.17808098994982985,0.6124655867565005,0.0513222459895224,0.32316920874991406,3
651,1.0887088186167588,2.58675661926271,-0.3804096018893771,-0.43932266981525503,-0.22404901797734467,-0.25227867489752676,0.5954326711840134,-1.9902750766226398,1.3989168093980489,-1.4445972395426923,0.5492087211539745,0.7107665614946512,1.4979104629648305,-0.7732958912019817,-0.01866993425565977,1.0699918954495735,0.3663309298809172,0.22975531530382343,0.46852890845085726,0.0975182824310501,0.5123478983245692,-0.22884761487400074,0.5994540477667438,-0.5567525857106971,-0.4666266229356397,4
652,-6.609790433604619,-2.963267096605989,-1.5952469811026855,-3.032921253855427,-0.586566905916442,0.1706768436521391,1.5329558484511496,0.939108103784942,0.021203801138387934,-1.2173824075353923,-1.4213523725374964,-0.5388761814496295,-0.6522272880983879,-0.017312364464926677,-0.06777028154040998,1.0727453622532668,0.3159535247047027,-0.38766137999287364,-0.19878565216671373,0.4258797024111589,-0.5501790724383043,-0.11015060718537717,-0.6870881201922491,-0.4256329499104966,-0.200762398301607,3
653,-6.633069409708742,-2.885200293618699,1.8058790983124695,1.5842318152326773,-0.05732171379695261,-0.764890416762543,-0.8381541132080379,1.5902301666971925,1.1485447749654218,-0.38927965020004235,-0.8490366835395848,-2.0466444760294795,-0.13039584960462536,1.0406689586533235,0.7530672823295769,0.5411800115011025,-0.39455308355845453,-1.1235863894866118,-0.37730216025406005,0.433859833278631,-0.5245089652824574,-0.09635634026004425,-0.40994874598037495,-0.15735643031679858,0.6557176687361905,2
654,-4.780182653854405,-2.0170092119366707,-0.27683465399765184,-3.0959002190993052,-0.6435580430819302,0.52394209586619,-0.8901400209107018,1.657572440944095,-0.06564632167650375,-1.517910490538993,2.2820043170814,-2.194587482826078,2.155093462259845,-0.6863920197467507,-0.8096535915627548,-0.020257544202570532,-0.29120778189174246,-0.9081242213448797,-0.4663698704593855,-0.5150864796280472,-0.1339710294526395,-1.164019812390036,0.09043135275020159,0.8411934749402382,-0.355074731686831,4
655,2.1370040375286585,-0.11667664503026431,3.249752009399786,1.02299623321503,-1.7354543469676482,-1.8454734896868354,-0.5750580728051893,-1.9367443097333332,-1.1866248923575105,1.8436102810807276,-0.16049020776857392,-0.21314196104800254,0.46015445795694543,-0.9278931862900319,-1.3002992599997176,-0.8708454597055441,0.1533708158505922,0.25499213475836413,1.0071658402686312,0.22344211862308827,1.2190661815826331,1.0269671921876848,-0.43838320698334715,1.5075826278297657,-0.9243296801489129,2
656,1.3880321369242523,-1.915683923927722,-2.725543080548656,1.300351116262632,0.05897263326292701,-1.0150883456426913,0.044936208689508206,0.4261116518779593,-0.35745150802309356,1.1008182403965363,0.4449269800520568,-0.8775377288858925,0.33178975910524144,-0.5019737466717904,0.8581318630331402,0.428812878370068,0.20790556574392438,-1.1035177311188589,0.5854508852686555,-0.36516639124735517,0.02463964214570702,-0.05598523262021643,-0.7090678033884306,-0.4637473150367394,-0.4156782539322348,3
657,4.597463966562364,-2.7290400254893727,0.5287178522112392,0.5639596514598844,-0.41506678384745554,-0.6956712478863634,-0.8500746513439048,0.14031463048978754,-1.61879568680166,0.6602551552208386,0.7394366155393172,-0.514446716748074,1.0014216555459887,0.693899390585951,-1.1927693304297973,0.3698034903848839,-1.2450739653394152,0.7151074740948795,0.7756144778166485,-0.33029807266652916,-0.2275582409428687,0.02768637546201813,-0.35548675912097183,-0.3507468463217128,0.5658534464484576,3
658,-2.90770506236721,0.7589796761239409,2.3281549593903597,0.2186050357447593,-0.31099479926415596,1.634404970230888,1.0652765066663266,-0.32446103414263094,0.5934781724492693,0.6530740403420455,-0.7465526031281375,-1.3884242099410804,-1.8215614537549698,0.03563849365095506,-0.00015026738005730067,-1.8026630578321745,0.32425060556738394,0.5076346912745997,0.024425149159463366,-0.5486596301136388,0.35512525650890586,-1.1531850597718203,-0.12822070542110486,-0.31225587823351914,0.6187942814077916,3
659,-7.670908395963584,-0.5413029107740366,-0.9093112138412514,1.0073742534472783,-1.6901241454178746,-1.8556154973052421,0.9267274788871571,0.13329013296755643,0.567206114887294,0.8420366870062882,0.25186434705355787,1.3396108985731652,0.4661388965468438,-0.29039407939383066,1.5207023718937327,0.42600871527637985,-0.2735891300997302,1.1039577087962025,0.06796627737012528,-0.03829336660227889,0.09755095645710166,-0.3118552208660934,0.4101291220716818,0.31108732404907913,-0.08114923824203032,3
660,1.2894884686432189,-1.699615533450588,-1.3317594513737385,-2.3338305658366294,-0.06428480370311973,-0.13754447458455576,-0.48291493294652454,-2.412093998275312,1.8619364577747906,-1.284996583613816,0.29751886167881625,0.4561293733520473,0.7450983511250331,0.09910053051308099,1.689195761854707,-0.5529399860506938,1.5172274253297435,-1.3785946332168688,-1.3611826989228573,-0.6348656252172419,0.6991240579344917,0.42344120942154695,-0.08897244651863451,-0.037948934448534644,-1.1675235000591304,4
661,2.315633563854812,-1.377126402300846,-1.0316836122108413,1.8450272323244685,-1.6327589703304715,-0.6426431847927305,-0.8264547936613993,1.2037498170824188,1.8716512617671963,0.4366219967506043,0.8121409528956242,-2.2258817629813663,-0.8996674737919044,0.22031225694337064,0.7513591581129074,-0.3766812116855296,-0.6744429387613589,0.03436758282832031,-1.0001214819086959,1.466185980722095,-0.5953594401782673,0.4610678952018057,-0.010746457567076872,0.5979435009042312,-0.27231685886195195,2
662,4.442065917692437,-0.49595993655997184,-0.3181218401577881,-0.9206854154095416,-0.2767811753946394,0.24940276705838293,-0.042577262511450886,0.3899163294776573,-0.5247711487462929,-2.6267623313785524,-1.7513677352834007,0.016481712497183443,-0.8165201439487386,-0.4608975062244227,1.1008116706114932,0.4848028662058832,-1.151009449944665,-1.2137133060731835,0.1548531383638334,-0.37088890663453,0.43074536564597055,-0.22944480554427993,0.56209819571524,0.369553948831285,0.49815770157532613,2
663,4.348114428662191,2.573627739271828,0.1586736704142302,-1.0554941833138614,0.015364912848837342,0.3259808864537108,0.3219555742794338,-0.43492423131036584,0.13265449190797662,-0.915332508116683,1.342815496565815,1.0905737574555303,-0.09860723279913208,0.3832659805874086,0.7944556882123096,0.771588913217466,-0.06126037267233264,0.38170508651506907,0.010593131672121281,0.36480989993010926,0.23427001218837235,-0.39146812008629617,-0.272605686192808,-0.1901859478104243,0.5543283050018751,4
664,1.9191289164076828,6.418918718621438,2.3839331323258524,-0.5521191948124646,1.3604808345506283,-1.8666652081039108,-0.159939685153911,-1.4567049994462962,-0.44016205106063433,0.8455293397965405,0.30079621921087707,-0.4519759829754013,-0.13029764753436757,-0.4872236269282061,0.6099445252035479,0.5323696778961855,1.2148544096310077,0.6934034818394315,0.26690532160312674,0.2371061829914347,0.03988849006737594,-0.04881847435430925,0.20085976960817947,0.6504120755915,-0.3548964559747408,3
665,4.497459155842266,-0.5737182314871405,-0.5263942839980914,0.3997612356397551,0.307782861519446,0.021399893092791,0.8417946636311293,1.6953612565609433,0.024652073331022706,-0.15502790371888975,-0.9160630715527129,-1.33573771490066,0.8215650306784528,0.6625139019543835,-0.23918763575433993,-1.144957440739517,-0.05421495378405172,0.3156326230836006,0.6867308116115045,0.40806541859851553,-0.09162253827449252,-0.6063240044803695,-0.624606915662916,-0.43611959147074103,-0.34688644985221573,3
666,4.4688658083457025,0.37280849875013633,-1.3643870855292195,0.33819373630651084,0.6442672672644256,1.0584087267325963,1.8019093925685974,0.7735944997742026,-1.1990897235858373,0.22903687440953924,0.21280790858520549,-1.5149533661511727,0.17545251549634733,0.5223867741379047,-0.058406186393925585,1.04556728675631,-0.2965331686182948,-0.9894788896609756,0.21946627372400673,-0.13882644498261276,0.248483103786044,-0.0316681318926767,-0.5828195867470412,-0.41317759565207746,-0.23941381486297136,3
667,-0.8394601373792092,4.902677168500141,-2.0835178091941726,0.19083415060804887,0.9504299754068524,-1.078359331698631,-1.9573582877827373,0.6015914259731412,-0.9122179186380217,1.6498168402310722,-0.003449540929357342,0.09863264941971028,-0.670836931699657,-0.4971615641863826,-0.03261636991338879,-1.139219375045999,-1.2226260835659768,0.6533269489045246,0.8355249787577987,-0.22525711350396982,-0.43541959312913214,0.014994059077969857,-0.5269063754076212,-0.07922421543467606,0.45609995923984825,2
668,2.324466661369142,-3.0900655786522666,0.7287064602479905,-2.7947646873866505,1.713976856407667,1.0294947660100213,-1.908751070383532,-0.4315187729840734,0.02588846143916701,1.217469413538967,0.9910163544603532,-0.3756115120438146,0.017190811020140417,-0.4181866211969859,1.4635948967256165,-0.34280785122140367,0.06455347738262152,1.248385005527517,-0.05505331086315257,-0.8212231036398693,0.2182215670098298,-0.15816609307332186,0.5764607677306088,-0.24380482965358474,0.35830160143696166,3
669,2.157976169255063,1.6529589493600447,-0.5844800851855473,0.10519953665619841,-0.943904141076964,0.41645220779902514,0.12572153404238584,0.4912099529629712,0.12262235312370695,1.271348190912378,-0.09016716991246843,0.7911454868456773,-0.3367334952106398,-1.731738929695101,-1.016240335216425,0.12272204128114717,-0.021999897120372536,0.40503107502232893,-0.7263809226134548,-0.09832465733226081,-0.05387249957050211,-0.09150575282243034,0.353326279275097,0.23460612757343602,0.13154376733443437,3
670,4.497383340393432,-1.5760224946701542,0.9313816552901628,-0.824364640399923,-0.3927781014878783,0.8056302733642928,-1.1332107616846774,0.029875992722769418,-0.4435765071636668,-0.22951819100301754,-1.2337628504450942,1.0858611782143757,0.3157664077386486,-0.0675375788220185,-1.2772627576533762,0.3928305893616979,-1.0248014230288205,0.0024527219515206866,0.33315745872830416,-0.048707486556584856,-0.2947795398533576,-0.9255721146972471,0.5289557760794381,0.4402590733904542,0.06789289551227054,3
671,4.53842592231644,-1.8189710287345633,0.2908015713410186,1.108086373372521,1.281301968084006,0.9367462690814325,0.44318123898616113,1.289267079697915,-1.2774965898123605,-0.4994487884206573,-0.9005600338399609,0.2728510200698735,0.5353190672425394,-0.428136941754063,-1.017773389682956,1.0593770793626778,0.6494267469795312,-0.35077101044134906,-0.5281481434832105,-0.3128196850082487,-0.4640687813920671,0.12699437608878522,0.47154758162477967,-0.6664358216797857,-0.26833167611780445,3
672,4.365875744595909,3.5275429180936184,-0.6117239857357167,1.26034551928587,-0.7278567221971922,0.5879689257105247,-2.2795787238683847,0.8409036229303148,0.3677737145517801,-2.1673802599179055,-1.562008517311335,1.4554997628073099,-0.7903732729609223,-0.14007979570371987,0.6431470187504108,-0.07949874906018706,1.2741510758078074,-1.0261126046479485,-1.4180523744178242,-0.550437794639194,0.1590641598829785,-0.041772263252461694,-0.5595938895688384,-0.016134731348931064,0.6171775275302235,2
673,2.3227844625580456,-1.796103335845109,-1.1604153703051667,-2.1331779258787886,-0.2766964616815967,-0.8609746780923184,-0.6131479793326524,0.6346848565419991,-0.08954637349463024,1.5079325425073802,-0.6518029919297881,1.070564778141935,-0.6575683147770801,-1.39450481375144,0.21720501047101903,0.815717908209308,-0.4834930259136647,-0.12544356874465956,0.5806231309460479,-0.44578164726240377,0.3879613620433625,0.23351260855382483,0.339588113299705,0.3220230286095541,0.1936629062423972,2
674,1.2269883974943774,-1.8267078466331048,3.4557316415279162,-2.868760418640838,0.9945651873156918,0.5656031906513888,-1.9177700140629463,-0.18627700654674828,1.525978314390131,1.1609615086313796,0.0933672488330699,-1.2544673700211106,-0.0668832745547534,0.8679088017891754,0.23719782790005017,0.08564154365434873,0.9572077843915952,-0.5737111066528557,-0.34017938267575265,-0.3583376661856966,0.38640704575164714,-0.3609699721131555,0.4270392481808139,-0.4090622210058787,-0.6175998598318342,3
675,1.9938021200528322,5.441988996583193,1.272537527167955,-2.3040232484556498,0.4457250885349633,-0.37432625850419,-0.5091918049569566,-0.5835662400893585,1.3876439684896473,0.8411263670542429,1.7009905560836407,0.39495238307715264,-0.8001551809156091,0.08489409999189923,-0.4868996664359736,0.6941437235891628,1.0566295523824496,0.8079519472268375,-1.609324197916243,-0.5526335582830176,-0.14771730921890658,0.04218218057014697,0.49952467429333275,-0.05501408810945496,0.2796666541117785,3
676,4.364613920784604,2.0504132143653075,-1.4030810213193774,-1.1402835402806732,-2.189273809614934,0.03423672008458789,1.7587220389426648,-1.6548975916366098,1.4591365715173348,0.6759916249298766,-0.4118635146885772,0.9191211979878449,0.6729367772250865,0.8418123930431993,0.9428434627911678,0.7320095217747404,-0.009927552410722296,-0.7404316725593878,-0.8343166449546948,0.631761181912136,-0.6799522089380222,-0.1234096616788331,-0.5979990032366836,0.32123742482734186,0.449486646672028,3
677,2.1704191600302014,-1.5247065666155302,2.990760852895452,-0.4898244530652871,1.1203163103769598,-0.2717058118832081,0.9049326098707491,-0.8531502043136634,0.7440243314011519,-0.3048263106743788,0.6424110687832848,0.2513312768793141,0.2107522307212708,-0.7510430022043061,-2.735698154392695,0.07258691989098254,0.05246422185884625,-0.6064605785465238,-0.5335215758631087,0.7383313292102285,1.2681246525666636,0.5711696239983632,-0.8959301579012249,-0.09054913944339338,-0.6290409626318778,3
678,-2.6098526416295265,1.8884861264906103,-0.473572392264865,1.593064007713179,-1.8419757365581972,2.3056067743681035,1.852958813716561,0.16712363980954703,0.5145819091432622,-0.6921825207114234,-1.6505815038141167,-1.0626161818687752,-0.30276926380656843,1.2294973282042103,0.8776651651912489,0.6592742754027365,-0.9035015371920521,-0.06656680502458379,-0.1667095385109465,-0.14996314148253054,-0.8706447029473795,0.05172083546809125,-0.7538499056332189,-0.1647294463114909,-0.3866573341623647,3
679,1.2905208842045734,0.11987755502928055,-1.808117151631882,1.3200109679692145,0.09377377813410925,0.055075792064344764,-1.7513161372866262,-0.505477941037421,-1.5603854035115565,-0.15029059361945635,-0.3301693809232129,-0.1982316421544965,-0.3915113684399296,-1.4646639158094674,-0.8609524481235183,-0.1240629495554697,-0.5190984647127022,1.279860513743162,-0.5256669000494354,-0.05314399487383814,0.09175768100123749,-0.44753556297512553,-0.5210785887825965,-0.9283588961150268,-0.663582337388289,3
680,2.2771409073632025,-0.6186018966410813,-1.2829475550606741,1.4168952023750214,-0.09492883515103323,0.27319574273239056,0.01571353015859067,0.9722058255739299,1.0336659347758523,-0.3570192277502668,1.8192122315620642,-0.6295312711273315,0.24354082703144586,-0.6303241355297519,-1.1913383546570993,-0.5243178777056785,0.41605463282884214,0.7708025051411855,-0.07985391786314544,1.520913516798645,0.0726801927056846,-0.3727272730625958,0.3531389699565403,0.29855162039747396,0.08370373853127225,4
681,2.0666900295414994,1.042201529801118,2.5250186001170567,1.6155113858656747,-1.2767029133134253,0.7683922603061286,1.3431977248184017,1.9743994827626543,-1.014172281832454,-0.37419033255623624,1.3511054979064927,-1.330782988447144,-1.6895439173733005,-2.1725999188880736,1.182042471228998,-0.09664613036046399,0.7694615641211104,0.5669057854796371,0.16201532465089752,-1.0203647020276285,0.8279950077473276,0.20910390858232653,0.47951707270819216,0.07048531948198844,0.31552826768792597,2
682,4.469707475828423,0.86313434140982,-1.3396614199987853,-0.38704943183640994,-2.1569108831331625,1.1301155864037962,0.5813267937176279,0.7906405430736809,0.42837728401743913,2.0301456392904695,0.3986994108732156,-0.17494274749212035,-0.6333142667114415,1.0767438481253597,-0.8431830128219908,-0.9195037311409157,-0.33029635951402225,0.31448993687046034,0.29194762452661616,0.595438530673613,0.3556137163211569,-0.154134590763284,0.5446145980082402,-0.45596641939154103,-0.3342789220662016,3
683,-4.680479296859351,-2.193351014110287,-3.08098051821663,-3.63454870958599,-1.6075132288199327,-0.12429446709206227,-2.599442915228329,-0.7371171157348527,-0.6508397616687764,-0.08558824189728825,-1.3319456672639955,-0.8278531759295035,-1.1017427444343166,-0.17060109096192977,-0.26977442517545547,0.3419880080407218,0.776233661046732,-0.2963130670294789,-0.6729860398285779,-0.28711783749382747,-0.2833833593645103,-0.010823224462887027,-0.7342243183382478,-0.11290472880807079,0.085483386687872,3
684,4.550606763048135,-2.347807659517727,-0.35571219902860907,0.04029763526974994,-1.8884128852233384,-1.4157042540227696,-0.04813930739543393,0.004198293745001358,1.1403345883566613,-1.1304737304540007,-1.245251269255647,0.9101705753151319,0.2657599594773963,0.53516612555921,-0.00887852748150908,1.1305619492312764,-1.4238221626396932,-0.6012917618595428,0.4880069206671651,-0.7301809375019984,-0.2717466757454895,0.14705450024823127,0.3861696976477897,0.4411429567052284,0.2907163962605648,2
685,2.311972622056553,-1.894791853030604,-1.0439225798215663,-0.09614433278818924,0.9429292718463753,-0.11092085672629937,-0.30158152391099113,0.2210315458582619,1.1790806425612912,0.25330501231973424,-0.20288978542150127,0.09558339343625977,-1.1012994003501042,-0.4754246010622758,-0.6010387013970251,-0.37228407144426234,-0.18205054252791264,0.07869391810081794,-0.712148574808209,-1.410007234302186,0.21201960805106845,-0.04498593844847387,0.29230114017310066,0.20782958858683176,0.18137681390654128,3
686,1.3190507411522,-1.8295103930579388,-1.3851180149023994,-0.44199333107894523,0.8033330790286488,-1.996368481312453,1.3846427582695808,0.4988221725991058,0.14520079219175352,-0.10638856671768604,0.3477204869177819,0.7391093891238492,-0.7088049314540317,-1.2415825361467203,-0.3432172103186796,-1.4152760476747523,0.8452249936552487,0.9331660123000098,-1.212977307597535,-0.2306194195208902,-0.041894725513144326,-0.04975706135428043,0.05869766287331263,-0.2007343942053481,-0.7158796802893157,3
687,2.336368138384545,-1.6623309763349787,-1.1798322495958562,1.181084255048257,-1.0175580764682184,-0.4857964654012159,-1.833919774925256,-1.3022082180249204,0.94467014496934,0.06938525619153946,1.3606758155353504,1.2867797484630894,0.19541802624551163,-0.6979425088702351,-0.37353196150959755,0.6442272015828006,-0.0903978328051025,1.294167242803872,-1.2466487907966148,-0.8749960579711037,0.044854794526880015,0.7504525280110591,0.15407758160116086,0.13561137964833858,0.05969864886191631,3
688,4.495284175719812,-1.5641929469708962,1.8380261945571827,-0.37890264719493905,-0.3302309660586805,1.7952503847442407,-1.9789932684577498,0.2735106447304878,-1.8227130898521435,0.12518862426431232,1.3300764642311127,1.2448963620096754,-0.670028260189258,-0.3204253004390639,0.3130955894689378,-0.3561195948836824,-0.9134013205510464,0.04263779075072005,0.8608077670376435,-0.008129726056271491,0.8909895704470068,1.4461221765998566,-0.17857212752265672,1.0573296527084288,-0.2761700744806738,2
689,4.442494213410187,-1.374279061788561,0.7668744384409696,-0.11172357510924957,0.21560770317154376,1.4677749913895766,0.75161334151939,-0.09522472991264452,0.9180175288208066,-1.1265014220724636,-0.9319465079197182,1.3654803670407145,-0.0902379524404493,0.025187458656704687,-0.10569626602606541,-0.9908534912478237,-0.6895539489255986,-0.012144182078391186,1.123304112410572,-0.0342936855939493,0.14995511923435811,1.2906482623206421,0.01457324585543135,0.6745745798444923,0.1442120726237819,3
690,-0.6531596760585607,-2.900955735097514,0.5094562903772271,-0.40962763199982843,1.1110118516445182,-3.0458008002805084,0.6865467660454874,0.12839458561034944,0.7688525580833585,1.0310157203059358,0.2637142928510797,0.21093394463538218,0.8965509304917592,-0.21936419994879364,1.069776770171206,-0.5466183610358468,-0.30560596996906675,-0.3510309202848929,0.8134195333542702,-0.3264439290340923,0.43118536363488075,0.18122175470424354,0.5112145066641007,-0.021812647512811867,0.27658506004856853,3
691,2.139620402738702,2.2810947247039577,-1.005283657543159,0.030795188198325718,0.7986330240631798,1.7172039826016507,-1.0075130628402311,-0.23840949199648298,1.0402788434420902,0.25737249444069854,0.28609639609960236,0.8191989167073843,-1.3213451938574772,-0.6685290192044463,-0.7819733521254933,-1.4656422728289615,0.5381687135407933,0.5853975698494764,-0.29071140253198324,-1.06880245050197,0.33152435351673676,-0.2821965258885173,-0.7598089105915559,0.25156602211944146,0.19439294700090984,3
692,2.1841000486374167,1.9779306774016518,-2.1147488751862915,-1.9355578655616317,1.1113466373003027,1.7814494113605952,-1.6292074308138755,-0.30715302818672974,-0.41695669140961744,-0.0227457811839471,-1.5001531559485295,-0.5374139119141816,-1.1604436606816564,-0.7686871975495815,-1.4639746759991916,-0.7428568792942133,-0.458949667612367,-0.8897871615788016,0.47337563942216354,0.2558752829531773,-0.1852299744239706,-0.4704213883024073,0.4376807899248209,0.28341411588162957,-0.04056344243041771,3
693,0.48424264121235794,1.6015580596043382,-1.6356358665945963,1.1524295534765394,-1.6744834290655652,-0.789804833175213,-0.26535290272634837,-1.360256508497542,-2.2949062969155367,0.45140107270516594,0.006802576034234176,1.298032275857521,-0.49627598128395833,0.08452771832362438,-0.276011818122855,-0.03709906966095278,-0.7861182440536731,-0.8302141817036053,-0.3138600091444139,0.5779310521745069,1.6421173596967251,-0.298136699606952,0.9404868808512845,-0.12688336664462307,0.4950115306691629,3
694,4.4925148794485334,-1.5105673511949385,1.5426472041537898,1.0317085305952483,0.4889199863586049,0.6443292628516941,0.3595020934654154,1.447969665011315,0.6125994587150605,0.2591426219681918,-1.581861639102762,0.719306583271063,1.0664880603826656,-0.012785903281731015,-1.155581855969574,1.5379251191149557,-0.03672899380051686,0.2517818354511814,0.13904233789890474,0.4045070560716275,-0.4168142753386489,-0.36087726831649114,-0.3187430659016417,-0.9298970726723514,-0.0788177023519478,3
695,4.509900703021968,-1.848841260065836,0.33679883369216546,-0.9773980197470191,1.3330833995131768,2.0796773407839946,0.019067351634031393,-0.6795314038296278,-0.8728965986960762,0.6059278318351552,-0.3978811158337934,0.32625864731534104,-0.18594685219652907,0.6372074964636454,-1.289501049812431,0.31653299118608924,-0.11396428992442575,0.43139825981431557,0.5100031278051311,0.08460220508862104,-0.6115341339048915,-0.04699067708201349,0.6326482247229148,-0.0009491921981729101,0.4846493628410391,3
696,2.03123433606266,5.320614549137083,-2.462068346641867,0.9877574379005609,1.02995860611476,2.530754278727556,-0.8380405181956738,-1.1589836498144386,0.9211399324893788,-1.7850773295001572,-0.06985891065948935,0.6350441802777249,1.60788895105919,-1.3817388668830997,0.13246053171237993,-0.268290215914315,0.9814062836905935,-0.4653500070532681,0.9051260385043984,0.14863689809698932,-0.03093166256076163,0.0045019399454802045,0.324882921144034,0.38403130985572764,0.14439616042065864,4
697,4.575519156663804,-1.6690554947228657,1.1673117059738891,-0.6034555061409366,-0.8404086333899656,0.2754694537187454,-1.5009531079608085,1.1600771607365168,0.7639611207221884,1.4501520033096602,-0.16142920738474342,0.03904089461360405,-1.4389799770225713,1.9628317599771923,-1.8961891560272437,1.282035253614207,0.3033602521646932,0.38731033719062236,-0.34389911817601915,-0.45370729191002135,-0.3408158292821929,-0.10596053810637618,0.47003857361711304,-0.669254898344147,-0.8137539216077763,3
698,4.29514437932791,4.0242269514119355,0.4566159136359025,1.1260625386384038,-2.2934212679451034,-1.1398546039724964,-0.8662552925669469,-1.0098185759290275,0.0444422692450801,-0.4787524747561627,-1.839258950439435,0.3284509646906315,-1.5054549464262619,0.41532589445787127,1.0315870202395958,-0.7287807206155401,-0.9773832366463399,-0.18219250194805126,-0.043936232004307296,0.14409661845012411,-0.3260797083349797,0.17777708399200426,0.45344720496728835,-0.41401663733414,-0.7019783233680764,2
699,1.2067409603268011,0.5798460529836529,0.05965655463995856,1.5056640917389594,-1.0071230307113204,-0.9292656306395928,-0.36533621747447453,0.8847434910813883,-0.33791400941656713,1.1176426483964983,0.06160895765023189,-1.1460763789752852,-1.263690273883913,-1.079669374019101,1.0721400151605125,0.5294275936619459,-1.0749631798886887,-0.24477384488934817,-0.6306513415781241,0.3063455734219467,-0.6164841777590259,-0.03141887154250739,-0.6061585399268753,0.11006513704423071,0.41936708270893297,2
700,2.211336144268687,-1.8131710518263826,1.0770533902976533,0.7069740183472892,2.1969138553795764,0.5782239554136761,0.47484533937783,-0.20173982652499367,0.6707233470896163,-1.7580436704946787,0.6052288845004502,0.49977264582042746,0.04851053067984745,-1.5162997029656529,-0.5092737724985297,-1.0865562378990254,0.12741697448444955,0.46454000155048814,-0.12373011008963353,-0.024500557925758115,-0.32163020736296544,-0.15760565370081653,0.34954405732822275,0.18897181078941416,0.18307428633528358,4
701,-7.6780100175251675,-1.910182231782505,1.8558973256691742,1.343208741064132,-0.5843616202606812,0.7028602023989658,-1.8938678947613352,0.20490705593226144,-0.9598214707547554,-1.8040234119531924,-1.1421447958040811,0.9460361108491546,0.21670682252426232,-0.997373909115394,-0.7379033306570434,1.2340361797381338,-0.2361979979819553,0.5209822367063994,-0.31575849295530123,0.6205388996083729,-1.2132270257818023,0.31819010573651374,0.4286163688245655,0.048521918181824275,0.24967561745371006,3
702,-4.767343423586725,-2.804155003648627,-1.0112081641384458,-3.075267206436722,-0.3741935662411059,-0.11383452968670804,0.321146678862668,-1.0239467132080475,0.4301766574275816,1.3850190629561276,-1.218626017947939,-0.610067230824805,1.589248262253379,-0.9743735596982404,0.8146403567343806,0.17792075777731453,0.12259257111935384,0.26018324295848094,-0.910937420800606,-0.24788510546175468,0.4927209097695073,0.032802705576932795,0.055443425178714534,-0.08274450570479575,-0.8609775714913253,3
703,-3.051745483404064,1.5797092904511079,2.5561333142007747,-3.828308207802438,-1.7382266899468144,1.180973015539283,-0.9137282233843438,-2.2031565766175274,1.0291650825726357,0.06518756202906584,0.37821155139978924,-1.143721634087961,-1.1560720913633986,0.101963612115616,0.46923122244428106,0.5578240526330789,-0.20771080952034304,1.1672961493107934,0.4230998050455437,-0.32339807642931745,-1.7534970502384315,1.529245124756856,-0.32867958441236167,0.27064296004637456,-0.9418434592449724,3
704,2.3402099413780757,-1.903300102074244,-3.0126313334527057,0.1227305963502765,1.0334144644136003,0.7678007749526556,2.0224327449330515,0.7173637616506192,-0.5707735796479048,1.3812764294650397,1.004056629341779,-1.1919487703490845,-1.0176243551416477,-0.6043689035647861,-1.1110753066124426,-0.6397861181051914,0.5590949514360726,-1.4752536962064844,0.06905648347923599,0.8279860820946354,-0.4138018663603874,-0.2365850263049477,-0.7240582188905383,-0.2645507000280004,-0.25765994543255655,3
705,4.417123036897463,-2.179056327448226,4.601336932086025,-1.064358834930128,-1.3765295631097685,-0.9593795241749945,-0.478281245980273,-1.8215438918200042,-0.9165127326750677,0.7207155270365594,-0.80296093640177,0.2507109989914502,-0.3063252490508619,0.8816366221583434,-1.1893078529968761,0.12559463975246032,-0.11293505745820775,0.3806383362874506,0.5598951324308223,0.015151155521276993,0.439315413009706,-0.2996579879210911,0.08284333194415389,1.1848544000474943,-0.559161264703096,2
706,1.165785024939213,-1.5975059306793256,3.3798324247406297,0.6140529846894318,1.934428225994046,-0.20421158451001897,0.6631532540751248,0.8099261854532647,1.408123015132566,-1.397120676938712,-1.1547093535699517,-0.7697066303195399,-1.395911950701319,-0.8516822414682428,-1.0426649188805734,-0.028044418428271545,0.5558294953481036,-0.2510833941073498,-1.6237658816923015,0.09269891769523941,1.479804194274585,0.20710529340867134,-0.1222926308394961,0.9893598979917236,-0.3909325212806949,3
707,-9.756968811200874,0.8039579114518096,1.7176273461921967,-0.09728564317395305,1.554772147236527,0.5448767709423645,-0.8008026411469515,0.5047196115907646,0.03771942303756193,-1.5830119948155565,0.3410422301916817,1.262676722787302,0.12970729631808964,0.15669746132846618,0.4594002893428214,0.12041685815005732,1.6509139712460228,1.1491094969046776,-0.6575266002411932,-1.0122749241572722,0.13117741534076166,-0.2900947136510741,-0.6285633062555968,-0.0928428056644961,0.10037608015683916,4
708,-6.849891162389287,3.3665254678556593,-0.3929895955428687,-0.1316351184702249,-0.5390920914299351,-1.38598224507286,0.9344082748364917,-0.2810237756764825,1.0057978549011946,-0.5467500771604404,1.1089707980371646,0.5357913889860302,0.07017274770495874,0.3110147711599476,0.6667845878166417,0.023302413107481934,-0.5814780426289439,0.1032707157282644,-0.5503550872006491,0.8217191377692048,-0.7373118164562346,-0.41126882400404785,-0.6614728757565085,-0.23253786644210273,-0.5180323427649112,3
709,-7.576720476112078,-2.2656015733424146,-1.4274108960977434,1.218592219080128,0.5607661044032872,-0.17959387620719003,-0.548966158559987,0.700058785217657,-1.998351223047776,-0.011223907294284519,-1.0664990039453486,0.3495119662938708,-0.2868820707898474,-0.6761308870640729,0.14149555089173926,-0.3489902320107483,-0.07050989159850429,-0.8302839343112725,0.759126430474363,-0.32863698490968474,-0.14909210639531167,0.41765950311589883,0.2595242390209566,0.42651588452274025,0.1444563129153212,2
710,-0.6468803170844097,-2.1485801864016363,-1.4891429497508875,-2.8142093168323057,1.1969808743146493,0.5616849384021303,0.187082042377114,0.7837308504117813,0.3623557945334399,0.7695884594125796,0.27702674395058513,-1.6732243725241935,0.139385262312977,0.5155028943947235,-0.14926569120242333,-0.2786976846222624,0.9474648392125191,0.81184888353991,0.5198342450319271,0.4274770264181744,-0.041145201553118405,-0.6201554492888137,0.3614140989272277,0.35014808006288367,0.11515078049203067,3
711,-0.7532310978310974,-1.7712222657739802,1.2030227890961582,-2.0252023535239436,0.7311980348995744,0.8719857240412106,-0.2207717628357324,-1.2703902465790395,-0.279951506282222,0.7191965794247245,-1.3119286132019787,-1.2157545253202875,0.4924186795698904,-0.25998193045115947,0.090916085919036,0.4129997116547248,0.8104152439481069,0.8551628530458455,-1.0345179381807423,0.3474160122446859,0.009123253078380578,0.7728843436592654,-0.7854580394461781,-0.07417526954858578,0.39958746790298694,3
712,4.424911182830913,0.40359813240428544,2.5841490848791873,-0.8836394834772245,0.5331062624981857,-1.991979546668672,0.026565305027152153,0.4829110974352715,-1.0325461864317804,1.479046226322438,1.6294578962531132,-0.4436404114744632,0.047468336589638005,1.0288263720000144,0.8533119552246452,0.5497187532688637,-0.2190314874169612,0.10533318608295783,-0.11017444654503761,0.16386799857587409,-0.07180313861334009,-0.6774711101569919,-0.21821461116125013,-0.164542540148364,0.5040656711086137,2
713,-4.825683788228218,0.838217084450557,-2.46196309874788,-3.99199137803216,0.07905411413910923,-0.8773064603462049,-0.34326995993678366,0.1631914719736789,-0.0844994620490227,1.0874720471311354,0.6160819457678066,-0.57391607777294,0.6277681276823359,-0.3301029709591009,0.6829055287265181,0.5264771426972907,0.47943786683907064,0.27110970791344124,0.6744098326582466,-0.3665766754933434,0.2365149269377087,-0.6258302996091154,-0.4718872191568294,-0.058600464192483326,0.3610411116283645,3
714,-0.7137508942932183,-1.983766609852216,0.9134841216042136,-0.37349655557051165,1.9136510121474875,-1.2892364556950255,0.8960233652117369,-0.3448428782850549,-0.13392879188423157,0.5679016078151781,0.37802698828425485,-0.4917303020471073,0.6705914005669364,-0.4365695893250211,-0.3059109945980129,1.2880984880844872,-0.6642954691567278,-0.2688096595433813,0.19384405777791924,-0.06022308877324822,0.6800038822311884,0.09644069697948074,0.48859442311339957,0.20044743861823466,0.1475633896203721,3
715,-0.8178190340057494,2.8001591766603884,-2.7151769992984818,-2.9369223950735646,1.6840545396938673,0.6238842215863056,0.122307687991845,0.5232444218052272,-0.7663612749114814,-1.6040785329954463,0.9712138676547478,-0.9788376145187527,0.7558459509007571,-0.7071950651121816,-0.688075466613021,-0.657231959106043,-0.9602658483499218,-0.11164482157432154,0.8085346610942152,0.006105525978801429,0.014796950655245888,0.054496984461431974,0.4425491603738951,-0.44524208040539826,-0.22874202886646403,3
716,2.1278655429496407,-0.3903494850630467,4.897626882189697,0.40193619840446093,-0.6409454683623459,-0.3000135935585475,-2.5542364932438457,-0.9685957161216109,1.1009407280588546,-0.717007533537841,1.8859412265780122,-1.0525054569495818,-0.443086826260372,0.38656277951666707,-1.1418979068773933,0.24265126610759347,-0.27736291813960645,0.17656913914881622,0.1264305166390325,0.8939372661337002,0.21639472167505397,0.616925804197937,0.6090944362610007,-0.026427452792065154,0.43569470425589196,2
717,4.455138083769052,-2.473202293902365,3.710406736646897,0.5876897550538547,1.5082942943476627,-0.3855307942828734,0.3516329022361675,-2.1277717328879535,-0.22301102871630896,1.4824124415401885,-0.12351306512111737,0.8324151046631671,1.1905066625338399,0.6042475055828807,0.8604117439710183,0.4719313632195079,-0.0070287749648916265,0.13358579708426443,0.007453245065251579,0.4251671876492955,0.6842729861391096,0.7712517013829174,0.48378617234569693,0.101921373428563,0.17569618369444548,3
718,0.6677232773085784,-2.8587977171277776,-1.6453147919839628,1.5774106839208364,-0.4404799193469307,-0.2504842776899334,-1.318202769263593,1.2757726843960637,-1.3005971490324284,-1.6896147617292439,-0.5603031502074742,0.7875632384552995,1.0118809894862517,-0.3508217619494497,1.5389170417629234,0.2100856058024505,-0.2311746133922583,0.45319369190955694,-0.14979895855086078,0.5348302160476937,-0.17747167181549095,0.06568840098832995,0.4098752677650293,0.18214100003349554,0.3384733355265144,2
719,1.0570807762431098,3.4915331320456318,-0.6784712176450943,0.2824002760365576,0.645985760921941,-0.47642997148826893,0.9345017915698026,-1.3662935439671933,1.7096819107546866,-0.5536473400345377,-0.2983357475219033,1.4622850157557665,-1.7288527859347265,-0.7371821769505955,-0.29861156986987625,-0.7072776856748116,-0.8562808616736349,-0.18785351158385843,0.5414315472675084,0.14385820569533525,-0.28526483810533176,0.3195583198530749,0.2864268124441021,-0.07638955360063848,-0.5223333438679417,3
720,1.202594973936428,0.3695330722735295,-1.0282421831503399,1.163355679062653,1.0135334117617993,1.9635379721060606,-0.09361728955291948,-1.8676507460814762,0.44204542853247375,0.6519735219310353,1.6796894735318926,-0.22431086175040327,0.8112393393865549,-0.6732581259607556,1.183449591824941,0.4070671201452576,0.045369001589810054,0.23486301487242311,-0.12555852505877385,0.6191577056630391,0.9025486979343467,0.27324138716903074,0.3771851432773778,0.2920085876745392,0.05162232017467519,4
721,1.206791738712024,-2.6210998360350537,3.494979597331837,0.23780507967656916,0.7710584295460796,-1.0158175881733478,-0.14498172861634329,-1.6954800903171037,-1.1143836595515262,0.22155379241655881,1.7031614691796526,-1.735461389987292,0.5524141536891722,-0.6183169448796157,1.0363293764387884,-0.10879363916468665,-1.3218823637896127,-0.6985123809674318,-1.2534951243018444,-2.0532502184879435,-0.3362474015010336,-0.538046534585853,-0.5486609984997497,0.11042995978717485,0.2563739961489496,2
722,-9.771851600184185,3.744118657073762,-1.9574724171978168,-0.3669168162796299,1.6699613631382888,0.28083159607816244,0.3049295699817427,0.5413052140475334,0.5202326120406982,1.213058290546865,-1.1895803317570544,1.0821249211317867,-0.8950059205667457,0.567925973142732,0.8019028514656933,0.7039106558812032,0.17894750568240658,0.3270037759007085,0.035270696535266044,0.14860609743404984,-0.23159210666327457,-0.11061323229968567,0.48930680275341215,-0.43999099199105796,-0.5175490287488443,3
723,1.3567821100945228,-2.9147376353263734,-1.8952225252257189,0.79058870417358,1.4383308588942099,-0.5588178345403829,1.4307842869991987,0.894889257492375,0.2553157654495637,-0.08144132598468823,-0.7492058204764489,-0.3649165446457918,0.7176958686663748,-1.2534893119960213,0.13472690089636596,-0.2265003775132568,1.1436663659685746,0.8041974725635743,0.6277822209812198,0.510173171805405,0.16423355605767953,-0.13130862744546667,0.3283100421952036,0.20357437930781552,0.191959382486842,3
724,1.2634758989824864,-1.7081580910072667,1.0645459009869238,0.049590500840511975,-0.09100797860003873,0.6050498127356452,-1.3030380775177142,-0.7051353671487033,0.5096410958023001,0.2525691502502936,0.7958135415344346,1.083754439046237,-0.038573907753125525,-0.7448670586895603,-1.4824920320123465,0.5191601698744921,-0.11114803774788706,0.29405437870687745,0.35478169119867653,0.4126239673166021,-0.5055829154672334,-0.0797916895982479,0.4713059466861769,0.21165535576085281,0.1797574720887344,3
725,-7.561090086690342,-3.102157261376931,0.18573669857432096,0.6652778626294125,-0.1817067928764019,0.3597334350177088,-1.245117740921453,-0.3604498871180487,-1.0018912778970446,1.2597998293202277,0.000504942108711659,-1.8845104715818835,-0.2378290171900126,1.3482515999638833,0.34055700225750796,0.48928827613793535,0.07342881021018521,0.29319403955595913,0.22657462685630225,0.38009421083261374,0.46758365012671144,1.0469083098804703,-0.8119344760073798,-0.4762554693422817,-0.4229445112765168,2
726,-0.6878516929202281,-1.77536254322791,-0.8488255853341717,0.6124424677256806,0.36960912899056786,-0.8184106877483068,-0.2060389720347393,-0.540555851200093,2.0643556403003913,0.3101404584007481,-1.2764528564678368,0.6582934482331821,-2.2730987369483877,0.39227895683157654,0.5627551461304715,-0.44554911632886873,0.7003459591474597,-0.4630112601708758,0.2846354306556118,0.6595592041577911,0.514396376529885,-0.2155895861551566,-0.7078260951679269,0.4182305667345586,0.1880420074993768,3
727,-0.8424422805463294,5.270682648091567,-2.643492787337312,1.5483909777513492,-0.6094126186919057,0.31692505994413356,-1.754772816758545,0.6080408674911424,0.5155951093959752,1.1551179963393916,1.3281042583554452,0.299222913809285,0.950851413553937,-0.43139617541669395,0.20075279407533975,0.9494548060879437,-0.5422236925991069,-0.27234010202000514,0.23672155732759048,-0.10958415903684449,0.07083121450504948,0.11658719516486182,0.4238524168910078,0.2199544073803329,0.11921636441878766,3
728,0.6420877737419364,-2.721999306798803,-1.3137212438142114,0.13015738492105688,-0.6923003215332943,-0.5690088084164198,-0.6199183332090512,-0.19445919022161373,-0.9037116789566806,0.6785506845739885,-1.3226775571451677,1.4655115991151697,0.8689113799583388,0.26454263029756353,1.6068601106825917,0.005080626035587565,0.3407783907581945,-0.53642482215843,-0.1916339657367332,0.3538033101656113,-0.05456724607323571,-0.019469159425964555,0.44486887350801235,0.27413624180412344,0.27313572004820963,2
729,1.0741009241113204,4.108782078706734,1.0222428651768547,1.4296928495014511,1.0814921867839142,0.15066648236742042,-2.6583106734286117,0.03495752301261601,-1.2848362028395226,-0.7071657465332866,-0.5648822033138288,-2.1925214433353855,-1.8952171321983182,-0.4077403247020709,-0.7441488578015795,-0.11043876133736874,-0.14030861540304107,0.48750872873051954,-0.02991056988888907,0.7263822947189242,-0.17561073274734595,-0.09387345664031255,0.7959799714766924,-0.28775940796936134,0.6316337609368703,2
730,-9.738978146682811,0.048101396020964415,2.728271060667036,0.3550674299509007,-0.2626230959462522,-0.394505348551041,-1.2822717304968292,-0.7760421646903245,-1.4730098846782975,1.3524203119333809,-0.14257342338876144,-1.0981056263378335,0.441715286210675,1.2723550512969277,-0.7075754786204984,0.8306482861555669,0.92619988684767,-1.4406456014094737,0.026851396417988393,0.12937194904170068,0.6002039272946323,-1.8200552271616113,-0.5751460095991906,0.9347196711375919,-0.4592144584660449,2
731,-9.705802488174395,-2.114683439410736,3.4144245192277713,1.1778758338795225,1.7727017231717455,1.9653635765354154,-1.7165050005501898,-0.9729986999909664,-0.116513876722522,-1.4115047732283899,1.0201866629424947,1.0499092859057497,0.27591050882641266,0.13189492362618305,1.2956449860145636,0.32162443717431155,-0.2393590458045063,1.2758558045828252,0.5983176327577819,0.28021039621036514,0.41312419709778614,0.32727739842913467,-0.652236460179617,-0.5317027648182463,-0.6643056583460852,4
732,4.618789352220835,-2.7662385968062875,-0.9386347592302176,-2.1729855698384473,-1.369359896341229,0.359445392393674,-1.4829127736691115,0.04459583577034798,-1.0739917883106145,-0.7141822850076895,2.0573946552508815,-0.3895548609154704,0.7526453499174655,1.1841216299136783,-0.7703249106585117,-0.9501029741974485,-1.0298160656599022,-0.10599580459729108,1.0264505078840864,-0.13704178013720936,-0.2797027974776163,-0.1441642088645475,-0.5998700026011436,-0.47947053426713765,-0.24209934601569194,3
733,0.5227073948882612,-0.3820497247248693,0.6145652190563213,1.5497525148789042,-1.2010722934819928,1.4227469143943314,-1.6350169801849794,0.27158411022703643,0.94436022732281,0.11499423902005446,-0.6114630547844695,0.7552039540289792,-1.8996922114990107,1.2839164978478403,-1.6593896198086404,-0.7424413332142984,-1.5388277941055588,0.18881266255841567,-2.209650291685579,0.5397767104613624,1.1563983136150155,1.5198723341286553,0.21039029253569103,0.17805620491463492,0.351871325625394,3
734,1.1486574234982445,3.2364500625084274,-1.2307675594953658,0.21846420048450987,0.7472417820289141,0.42813583291185964,-0.9449524820626856,1.5205447090246564,-0.3169717277789932,0.7737319763324574,-0.7732046053947645,0.0027187386817173476,-0.12421014562304267,-1.7797709548362683,0.28747231423067254,-0.16460421386361324,-0.4766118818972651,0.2331904178187627,-0.3938550248555446,0.9384271502298602,-0.49474233477770235,0.24320721380004412,0.2062729333632724,-0.2176499062265398,-0.5139323345147291,2
735,0.6435533652543093,-2.05539991381886,-2.2196460938919316,-0.27143377917408484,0.8799607417262261,-2.1650527079534747,1.7850280189297942,0.9589052601734864,-1.268804723614199,-0.4774660923824905,-0.2268578726565953,0.42352892761493655,-0.58000039915393,0.7512119849874224,0.1659248925150878,-0.02047473886531348,-0.008763070185955124,0.4435292919687006,0.4165847214671814,0.17023800321713445,-0.11174941481547729,0.004790566905220506,0.3663300733314567,-0.34341272040586684,-0.4668329925378919,3
736,0.6152368395987509,-2.0164314720095806,-2.6996358147698807,-1.3874958994711308,0.7272931701960987,0.3522247175471134,0.3104128167093516,-1.9130839783975613,-0.881662573134284,-0.6455996875793684,-0.09672368194494774,2.084367441636277,-1.066409682967159,0.7706010162027104,1.1653593990064461,0.19553779944243166,-0.45807098522073764,0.06526540164329786,-0.1334524246907145,-1.2360556369919355,0.2768193231085879,0.035197647195978066,0.38789071420481386,0.27879378330443305,-0.13983816598355472,3
737,4.543183163890086,-2.4219676683723206,1.654943108012908,0.8190110403086837,-1.1124436646038753,0.19271770370508667,-1.3708730021001694,1.1505480022128403,-0.5015009457155251,-0.07307162955548069,0.5202799521317174,-0.32775404443667244,1.5590868128996984,0.40324610463622346,1.419401050541932,-0.017938401294529616,0.7026426054509547,-0.6114848081173427,0.5307138362068122,0.14689651796361214,-0.05819008705958506,0.5539451540767634,-0.7896746634949904,0.24289690013786303,0.31748607251594385,2
738,-6.862503281439319,4.1845104130102415,-1.1906491395306853,0.9000965837773349,0.62664542167512,-0.6348935776744598,1.3637711737470068,-1.285561598131009,-0.9225580761377992,0.46586085045202885,0.37976925212343604,-1.0699339125534153,0.6678361906311703,0.580719381069428,-1.2411257516872496,-0.8045254487619309,0.08223519592702533,0.340252916329546,-0.16082003743550954,-0.25318888753710467,0.9470763127884652,-0.19456527961541153,-0.32194613228320085,-0.22461626619627795,0.4884083883912095,3
739,-7.739825387932865,-1.7320294447402038,2.9182657508329246,1.0813935880820886,0.7306111412432272,1.2920865659753829,-0.8386299823888343,-1.5473173491890038,0.21617328953793136,-0.33348747017774716,0.5200459722036408,1.5016447769195755,1.5201702706786016,-0.6496953625609293,-0.6424353900111538,-1.1343576066558065,-1.4434661145794636,-0.11115973139843849,-2.123708281035055,0.02033427151552536,-0.27537904577293804,0.8576962441242031,0.2765481581560086,0.06421662936718253,0.1609587056627743,4
740,1.1349447881832866,5.887205852510872,-2.095769287953506,0.06834603737832934,1.268508844894159,0.2619421626696883,-2.6337347704048337,1.0497376686731532,-0.7838724841094238,1.831573039922429,0.05796476479523305,1.1729571614916812,-0.8928360644403601,-1.0732947607698822,0.5714509346712427,0.40273391986067586,1.1196282861500806,0.6678046864526364,0.4335038542224301,0.29458825911044184,-0.5882687963920384,0.011952245384555082,0.40431053133395983,-0.6179553725774536,-0.842600422382129,2
741,-0.9737502994840916,5.204833344653332,1.300507734449232,-2.1555008037934655,1.8532964635651454,-0.8098274877731213,0.790429758507003,1.159690503701063,0.5302080913743121,1.6350049127011586,1.056581136351213,-1.444302473922791,-0.6362079247458172,0.056971996159261185,-0.19325466873708413,1.5891989642503779,-2.2468380474706,-1.0475226197004823,-0.9495892651994637,0.17915173610757684,-0.41846559531214933,0.17546404487537673,0.6685838920859548,-0.06068814629677044,0.22574206007246697,2
742,-6.712779763740508,-2.537323764873448,3.8669963950893402,1.2265819745459772,-2.00880051415238,-0.20271489415445476,-1.5463557353733244,-0.7632115840230973,1.2688821320635402,-1.675951494873655,1.1091758928262656,0.9758204330822204,-0.8532890535955673,0.9917991121060359,-1.6727676428237728,1.6525494170125135,0.6235648979222277,-0.4236084579204631,0.4692725871216883,0.3218284927005082,0.3722766782136195,-0.6146807713439131,-0.7666473866261806,0.8641874152644985,-0.34525697814418776,3
743,4.481428582876392,-1.594411499664635,0.9999003483539648,-0.9219225717016282,0.366117223463746,0.3326358781178307,0.08075860992764694,-0.1577841787979195,2.3580366695196604,-2.0009640012949443,0.05543371997507418,-0.798491696135148,0.9480592675304642,2.0455045411497985,0.47571874232133904,0.7112440145321122,0.7167654409882065,-0.56303722090006,0.23594873302332786,0.4087673275336259,-0.3807900378394934,-0.2865305857887498,-0.4253047083434617,-0.09461454516944856,0.6104559505635477,4
744,4.449804249116939,-1.6757971024282898,3.260945294624438,-0.9178749469696279,1.4883140129002663,1.922326071743902,-0.8595670382682896,-1.8358488155577586,1.2117143521350444,0.4482632900738631,2.3409641405661374,0.47123520714190237,0.7921107353379719,2.1917252174242554,-1.5582750422719505,-1.1122788180033738,0.12691693305772467,-1.8552651635446529,-0.9988660530057563,-0.6930802201918218,0.3366031924202015,0.18028717367136882,0.5123662430744262,0.16428076991286644,0.29132774607049394,4
745,4.444132707513154,-0.24931978684891076,0.09867386563495861,0.8732510040209296,-0.5276078014597145,-0.32593686492279783,1.7444340129366145,-0.06839083983396654,-0.6646496269230919,0.5020680361570834,-0.4883325764095845,0.7855805409448036,-0.1179828229287776,-0.16723011637112117,-1.3089319803190858,-0.4844489658824327,-0.10117265435532219,-0.5175564968694397,-0.16639124714877562,0.948984781340128,0.16219694173975663,-0.11231654190069756,0.593700639712389,0.1859546730209768,0.3955962499493588,3
746,1.3052877743397104,-1.7337058812247428,-1.5779072910536438,-2.411854662073606,0.16538965054029475,-1.6617862677631534,1.8936530302865853,-0.21580950961194145,0.9325773656293492,1.3325661326682336,1.155808658027361,0.2960326045717343,0.03216725666597897,-0.2515229028635142,0.17599212403509024,0.029243867310149163,0.019550151338002753,0.15220156090181725,0.32099232942308253,0.1352862114102399,-0.029721404781238525,-0.01297150885876941,0.22870925379173396,0.5397016013403922,0.03503168720700786,3
747,-4.853332221251151,-1.7613582472028435,0.5263982762569512,1.080804042931716,-0.06673802229904424,1.4767034225695297,-0.7093623717428392,0.26313699435182647,1.9028975480712962,-0.8579207385791512,-1.2833615126064404,0.26983060183161633,-1.4447729288475009,-0.7856450889337084,-0.46889794525631157,-0.09033544494402213,0.4189054129619496,0.45491421930403764,0.9482320993092044,-0.07384554663286147,-0.48488951252036616,-1.4671579625130056,-0.7290529522747847,0.057709155159191505,-0.8425936567245479,3
748,4.521962778390078,-1.588016553470597,1.7230372107928023,1.727452646413759,-0.19260749048618242,-0.7811870862081167,-1.4993507925831326,1.4304044562417442,-0.8308939766708114,-0.31204327417490074,-1.57513840195027,-1.798507375714193,1.7119347538002225,0.39383998159533173,0.2222837407682201,0.5949933592470247,-0.14226660625355603,0.26063838504391823,-0.2032458687131382,0.5296586682706035,-0.522026564278966,-0.47629756442102356,-0.4413449648770276,-0.15151688061075985,0.49412058785522683,2
749,4.324574781674906,4.863394787433624,-0.5654140858614775,1.2312033461640373,-0.9520451114156332,-0.4236686710136275,0.8124538371235772,0.8569689558263525,0.4652144220026986,1.2504308278981773,0.17608528449803307,0.34791466180031794,1.3361522783353323,0.42641836889591267,-1.1300274743366354,-0.6893885665542113,-0.2468221502408483,0.19811670627805755,-0.850238918619975,0.406020260850271,0.10641683688600656,0.5033979358078584,0.047589486819095306,0.44160831246583954,-0.4893217000732939,4
750,4.449724430643782,1.494929472552645,-0.9365894653070885,-0.3536562205285203,-1.0596961488617334,1.3421516124060209,-1.5629869790764224,-0.70317712513732,-0.5701556489253097,0.9926195768028053,-1.2354159184052442,-0.9601214223814297,1.3315121260888283,1.117384666602606,0.06686833811208226,0.6136459139034369,-0.1524430138107138,-0.9754651888737551,0.262703050700996,-0.04854770784752749,0.27105240523583585,0.4733351493756149,-0.8005037303836895,0.36315631360044776,0.21740764044455943,3
751,1.2429880908496962,-0.4964805012519684,-1.0929679462541866,0.8900243371110554,0.12674001772400945,-0.06838516076441126,0.5124820117045421,0.8631747556872407,1.2042584058842474,0.3798918619104984,-0.8456175364785541,0.9453641402081154,0.42608852842684897,-1.7064552668159287,0.8154897679868546,-0.4497131263195493,0.42240272974602533,-0.6155664432173285,-0.10888434964755378,0.8152719789960103,0.1763531494662508,-0.1610863540881986,0.4651887321669556,0.16025889589003683,0.33026238750776815,3
752,1.2748208507488332,-1.4603473503331887,-0.2638761657209663,1.0233424645532634,-0.769714800601104,-0.07595093270198783,0.19974541394545264,0.18203487441702548,2.071945517323785,-0.25981280309041976,-1.0973571310855246,-0.437388336755002,0.6168496044141465,-0.28733777346705613,-0.7642102530146511,0.943508569208718,1.302036665347853,0.848711859897171,-0.3587307689753352,0.06263183271015793,0.5543525803715478,0.09424907817461026,-0.17410805559410275,0.3123556449374464,-1.1628642952989305,3
753,1.2191058270257926,-0.30173252392054195,-0.3949177818227324,0.22438490577074477,-0.9844852327279846,0.3622246895849237,-0.14431286404244137,-1.1484124803794675,0.4088906608375682,1.0439816286549854,-0.5466718948965754,-0.8212529210798346,1.8815863429621071,-0.8719973067227793,-0.03813550737204974,0.8164663805122787,1.5044324274793297e-05,0.17328891775764577,-0.11488038482504148,0.6667157409446287,1.595820252667268,-0.31355831279190227,-0.12958522281930956,-0.51710472580963,0.6908341256643985,3
754,1.3221769021362029,-1.6719885666970302,-1.318126633773491,1.030257734019417,0.3277607142636352,0.3537814809373816,0.5645944135894205,1.2692082139478669,1.0963198610695537,1.7359108426228405,-0.3262707797968116,0.5741732220174378,0.269662952217133,-0.985788359451298,0.42765718752783755,0.7166941065592596,1.159390071594078,-1.5354697379540867,-0.037290055865832006,0.6062421172096335,0.1253632279040232,0.08601206255692431,-0.651542411078696,0.11882460314570342,0.40340904421538526,3
755,1.169911540281234,1.0884581712186217,-1.1915495639873113,-3.2143462761216366,0.6071413810044803,0.8622918694886903,-0.0698811938337296,-1.4539951835093714,-1.2054628930254632,-0.838321329113747,-1.0113382754117552,-1.026189663503128,-0.7012166723825004,-0.7229479906150309,-0.4167657496521673,0.8727043559122531,0.614199735756463,-0.3503784415649638,0.23634157151669788,0.07134706570710914,-0.10683605716703481,-0.04126925909614387,0.4449625739962105,-0.38517795835099033,-0.3455620667994652,3
756,1.2815911071045196,-1.7885894109413552,-1.057417693011878,-0.5131573936466647,0.1480301124329222,-1.0179232673407776,-0.007699364462672609,-2.2942268049723005,1.823554932630973,0.14986114028721997,-1.2453834358495979,-0.0410321190309233,-1.1270532428071158,0.7159505235140884,-1.1001134526389897,0.44888067401362575,-0.9701242670719629,-1.5855526894664242,0.6154606293619298,-0.462871512078455,-0.06022784568404149,-0.024495322486292104,-0.33813767202295075,-0.010458334957382243,0.7646947973599652,2
757,4.298833329276876,2.0324628917119716,0.48252132789831936,-1.3319941398680855,-1.1700006944996613,0.4103370616279767,1.7524423950961596,-1.5600962527166,0.25574765493187535,-0.8315505912864245,-1.1242543780180048,0.13298603544152265,-2.934163123905225,0.7191238710897547,0.39014394816586495,-1.43569353710379,-0.014269251281122886,-0.4265684612265521,-0.12928532878468024,0.9423414596460657,0.6175800391862953,0.0854615963283574,0.4691868515264119,-0.26046943570075487,-0.648744331919219,3
758,4.443855629168597,-2.452511481943678,4.022395551088874,-0.34250083588434244,-0.2997245507531553,1.2166937856461666,-1.095604029134706,0.07091532302985648,-1.9270922734862352,-0.9143973679959629,-1.2471875796942598,-2.445931147763191,-1.3864633123391203,0.8003583560962428,-0.5752722435506183,0.8557855561157317,-0.3728339443293063,-0.7030030107683007,0.2749451769302489,0.1052611599357206,0.8804353656982682,0.37025861662320503,-1.0251739167816483,0.9778531370762408,-0.14398013058797668,2
759,-6.6137918694733395,-2.973384187261793,0.5228162752327203,0.02111686509964228,-0.4133902934502167,-1.4567604830779832,-0.9768089408720306,-1.0058064007616667,-0.6060797788492649,-0.8800667064019063,0.15914209918197197,0.8542987603621315,0.9657359319451277,-0.15054032241010873,-0.16201305686504225,-0.681328754636555,0.24767926952607855,0.4799223994334909,-0.9321399193884448,-1.1045764854943525,0.2248958851508706,-0.2280077664937502,0.2668856911012342,0.39639356393472924,-0.06860184544045526,2
760,0.6207737840938332,-2.838189804263176,-2.075932121764535,-2.9505959019176418,0.0782865033983361,1.4605017585770912,0.9215322599811362,1.3708861833258892,-0.030793469310659294,-1.4290322290720279,-0.35657944078245873,1.4537723862439753,0.4944259556730919,0.1941384254852785,-0.13876744663243312,0.16437000134663116,0.08415978406713465,-0.3606870214626299,0.23884805786409435,0.7135114958963673,0.5668971991688789,0.009027288698899572,-0.6009285519323413,0.21114587050987976,0.578451759485929,3
761,-7.792894723831081,0.8402388410133872,0.7574883505449133,-0.426301547806319,1.5197839905243467,-0.37056620989501043,0.997898964425052,-1.7401846718129366,-2.2157249240172963,-0.7475414730127816,0.38295030828833276,0.11033691660768108,-1.1926765008793316,-0.07986745640149806,0.20356503469888199,0.8822512769739443,0.3772553751715839,-0.4153070400401546,-0.215760024264541,0.07008479878796214,-1.101635683553026,0.15541370316472214,0.47794708769017785,0.26767613441332083,0.23083095643122944,3
762,-6.584896423933697,-2.0329686079014073,-1.3054924467092024,1.22113978449172,-0.6699722640472355,-0.6286012911472985,-0.5761734395912788,-1.1640820514946062,-0.38298986944608693,0.07229413271240437,1.2065971953055479,0.5170471129449927,0.9986392052977013,0.49786758676254017,-0.11090764571161671,0.9721360157816563,-0.07488010699108649,1.1473063540193182,0.8141070536453889,-0.3725563328868394,-0.09084100125909411,0.09192219204439384,0.21089302551213446,-0.11725899174312049,-0.9333461259401088,3
763,4.394964544579247,-0.18821532168389776,1.6153092672822822,-0.18717859239706547,-0.15306171287033254,-0.16120657965316854,2.1380743310211905,0.22644176245586056,0.2666085023316307,-0.05450468444930001,0.19095148757284308,0.5821662867298643,0.6440769380497438,-0.11012491391068702,-0.7237828675571569,1.3539443402049303,-0.6688081952284322,-1.0315952679677234,-1.3405337304023792,-0.2251241233985085,0.29573094162521407,-0.42397466140404017,0.6856943188618487,0.12445458227575446,0.400542870940093,3
764,-0.6959762301681707,-0.8037372089046557,-0.8663840964088878,0.2863992577281902,-0.3395966553443662,-0.03135666955160277,-0.8567276428167814,-1.0264727400066638,-0.7022852039138954,1.721888244231264,-0.17565265258133866,-0.795757691951055,-0.11099553884224589,-0.09270484481030428,0.5434026548643182,0.35106361903639094,0.6663431305858363,1.6801758741517778,0.26919378623217316,0.19613212183542905,-0.4237721939706999,0.24593570633318657,0.2189679531335565,0.2792244929407147,-0.06716970761947591,3
765,4.327615559925457,5.278749411263163,-0.5359357906000349,1.510417154133997,0.7895551565151588,0.23400502474188345,-0.8706827208403829,-0.17276384666325462,-2.108435102466677,1.6022084432005945,0.006565019684172113,-1.4065960574301806,0.5961167457247973,0.7860829044811859,-0.7849756308494359,0.25710310942400194,-1.8828175439471724,-0.8886589176155533,0.24385818788484448,-0.46998207868761044,-0.7719614851945159,-0.05511732509226658,-0.4835460664678544,-0.6426000974027627,-0.56300569954149,2
766,3.2423198059507516,5.891958066090956,-2.186076934738166,-0.0731271785318337,1.4751501207288593,-2.2503940787299372,-0.7443499370289444,2.13498609540979,-1.7827223681600985,-0.052919357985765136,0.515356890423726,0.16018873126177646,-1.4519089073531517,-0.7179201767719865,0.5645427490705411,0.8041678535987251,0.24399793625721955,0.44094282316811384,0.31434142966461875,-0.02034416039724407,-0.24524786664407983,0.024206298509470536,0.45622139623447894,0.15571233440018983,0.28774315198596023,2
767,-1.52301361490602,-2.9806432608839115,0.3544081989656025,1.1299072675210406,2.060326999929419,0.15766035768121744,0.6266676398313775,0.8074475414545503,-0.05901715817548503,0.22371011906338056,-0.6111190330246052,-0.7057447215248245,1.3330501902865097,0.10451514151795949,0.5497008859988793,-0.5757168076981465,-0.6643540720606766,-0.13956928619757436,-0.47876124190558356,-0.4274667640583528,0.34007898029423095,0.15469719398409398,0.511191033105659,-0.09204245306568037,0.40119492648441746,3
768,-1.6878561567494508,1.7042887250831766,-1.6818379761141773,0.15147678414389976,-1.510534258131445,0.19405886602640088,0.7135427004571668,-2.769677917829009,-0.3619327855486616,0.08782671381218854,1.1910834995688753,0.44004727262665844,0.5594143241465828,0.03457761951040417,1.1926016450033208,0.8214812073591622,-2.13240104644662,0.5818163248497203,-1.2123437042698253,0.7370179196896645,0.2640776642139961,-0.24475380170675565,-0.3835954923083995,-0.6574143528834974,-0.29425775577987445,4
769,-1.5112050233756733,-2.0329073893922858,-3.0667680325886737,1.2029456686197988,0.8008514728088352,1.0801009474935528,0.34881946882737314,-1.2892736535333955,0.5067574633544645,-2.5746526159019156,0.3796397172467979,-0.8627423193979601,-0.2930842540698302,1.1450870135384292,-0.19259209239622233,-0.9720593014164635,-0.2991647933264685,0.5212117576337381,0.17876912482896534,0.8410960630648752,-0.368168391934638,-0.038192923068650186,0.24410450068976702,0.5275825377768214,0.15624194246024162,4
770,-1.7565161489687995,3.1543834097488386,1.5657727351656205,0.021827973800879086,1.2459776436904153,-0.6441203632222874,-1.060308462737237,-0.5872975125365646,0.7564479410555647,0.6625180458777428,-0.5540282196887494,-1.4161797537761467,-0.9388706464098036,2.030697532677855,1.2569041291458758,0.11329278718239255,-0.19877784292066702,-0.1413833298659979,0.5100660351835438,-0.4335703313174981,0.41655026191240735,-0.2327122829320163,0.8495605346733954,-0.2264707547505591,0.45331779970831976,3
771,3.4957041707594865,-2.598968288595261,-0.9230274452012628,0.29603525528327745,-1.4190455306436693,-1.470416168926826,-0.7721112406941226,-0.06524930281082542,0.4582461310281247,0.6158974587490199,-0.0805183579435369,-0.37317561200759375,-0.13719422097166167,0.478795144723994,-0.45879486848865736,1.1621480085492704,-0.5042620460507221,1.1877372099868992,-0.13906003162192349,0.4442195225844494,-0.1785920063345311,0.2751047352471175,0.36632751405726677,0.1187141023516135,0.18831592189394988,3
772,3.4383271786588896,-1.8684002333708483,-0.897168139610331,1.3515910787639833,0.5257708751428294,-0.9662171051708903,-1.6384225907905041,1.9559762465387514,0.3827256023518104,-2.9159512210692915,-1.1369310591645136,-0.4723534053365728,-1.7739880349599326,-0.6563906280610871,0.734630010261038,-1.4599793721088852,-1.0347746325907743,0.11208698198439082,0.3314184332342842,0.6227611244940914,-0.04689771457587366,-0.19061926900081516,0.2341795866426633,0.571207483564811,0.2249247081699626,2
773,-1.4565343526204373,-2.8786161595599604,-1.6272907520090063,0.6802279186706337,-0.41641207384557144,-0.3251546624746444,-0.6054603693427727,1.2212191748083838,0.1696723788207537,0.2881754064248432,-1.2410225302588571,-1.844593930129159,0.15947607301236744,1.078758586966944,0.1337317934090051,-1.4236163441369318,-0.36756284274184514,0.32507522356141383,0.012522896538415651,0.8279458218950748,-0.42068399375359034,0.024017780321074877,0.30851291554139765,0.29694670894892716,0.3230977238297361,2
774,3.3361732653335867,2.081936934625352,-1.8654021707666182,0.764362556835541,1.0456432402886404,0.26788089712240826,-0.35223991998881,-0.758790850683202,0.5488703503659562,0.6843990620683239,0.13438458070490733,0.19074267386300825,-2.2384054647306,1.1536592416790867,-1.4398138632773576,0.44815839704516014,0.5054312030987953,-0.5797140444986102,0.32801299510820403,0.4270016341100009,-0.2578080144888375,-0.2960504550368427,0.5264683763079778,-0.41735163849682627,-0.7578769447705207,3
775,-1.6165996629748811,-1.6903375778820968,2.0055752687081716,0.6706588543323462,-0.2099811209166479,-1.7767663856038185,-0.7294133932536773,-0.16901488219485894,0.2809943507434176,-1.3292080982514842,-3.0053770408624016,1.05021324622989,-0.12268499527934984,0.037262158565684045,-1.1058267276269513,-0.7372485124674286,-0.32579606285236284,1.2909378596974275,1.0801452851708615,0.12462941702070474,-0.5860445378899432,0.33324353247027444,-0.5142405551030245,-0.18520489560760822,0.5739378836122067,2
776,-1.4702399323479387,-2.091993967182457,-3.166740010197455,0.40868249874128315,0.781057462687019,0.8511248259279438,0.22676292524392316,-0.25637723526524947,0.23663878214228218,-0.16963804344282957,-1.0972774685567759,-1.7725299732713857,0.9296130803466935,1.317128755566869,-0.791909913168138,-1.4334301936228029,-0.7745538237573026,0.9354450895784288,-0.3142278069430986,-1.5263184418905522,0.22219416624983523,0.29482360022799936,0.09800574655870359,-0.30448254544569037,-0.5785846662691255,3
777,-2.506083879910948,-0.32906273525495067,2.4622774950166484,1.769363077530127,-1.7278045510048323,0.5630334492528526,-0.4790012456834569,1.3357446673032616,-0.6115856360288676,1.2646694498991922,0.427264797903972,0.8566726918982779,0.5834619135213881,0.8680551654962794,1.4047798433819212,0.1189310870095881,0.35667577789388005,-0.6838915826264405,-0.12436297303490673,0.1510927545670927,-1.4872701561011565,0.31897298002061414,-0.4202451978435929,-0.21946032590907005,0.6576146610648017,2
778,3.281322214025499,2.2928319542763242,-1.5084776132572597,0.854957265002461,1.7182718916751478,0.935750845684773,1.0833136042132825,0.7648799740735579,0.12121893860646527,1.3296136303182897,-0.5358842860059503,0.315700738647533,-0.4223615370208267,-0.6933804026968029,0.13666725023645998,-0.03786902939412751,-0.1918721411786093,0.25692519320450957,-0.03045585094789338,0.5676834058408986,-0.16723123484101843,-0.15585893703871484,0.3780108892702034,-0.283040505812618,-0.5133568499239912,3
779,3.506764192634103,-2.767074963545676,-1.1183818312206237,-2.220117200246943,-1.243683926226581,-0.9641822892142564,-0.9633228318659484,1.5690929086083467,0.35515165348513333,-0.29354414052897543,1.6559225456808773,-1.098164852490489,0.5753824429017111,0.7463767462853617,-0.35714895917243783,-1.6228367245580482,-0.6186874701564151,0.914906613750456,0.11662618649989076,-1.8104352780540551,0.09368492376623239,0.026702221249767233,-0.8512714295688606,0.06214889216895925,0.2925013875041682,3
780,3.3877815186728117,-2.4436863784770293,2.7158108381517536,0.9177903862268573,-0.6392779950264329,-1.4791381107430854,-0.185176022179097,0.31731844862080805,-0.13732227973278288,1.7645374010950086,0.2978680030680886,1.4413967712094342,-1.1095505900958367,-0.2371510769057339,-1.0396248707052196,0.20298108424711825,0.23529930286148204,0.31330213416285213,0.7479890554292763,-0.14006805869123884,-0.4183817741354413,-1.081700211880673,-0.39512634598755697,0.11107778368114096,0.11611728195854512,3
781,3.4060612591376387,-0.6884298361399397,-1.2700848786576444,-0.006619171846587335,-0.04140939513446085,-2.435425028729236,0.4101851448372513,-0.029727343198275413,-1.205332608530474,-0.5873585329415305,-0.5567578141330318,-1.1002100280664129,0.2272831594033502,-0.42947709547469703,0.3308522202128531,-0.2787446002440752,-0.22284079648194766,0.2754760676970358,-0.22270600270711483,0.6746206856264845,0.06887770286679329,-0.23934861172586697,0.38778656582718213,0.1413565683603053,-0.15209013298395538,3
782,-1.8546412784780628,1.8410692081403308,5.127785176347968,-2.80344683494753,-0.5744070719631451,0.33660236314529035,1.3200056838850553,1.6789754166088144,-0.433707761581148,0.47047616495633204,0.2091617748002872,-0.4337248450483586,-0.2685592532375676,-0.13109476264896047,-0.37552125280628296,-0.8976231590757074,-0.935371556318303,-0.1445529721588601,0.700483510451483,0.023439940526197467,0.1118968845290802,0.8672672559951724,-0.5747717781137751,-0.0528527606784831,0.5461566447919035,3
783,-1.5291106764678322,-2.039876308032384,0.3211744547467281,0.9178328949998922,0.9767364662266846,-1.9381569352881036,-0.8355473967387228,-1.1428879905622886,-0.6323566787257096,-1.6330975290381295,1.6639180546692591,0.19734439055985709,-1.0577728049446695,1.0606004932690838,1.0494117502472653,-0.9712597515007679,0.7329363945482164,-1.4033113519259168,-0.9117873820073235,0.31930341932516193,0.5410287119479682,-1.2978502602775317,-0.5549952397711595,-0.23248187598955428,-0.9903100716008608,3
784,4.49570399359594,-2.2862960284935276,1.3124296927070584,-1.1755326729621935,-0.37707133528991243,-0.46971707215967573,0.8820529663938448,0.9705587594335885,0.6025690584602397,0.12843067587683865,-1.7316127653181697,1.1341204327214096,0.0014391176053003552,-0.36087683029665396,1.3949167076653577,0.41661702902213227,-0.06842068508837151,0.39309995259377395,-0.21216171078239698,0.6432441469012598,0.4222468894631489,0.838373360798337,0.06824400126591906,0.5490818754651737,0.027315134467885083,3
785,3.2718240127742835,0.9126233787727189,2.0087913479643076,0.40937018852525275,-1.3787244916941885,0.5382596400233273,-0.15034966619465706,1.9982295017395586,0.36546712165679063,1.6461986930805743,1.0729398334086397,0.8869659438389927,-1.7688178388912943,-0.5722051519868235,0.9908189614764354,0.2674529752546453,0.881488934100116,-0.47483103692613327,0.43656664673345613,0.2862378569382902,1.1461475829964527,0.03170289247027494,-0.11241084293786746,-0.5589370589641182,0.7942123389947288,3
786,-2.608927883453985,1.1676827170927968,1.3471969034622526,-0.6378080563122612,-3.59379204010037,-0.9859402228293963,1.6970295277997725,0.7271336090548668,-0.88084105776377,-0.17674413430727953,-1.1910799138810868,0.5796285359834985,0.7165143574752393,0.21835934217834518,1.341077070866897,-0.8415250025828568,-0.37398173004108104,-0.06338764220454429,1.1648953886949949,-0.8951852088577558,0.5790028420500646,0.24398595061622205,-0.4585290317186132,0.0040249348426557585,0.5278538584864035,2
787,3.359377076765659,1.3845162476596267,-2.4298781879151043,0.25637934256343176,0.07617027319256187,0.2656942494895218,0.8856729256201774,1.4562745778208952,0.3557010033248891,1.391260314943127,-0.09187944053040109,-0.5323249417489793,0.6833680621120908,-0.13660636039513885,-0.5292966237967536,0.194632929376229,0.05618085709520648,0.26561725979889506,0.3053681975472329,0.3757794040568325,0.197549829486853,0.10213256762897471,0.41134675090924383,0.15685159371730306,0.30117228027979825,3
788,-13.489670599086585,-0.9838876988892107,-0.5942361994994828,-2.7175633206287833,-0.5138753581036128,1.90512741699365,1.1481387150493996,2.062785469638356,0.38151312790783587,0.7568215797908823,-0.6195277040765002,1.0688291836066175,-0.21758431007433243,1.4794872874462213,0.8923059543131738,0.643815399072877,0.3485411934336393,0.8749904298043525,-0.5276916808161398,0.8325277857516546,-0.2109218409469179,-0.41529863326525707,0.41417613590967944,-0.22951918700002905,-0.5981308674285789,3
789,3.4478423683171666,-0.8645638485078635,-2.188432161232683,0.415600378404823,0.4320238146881519,1.1274736367815454,-1.6560678451009134,-0.23782013931976653,-1.110446869026808,0.535602266292298,-0.4541757211054638,0.0629074997640291,0.39958044299119955,-0.6725963174148916,1.4696380945256817,-0.08046036126759715,-0.29705777556496704,-0.1336375477645766,0.7949379118605817,-0.4608146436691673,0.6702178325450735,-0.09322788251816749,0.37401429692652705,-0.4591067449797019,-0.9272741962678159,3
790,-13.436226683276942,-2.13540077988665,-0.9913972716952062,0.20985978787579063,0.7243718584586938,-0.33123757166374324,2.0372889218200703,1.4754275422287262,-0.3305670296779528,0.6055746020671079,-0.03832521581688164,0.21377893058725306,0.6899035710232941,1.4018236890096443,0.1883277278232679,-0.703247422481374,-2.1096717530499496,0.6266414663424182,-0.350477263425208,0.5823093739919383,-0.09544501810704031,-0.40717671075227013,-0.4476395562978468,0.055193063871993964,0.40182605846427055,3
791,0.6278151602456639,-1.5748855555858454,-1.5230314277957568,-0.20922842189645685,-1.8001069213822478,-0.19252147003128872,-0.42364460722169817,1.0995257172669284,-1.2142095404547004,-0.11601358056128003,-0.11615786004316675,-0.6147694462617637,1.2240075228786975,0.48436767191165564,0.6777670278712086,0.6800672059246047,-0.5021414707608092,-0.679577493547582,-1.4922628973925613,1.3999343706047802,-0.8415960767975214,0.09705095046104353,0.18222084533616573,-0.25201042105682514,-0.8908536653235294,3
792,0.5973968136269292,-1.8491416393531643,-1.505310655809671,-0.6136719023972947,0.6708815334517186,1.2526507727240035,0.32389875195050655,-0.7491509766981105,-0.7741328082510841,2.0552865581158044,-0.2596206023179801,-0.6762516784453518,1.1980610199353485,1.4745187862479345,1.6799782281221778,-0.0006393737709298186,-0.11940753093489653,0.21453783332302256,-0.16387072771502487,0.1584773196081143,-0.234769319889213,-0.3461029191382946,-0.4724860380565383,-0.021229275877272302,0.4366409562808161,3
793,3.207972794519149,6.405841238099754,-2.627525095443733,0.6349626517109219,-0.306835846851916,-2.069343220762378,0.1715084373193796,-0.06336704180977826,0.4893570783434278,0.6196362706256772,0.05988473284036422,1.0788048552034173,0.45466847285306855,0.12134858530892645,-0.19196589631463556,1.171954011259826,1.3615284103180159,-0.24054566874220207,-0.1109030810023186,0.8044396987859315,-0.22723027426494757,0.06876905785731602,-0.5623986664563189,-0.6270060906269775,-0.2904521318783579,3
794,4.465953114659532,-0.5329241745472708,-0.2664635079401052,0.7154199948996021,0.26275035063943886,-0.1300076183799348,0.3495378247630647,-2.077063089127341,-1.2624663878842333,-0.2644587770679828,0.547538158101023,1.9758389755609413,-0.43161779419209556,-0.28278527838897705,0.7445670772447045,0.41562778463793504,-0.25382265827103523,1.3645794100478517,-0.26767517422212417,-0.7666275315652877,0.3929962170686707,-0.14067107336640644,-0.4454988067726835,-0.07132379899504238,0.3600651756890949,3
795,3.463162605412501,-1.7341546342624172,-2.765667445775872,-2.435369900777096,-0.4463052771404735,0.9339817655608922,0.63672488906343,1.1490753023237392,-0.3861723306842233,1.0614415586204604,0.33742362812858007,-1.3089758966981466,0.4006372565160574,0.016818706665587824,-0.5137488789648028,-0.9279716728695673,-0.5346553828633911,0.3293967287930206,-0.012825429112393039,0.697900110445155,-0.5313055510511743,-0.0003642570185076188,0.11519150431400821,0.584502284998181,0.13769768276975006,3
796,-13.388811651901667,-2.192080524719796,-3.127984620536095,0.4891432302134473,0.12322923678043907,-0.768105097449268,2.281234814205318,0.4382669326704387,-0.10875658097772734,0.10658821536561103,-1.0291025958378277,3.3063714131715893,-0.10118405725267099,0.8879997445885719,-0.7090536682115659,-0.37446120539471117,-0.35968859597580294,0.41178817169245985,0.3894233176945656,0.4676682591849708,0.04304576995061449,-0.13585174827450824,-0.5050855061698064,0.13550906404405183,0.3869600324058199,3
797,-13.31034450632249,-2.408287671650471,-3.055673812189269,1.422557078724553,-0.941813230737205,-0.20630784846179617,-1.3354600402809413,1.3360355949365856,-0.4819970638510904,-0.9361775495152487,-2.042471612623375,0.9112100389407183,-1.1569433061388463,2.006797918732143,-0.6124252348709078,0.037782309122281754,0.07289838236640978,-1.619380484942584,0.008467516089170068,0.42905006291000536,-0.2496283029641937,-0.1184655757081498,0.45220190817970635,0.22079117688017524,-0.07488547019940506,3
798,4.472193829566335,-1.6343778833370193,1.4801357659499474,0.6805066544850544,1.3904294111543998,0.35029539553349975,1.495921769313778,0.9254377202302475,0.40382236590360865,-0.463813373655656,-0.10688041621702582,1.3388071812254063,-0.41495291005536883,0.1794366793311699,-0.829411645846701,0.08680298141541609,0.554508212720632,0.49871355758757385,0.4417155222820357,-0.8702757321473786,-0.31723396672893434,0.3476162298421066,0.3502183200898947,0.20674721588623002,0.25180959163292804,3
799,3.365582452953282,-1.7778417856718145,1.6184086063724707,0.19979445551660735,1.7133347960399201,0.6811014634748593,-0.2760866478457791,1.277206099877207,0.49474221095245596,-1.7070863366409434,1.6621267058259128,0.3338914387756735,1.3642822975763647,-0.6753878746891899,0.27863330972220157,-0.38754362713070534,0.326318686483563,0.4178190485193527,0.07321588004975821,-0.1467633436132736,0.5228009235403277,-0.041519244365925245,-0.6675269575326919,0.004814783657116184,0.2746008744011025,4
800,4.538037017670225,-2.5054841449212235,1.204158744795474,-0.6363269466937513,-0.8448259995344762,0.20858032825025186,-1.608563368392968,0.23090610957973423,1.405659264143095,-1.1264567869029674,-0.3481529577290825,0.3996989429237243,0.3443682142089095,1.1424934427007436,-0.2406980454027689,-0.7190931611804525,0.20822271302637274,0.5138843032727252,-0.9168719684974709,-0.8868270159383428,0.09226533762502664,-0.19270302043779275,0.2962140109064311,0.35688228957821566,0.17235185319663524,2
801,3.3316332395397037,1.358233389169591,-2.435115161765668,1.2669845765101866,-0.5092480614497065,0.28642928789755917,-1.5246255501470063,-2.117727647183863,-0.2845020560164908,-2.487224613479017,-0.4632986274671711,-0.6873136742934902,0.3723264052511799,-0.15703605860499548,0.7203005693886045,0.5101208190208117,-0.04037567538846032,0.5393112025515565,-0.3492561301489556,0.7560805040028842,0.15044454700600174,-0.08310968879527147,0.42393400682877974,0.20691397330911931,0.198107542669575,4
802,4.43014010733007,1.6326904341435222,1.2882781395130036,-0.2696336555537924,-1.292412851272796,0.5439958446218749,-1.3099519864285705,0.6001934595611726,0.5536869551202472,1.2809260439108567,2.663527609625497,0.29231049072292503,1.272815833433513,1.3568193115428926,-1.1384999120465111,0.1579537189749678,-0.3710436460638018,0.15676393252705534,-0.785740354467926,0.055405169568524815,-0.31768789560954713,-0.23666990881089767,0.47619651710249083,-0.4359226407482471,-0.5487005160508103,3
803,-13.380556217967948,-2.3959638181641463,-3.0202255365342445,1.3949811223057842,0.9483179009130043,1.433579701909896,1.2408618731578933,1.7709319639131147,-0.4828536168588826,-1.9682594100801745,0.08414965129922924,0.48998121201830935,0.15816394515457377,0.9091435693771612,0.7579332081454976,1.0698882212662406,-0.8831809596494233,1.3839642029355606,-0.37281992482112747,0.49192919378005073,-0.42881422888237763,-0.20606320633880298,0.41267900431300225,0.3243790893899109,0.20002787684055182,3
804,3.1169471774028263,6.973543910954728,-0.8786525142547532,1.6171525735516785,-1.9975526368759848,-0.6720949297597056,0.3573736248933943,1.2949490590576476,-1.0406581857913277,-0.37850227726057145,0.27833833870981994,-1.617900768729683,0.9451431424336763,-0.7282669318450041,-0.20905673554120607,-0.16826008189054464,0.5316741342848581,-0.639293493296111,0.15480593764691797,0.5790155977140836,0.6812371301412183,-0.01381329296375683,0.5195163489264214,-0.6298140229166059,-0.7253235273615423,3
805,-13.359667653678194,-2.379213324280966,-2.0382037227936762,-1.8636744512025878,0.17147508891311913,0.37547593690874814,0.02488740800299194,1.288179177672816,-0.39505036486654443,1.079665399580934,-0.7293673696943739,1.7954387055125944,0.013342188697307744,1.5801399668887148,0.8509610887822702,-0.4288056248336638,-0.8893064378932575,-0.16811579388363773,0.40911984633445186,-0.1588298534130974,-0.05197180663609313,0.00017507087072432537,0.4577076039849654,-0.5224537009767818,-0.8090158603722414,3
806,4.353056529646084,2.782806304458216,-0.18145967636164206,-0.99631143038564,-1.4049354796683327,-0.8524996536408809,-0.5774250455094605,-0.6003881214466059,0.475753063617228,-0.42795176118042577,0.10198773431892005,2.0755444860888344,1.5220664996560593,-0.1175677503368282,0.6605354768310886,-1.2568465438941916,-1.3020821491090895,-0.3767190021461686,0.4179676946288242,0.22016252853758378,-0.2554070801581235,0.090979841531236,-0.5854694395146223,-0.4046108325567316,-0.20093668269642725,2
807,-13.473179198679826,-1.034280308403996,-0.671978894611246,0.0646693626621877,-0.8215315268230625,-1.3037628776811956,1.4774179817648712,0.009065416643374347,-1.2102838689203053,-0.4630185517414531,-0.2234058999173374,0.24280675367483173,-0.4258840074711956,1.9259561943546872,0.9351948588994702,-0.11247717167605864,1.0319714520082521,-0.20651477183696,-1.146907366636818,-1.4662258398643673,0.21190910411252295,-0.3335411149230679,0.1682651965224345,0.020259134946794433,-0.9657905476423725,3
808,4.37373298319857,4.147172116067014,-2.2007165524865746,-0.7640796572169735,0.5556057224091808,1.7791546189651792,-1.0949076039579784,0.6666434569029742,0.509110811397377,-1.7348259373201556,-0.5668379720563377,0.011053099352067886,-0.6471918126950245,1.124715104752441,-0.03734630880180689,0.9321590732006593,0.15881070013525034,-0.8127911761376283,0.9512576213646202,-0.40644798523725634,-0.20095152097050473,0.29327667793631396,-0.5930762633523619,-0.5053721834811233,-0.08300384704901842,3
809,3.358201615638704,-1.6869145065811602,3.9016995084120927,1.5412426585950807,0.6538174002027346,-0.9696311884057696,-1.620763496064323,1.475252804059905,-1.1643215493978478,-0.35736802054219863,-0.831882137863861,-1.587691191091664,2.4252497154631643,-0.5731277886378449,-1.1833204674508853,-0.12696740876927914,0.19996376225575307,0.23575066793948274,-0.07635463382208796,-0.18177213877786214,-0.4182540579511368,0.5973112184180713,-0.5482041562164723,-1.1125678320341141,-0.06082294644460527,2
810,4.474365487851541,-1.3425621236518879,2.0715966435070197,0.8077055254944727,-1.1128869187962276,-1.470237466201997,-0.5150565613189575,-0.4561377101188161,1.982936413266768,-0.8290639802407704,0.4800725364080357,2.2005650260332463,0.12002951861330247,1.068280523883809,0.041996570944495715,0.7667217965532145,-0.17100368961154833,-0.17833682151944474,0.28467996544534735,-1.369694655130612,-0.5577007219846969,0.4663833847064719,0.4066625158359946,0.23916809168184228,0.2804060486690625,2
811,-10.499980316861713,-0.15196228695963176,-1.6447538585813435,-0.41300775374332943,0.1081788792020053,-0.7536355985026577,0.0969633534677996,-0.2520705625731601,0.6648818367196645,-0.4087151133367084,-1.1315624562285647,2.367085564473298,-1.9658289217330263,1.6092745626321365,1.066332919698446,0.6807281112636399,-0.14837212214618178,0.45356179749265646,-0.2174425281208272,0.45950775511328423,-0.17030898916939718,-0.27216435668867756,-0.36348768342935156,-0.6966780388306617,-0.1920170327386654,3
812,3.2891207191457195,0.3455199821819801,0.7008137568721009,0.826465415934782,1.6632474843558331,1.2857326291135345,0.457470012467605,0.5327567811148326,1.9781449514553842,-0.49563944874662247,1.2544405403559318,1.55780827075677,0.5237375065803667,-0.17995361668695886,-0.7158752066752957,-0.6053146045241606,-0.5226736190203758,-0.21132490272881554,1.202104075435971,-0.1300687704768564,-0.1649454332703617,-0.02463098608370584,0.6255693784098904,-0.006771527078118678,0.42389990199464755,4
813,-10.446252120490236,-2.00131574984674,0.06795178028304827,1.3735389164704972,-0.92214008057202,0.1919250621377553,-1.030240097148035,1.0293998744996498,-0.8118771120194035,-0.48282398031444357,-0.11395140772679935,2.3608236458275225,1.3127234074205036,0.41775122109510376,-1.1939433606153922,-0.6331044406866412,0.5647498899343049,-0.010438896964273248,-0.22970350940638817,1.4045798385942398,-0.8190349632125661,-0.24629115226333242,0.45108376521846577,0.2608025234311714,0.12685123722641226,3
814,3.4066562716561553,-1.870773801291562,1.8057259574418272,0.33457895411977745,1.0398649323884799,0.7802754470035254,-2.2405507964593827,0.7460203879953746,-0.6255480165033074,0.14420033245541697,1.749121127333209,1.510033651354496,-0.5116078636932626,-0.8320871919641224,1.4785326019274385,0.05721182647282719,0.18257740584668936,0.34521018406407933,0.4755851319818625,0.13285085496856763,-0.3616454791287028,-0.04029911501195499,0.47688736031150564,-0.5369724531599642,-0.5128461115231924,3
815,3.3228925381691834,-1.4146136336104145,1.378919574617621,0.8218668020873721,0.49789143672450553,0.936929581050459,0.1963459104451606,0.6975428110221502,3.0429543393649405,0.0051935783163640226,-2.550487037366576,0.31998930088492195,-0.6039020583447954,0.3222650159029683,-0.9067117654496057,-0.024199209442038017,0.30690645007532424,0.4176774635043943,-0.2794551683352915,-0.27246742307449884,-0.14116642227398168,-1.4350638641235869,-0.47828987968900627,0.22058111849661421,0.233092658074634,3
816,3.151084287242382,2.802395910910275,1.629059769962686,0.3332306061169277,-0.9728508196346357,0.2637081091456981,1.033687799316617,1.677668216081869,-0.8155902933709118,-1.1312943824633774,-0.5560627162179266,-0.39905771462735484,-0.7340080855748568,-1.3186208743377996,-0.39269653359022955,-1.014413913654502,-0.3517474231370148,-0.9219494643767936,0.6707494091757882,-0.33714174828219623,-2.0113252821138006,-0.657407681055182,-0.7499117700122231,-0.15831129811949696,-0.42619046321902343,3
817,4.194101666218339,5.219319715593686,2.969743447529969,1.1942955064482903,-1.937593025267845,-2.91939398840264,0.127836092900524,0.36020378984939794,0.7349610368034467,0.22310037729889998,-0.45772758908180045,-1.1059033044890056,-1.4349763616409628,1.1358060498292755,1.2543872751804956,-0.747097373113371,-0.9730731624146731,-0.2589820394251743,-0.21640543156828485,0.14798025135546444,0.4490096163170052,-1.5572885096295024,0.22161201577532702,-0.4654391467215681,0.8087216715214046,2
818,-10.55748213820638,-2.0711930222929844,3.5002449039549814,-1.876890800995904,0.7538614464588489,0.5429156973706681,-0.43860102768877596,0.36553050975899626,-1.3222822178879814,-0.2697679358627083,-0.8698564268132669,0.33616869756788903,0.8778172596685132,1.1748493259309805,-1.3046582331122474,-0.5453345481797822,-0.5209618477719402,0.4142863294074486,0.3044772931658821,0.9207499695745012,0.30477291253014094,1.0048661551142166,-0.6514508941696102,-0.008625334041868493,0.39359006833292987,3
819,-10.424405526284836,-2.005018364296594,-0.7300141731321758,1.235670405189031,-0.959954460956876,-1.044270146217977,0.45744820236034744,-0.031132601888868017,-0.32497569713083996,0.2986841508631949,-0.10574495860819266,0.380377599740334,0.7957849542956361,2.010139462611107,-0.9508970049420092,0.09213725491494285,0.5062242471150231,-0.39259786840723665,-0.8275613988854047,0.07497125874658106,-0.24220553754704488,0.6299469609642743,0.1667479960554616,0.3458485658994407,-0.053230407161189805,4
820,-10.581188946306414,-0.2643034751992688,-0.49649299260889423,1.2916894749403052,-2.9909568204413963,-0.32951397435207097,1.322502923163504,-0.37479014327871973,-1.0377700939877808,-1.5407354870366992,-0.32054176743823315,1.1484033577795039,0.09218788644219544,0.17276987175984893,-0.21476789435189825,-1.0126536576329261,-0.40863734545952113,0.5601508906907009,0.16737399089562643,0.7625457234706903,1.4265992279602886,-0.14659600103672993,0.7908195924750159,-0.032501985150502954,0.41726779052653307,3
821,3.345666815421941,1.3691518537938485,-1.5981719188672399,-0.12811194994105657,-0.208624083752726,-2.2683401585192655,0.13575090191690675,0.48088540849706307,0.05664497144800151,-0.16184517765509188,-0.6085023588598089,0.454974854186049,1.0151664853031845,-0.7203932501566523,0.7880014385954303,0.5055922776773598,-0.4231826780776742,-0.10658653359607584,-0.5917439366710484,-0.7582785613703741,0.09363846303406809,0.21853042600559153,0.23805250194956712,0.27881041242268656,0.09893760284631184,3
822,3.470281371121084,-2.6338795664653403,-2.507141976040375,0.14692100342440462,-0.24853247791709543,1.3117224498394529,0.4719942209394019,-1.9466684956218097,0.12109585159964986,0.6653867607868055,0.09240229533575017,-0.3815462638611007,0.17800283180120435,0.3238694844024699,0.5790447102718522,0.5807275027012975,-0.42084139550610833,-1.1838971836963115,-0.123509387258673,0.012077725159001518,-0.19476847678411824,0.023714189109998396,0.3240550459203824,-0.23208541001599237,-0.8173652555149387,3
823,-10.379746180240833,-3.1657726391989973,-1.4069525082825254,1.0462516283243262,-0.004805507121275476,-0.5227177258785924,0.7165169594534451,0.13369732722725658,0.4173174347132562,-0.9739957571041555,1.6925955772881482,1.8688860414108555,1.6495068799411094,1.4333560593891255,0.0621732686753389,1.2718984709635341,-0.01388691452811086,0.3100578979932149,0.09166463404543013,0.3636067290213023,0.17787841483657763,-0.002366321452029141,0.581880820970172,0.047064922739901593,0.1876055597392511,4
824,-10.38920269451295,-2.1455218257588746,-2.5287149120717096,0.08886061638108167,-0.38151318667033396,-0.4209096953887639,0.5066665948377458,-0.8538022503979662,-0.29783311471895413,1.896068068203229,0.963959866042817,1.6697847933831835,0.6442416585520196,1.9382604459065313,0.8734890526844935,-0.44010339390302144,-0.10934063478417322,0.23630902940365406,0.23110936704408713,0.14462069306098768,-0.09085929589284969,0.23798175955827966,0.34013023684904015,0.40493353438994684,0.010839419604776052,3
825,3.392952908029182,-1.6572242401863384,0.729245763708773,0.9865317946510515,-0.07371554692424198,-0.6156952887400791,-0.402964630334953,-0.9642479998976925,-0.7636780303283168,0.24711370557228185,0.7825428003571162,0.8291400045860131,0.6280590058582503,-0.4527036452116576,-0.9174437362046818,1.313017250099402,0.046854007283886334,0.3009998500605384,0.23925124122329322,-0.029681947050006707,-0.3438198132488658,-0.8746418105845353,0.5222453025986056,0.39986466182301184,-0.07640869422177088,3
826,3.4002171036437314,0.3512694258958833,-2.4396735018846396,1.3993251394302058,-0.2496098637257005,0.9243918893029224,-0.4217429065886451,0.21833280580261172,-0.4767742642184092,1.4196164848114488,-0.32875724536259465,-0.030387964072562612,-0.49906977686247656,-0.4380406961508121,-0.004096309694753497,0.9435412664430225,-0.47157277946866527,1.2413459175682213,0.004622721661092122,0.26518757605197063,-0.05227581491187416,-0.24468408946558984,-0.48606622668744803,-0.10303976689789429,0.41680684641348253,3
827,3.356692308969416,-1.6039129992040833,1.4677691174367136,1.0756974416447318,0.8996197464316416,0.9712117104539422,-0.5742265298192355,0.6157651764723997,1.8670904458376043,-1.213783804549202,0.793127937722313,1.1919052013467262,1.511180951531002,-0.2958822904246112,-0.31148051195315496,0.11711041984843784,0.26737858548362725,0.26717787213877964,0.8616441254649811,0.3755392669580868,0.11803435532972639,-0.4522027929508312,-0.45989501321713133,-0.048611894390099386,0.3489547096102895,4
828,4.458542210888185,-2.5130007932274125,3.3443908218144482,-1.5844175276236254,0.8330668889327457,-0.5290961572011472,-0.012350042266255024,-0.8062568537495206,-0.930719114972876,-0.3598657648483621,-1.1449484801461678,2.288502765858167,0.37962619945156195,-0.7063608913277916,-0.47546809754470276,0.13292179905826673,0.018798592246149104,-0.47249897568719135,-0.12563542616326728,1.0064585026214656,0.5808885241986903,0.8135035045150127,0.45018825730888107,0.14489063990118578,0.34044246691332125,3
829,-5.042050128616802,5.348336409797373,-1.1600554777909224,0.21978956523584214,-0.6094572988663408,-0.8785541401253489,-0.24813814960879377,0.26528920614966744,0.3790543158553721,-1.8005662028453955,1.7166496338398871,-0.6247486954375365,0.9695173784373612,-1.127425204168646,-0.5966560557910741,-0.6225090518331114,-0.3742796399725896,0.20417092466293596,0.1268005886979906,0.939075051115106,0.09523908215818999,0.1541798932474452,0.32677082993399015,-0.28068431926827314,-0.5333210396204499,3
830,3.371783265292825,-1.7892633692432864,0.43578961730929877,1.0568553284025533,2.1254032794417084,0.7532915379662946,0.8288494120545327,1.06407896003586,-1.030916284351438,-1.1415874982177767,-1.4686708331396645,-1.2516913574306112,0.6735150846324989,-1.2810782427311296,1.1618304102804435,0.401075537284066,0.020691214292004823,-0.8899616427574397,0.41634487384730035,0.21187382812213207,0.9361098905802219,1.4901307739449674,-0.10750174979669402,0.00016473718669585136,-0.6584229797508887,3
831,-10.417690575762942,-2.2795830950854086,-1.137535121945688,0.253064403893851,0.16387818237774154,1.2035635107190017,-0.940216202084549,-0.29082162423303226,-1.950421792204305,0.1848844698929899,0.5078333029998712,2.1454697026315532,-0.23030745523027152,0.5914472033254801,-0.6240356920426974,0.24567437373937628,-0.3457844125715195,-0.3823699055166827,-0.5952286022506714,1.0474768742707543,-0.1717198501050191,-0.057156825572311,0.5216924596085342,0.2984380880132328,0.18624111024298687,3
832,4.40898552848161,1.2180206453655646,0.25449669484940673,1.9282563001300121,-2.69308964043128,0.5607705479375036,1.3707801707308427,1.9011521578829007,-0.8374933532101618,1.2239854124739242,1.8067234790247115,-0.6457416833526166,-0.9653535039430744,-0.2069389469744749,1.114612933175347,0.4017977972043545,-0.13427022581101933,0.4001300272523949,-0.3183115708476496,0.47368571161200723,1.0357455873004344,-0.30946856416949686,0.677083126653582,0.07167379020496778,0.2971159041460183,3
833,3.1834888303216022,4.291566305982755,2.3738530585067537,0.08051563324897382,1.5164364120649585,-0.5509562865842579,-0.6837186759834522,1.8893567708651946,0.19358459731811717,0.8111066125528418,0.5247432660693607,-0.42963768677104497,0.6002418134003862,0.2888910056869154,-2.0930237325277337,-0.7863929322992607,0.9899284488253919,-1.4229789743669317,-1.1653923279411518,-0.10307311191506496,0.2555501177493502,0.3094325429163265,-0.5487200181748368,-0.8820412199323258,-0.13324707645209502,3
834,-10.406074935311624,-2.1027352844397145,-1.0590742700553546,0.5827004230996118,-1.1628175165180845,-1.4948424294562261,-0.5151722754274535,0.8246298907340788,-1.6818235999817823,-0.3646356624834446,-0.0052976608869390596,-0.007976966471650027,1.5069529214736614,1.0530831914243115,1.133192467145713,0.3815771061150064,0.009493608682901833,0.4122341166390733,-0.05020719349022862,0.1674293426927016,-0.29857348526749017,0.011203733521255643,0.17090514640211568,0.5380457840818923,-0.21259708054068635,3
835,0.5796035549014,-0.01899598821187576,-3.322304846000037,-2.0628695111273894,0.20522982875109674,-1.313800900597504,1.3962398304918402,0.27700424200680396,-1.9909212026562046,-0.5292696505497785,0.3503869205425477,0.1668541583676575,-0.11895083065755863,0.7872935200978914,-0.6245050442233276,-0.7148487469729606,-0.36956121451495183,0.4968796613920379,0.3895790708981193,0.33900115427214716,-0.07985944269921841,0.011974950991154198,0.3711374958678119,0.35251970824090384,0.28049425525757954,3
836,3.3850238140207747,-1.8132149407744946,1.782296907952259,1.220852597369706,1.3185311583340986,0.7366851740701121,-1.0291743121372137,-1.3122203159248056,-0.3804356466433507,1.0276338237232943,1.207295700524488,-0.5291055569117624,1.6195955045351096,0.5502144309895523,-0.07100263706082344,0.662077829460324,0.7614996373311143,-0.7125020332395833,0.4294299376864723,0.13367700782519543,-0.07388446820721373,0.3750033077365487,0.5354224700569963,0.01885204494947912,0.28232944835290463,3
837,4.459555242303216,-1.4310388810420447,2.1919153194725673,0.3142617413861686,0.4925732159537948,0.5135428713047827,0.8912596487881528,1.6137544423167745,0.2169103560842669,-0.15102840782256854,0.7850756789064733,-0.36534417787334883,-0.2578871450678206,0.4919087441298069,0.7676644363554394,-0.45636860085910147,0.21633857775657006,-0.6769240500243963,-0.09670592312892756,0.6239458670168301,-0.9702128816998427,0.2097421499866464,0.2462241540507129,0.367526952876423,-0.13373061503111,3
838,3.265688546720453,-0.9771550052914897,2.407720822828069,1.031230717944402,-1.4875354381424473,-0.017658192354581992,1.3659602798197534,-0.46073632328553127,1.1048280557083077,-0.7551185589503426,1.6892675968027495,1.163199022619307,1.1801665136254913,-0.616514455334517,0.2689390173096826,0.4190182205149091,0.6277328684152024,-0.9758146110266712,0.3960131000841578,-1.6706738181087029,0.1836435639192021,-1.470772855431333,1.0278012514590416,-0.2530564556281919,0.3929287940933862,4
839,4.486533504965896,-2.137656668218696,1.1025126251543307,-0.448173689027473,-1.2018932245095015,1.6773836005882612,-0.22825455224728852,0.7397775089882646,2.5224786867261626,-1.2770215782978427,0.09127843547928038,0.030559176255796405,0.5299084269770851,0.7707854271141077,0.8722870187720512,-0.16581355188426938,-2.039822483867446,-0.6850704827262275,-0.03765520182210125,0.5420642029763785,0.5735696065454662,1.4236981441014163,-0.1382618884149036,0.27739793925957834,-0.655856402315613,3
840,4.500684914640518,-1.7379326091952478,1.5067779522673017,-0.21328878889530012,1.276748941392584,-0.9075749940925484,0.9318873519933533,-0.4317880129895497,-1.3531309510985643,1.09529955937652,0.7216724099563778,0.35728055901626554,-0.8332852036700582,0.7665432771460678,-0.9008497759555969,-0.72625938726232,-0.6255726079470789,-1.057943122368958,0.5326516211906305,0.20198586216345782,0.14865409164235666,-0.016884819950940433,-0.5037990437011125,-0.46131478513414753,-0.2930675637413089,3
841,3.249381095309962,-0.17685507220807173,2.533334324327342,-0.3778434628120104,-0.4060629151676308,-0.6650056246233249,1.5024921343265616,-0.41111324381229586,-0.6545716131738111,-0.05416553428099313,0.013774271440206709,1.0653268827398295,-0.7342850397509348,-1.2971728126528066,-0.1698542037534882,0.8973497353784956,-0.23755728298087098,-0.9071066774391507,-0.7537509457102758,-0.4302645200327429,0.7944736701461732,0.836565727431131,0.42562526153015484,-0.5119486220020966,-0.3600391729510699,3
842,4.500014879727866,-1.6122070375772917,2.140641584449784,0.19337241987656917,0.39213635169491456,-0.25026072456297044,-1.518727680106644,-0.8956044871164713,-0.524968090112699,1.5891226905739684,0.11721941903079003,0.4656064058181566,0.6267164344125771,0.9529884163688145,0.7252464369897821,-0.789860695005683,0.019993537903266745,0.208371643160973,0.567628977252459,0.15390584859058964,0.2523709414419531,0.1317923498377888,0.43469312787738407,0.31533335582862987,0.10351757935225905,2
843,4.617486042882197,-2.8624358629549866,-1.6153722153080523,-2.3050704222288356,-1.0356689133649168,1.5396496829255564,-1.9879173604513825,-0.05641225139089023,-2.394403580614784,-1.4670946481458014,0.670123344811951,0.760154430559767,-0.01582551643690633,-0.3651375932062316,0.35545136600389005,0.6096660145128903,-0.7697780487163315,0.1813760280933474,0.6637663898824369,-0.4580181993853927,-0.23156653551774575,-0.030318618986142798,-0.5476890118108513,0.025667387034912337,0.524047967622462,3
844,4.572114961515789,-1.7375816018820855,-0.7371981240887086,0.15076781222861912,-0.04875321622541995,0.8118618502480639,-0.2741335715490232,-0.009011236467858064,-1.058854783048575,0.16314877900270586,0.2499462455383833,1.2997137836745418,-0.10925563975133512,0.0989345397439847,-0.8656192987055504,0.6400823962884816,1.267025159357606,1.1893497549191716,-1.1385665774230525,-0.8322802849582318,-0.2974551613728563,0.15220268727099862,0.24218164980128082,0.11462870224568533,0.04392877374994422,4
845,4.371087524662142,-1.9443104149282884,2.980309989377858,0.036668518393439875,-0.7710948475305386,1.7047637017477135,1.4301057761167204,0.09881221023529707,0.5690423771897204,-1.1025048887893476,-2.4241582202443306,0.7492107250584374,0.47958363336099463,-1.0426276383438529,0.5457395526285757,-0.2520017436513282,-1.2163759357872315,-0.12440148988630506,-0.29702337419187486,0.24479720832431218,-1.7491997650092919,0.6761286305476935,0.5112988436830217,-0.1142643713675271,0.7534444091078585,3
846,3.2789820892893022,1.7280252492611847,-0.1292839072887637,0.09155795232515018,-1.2597799262155225,-0.7269890223311934,0.037084570407372563,-0.13737545032576337,0.6664428250774495,0.126475905538463,-0.4708965586561331,-0.5741751916027769,-1.5855757102603891,0.35828489911157146,0.14046386989555704,0.15180247503253508,1.189816985446333,1.0915903760378054,-1.6699892987122371,-0.4093461451418781,0.7000213558602008,-0.10666745451811233,0.47423696005775556,-0.030736763332381623,0.2673358686422348,3
847,-4.865314706687645,1.150649895348832,-2.110279383021684,-4.22411183167329,-0.8485027768671393,-0.5867079258793226,0.035982417394508914,-0.3047647399449488,1.5723227413449985,-0.6566377691545923,1.7972041549369449,1.2173713734009852,0.6948079797269857,-0.576167419650367,-0.7114165094491444,-0.5430140045696086,-0.36352021920433475,0.10968159519431397,0.2550749408271318,0.7659374179715628,-0.19982215188580155,0.07686996291447251,0.30074960828043257,-0.42497006455365466,-0.836681538251226,4
848,3.43227546463733,-1.6832103802960954,-2.9069241545417217,0.7194959062655761,0.42379159202729433,-1.6168184433526425,2.499320325891353,-0.0621353940961602,-0.4349744122078021,-1.1643832598288473,-0.48574711819653427,-0.3994424123315323,0.705948481712376,-0.8629023641403515,0.0572112194580543,0.17983391414077632,-0.19948881324374024,0.3305250938929385,-0.056381905105017616,0.48873057082188875,-0.3150648826683434,0.10457314182945165,0.1639932526884776,0.5447606516374633,0.12733061544084842,3
849,3.3607865397962,-1.6984181350082286,3.531588211857412,-2.901966475010449,0.20717579719726964,-0.27526804144495065,-1.8694091452970065,1.3015177868271244,-0.2233698770923822,0.8683051354254102,0.3859098897904769,1.1489395013136687,-0.147878643271105,-0.400980154916624,-1.1050135250384339,0.34016264063644175,-0.25990729517781297,0.32901399352559135,0.283810397821882,0.7485488595850838,0.2440839196127116,0.2983869824111128,-0.4393632547908212,-0.2662039110441098,0.5304546348247681,3
850,-10.57799494858006,2.194835117886921,-1.9138022765177842,1.6280594147761023,-0.5799107420888608,0.40808355467271706,1.2152815684850546,1.6935510926067243,-0.7468931084157697,-0.42585005893018163,-0.011102519142523581,-0.9525874346077977,1.8739071471538393,1.2198832294593518,-0.7174337699188943,-1.452224980036845,1.3387576496894749,0.15666229248175645,-1.2382080525717347,-0.08611780106592071,1.1415114082898354,-0.041357785010399106,0.4571997304214575,0.018719894013312754,0.26177579676102547,3
851,-10.676417147156588,0.745496020833686,2.504351434501511,1.762905059713448,-3.1001640232278502,0.8294374751802662,-0.678040295575796,-1.153782611640642,-2.53729794108643,-1.923032638941752,-0.42577149013271476,0.38651548618441955,1.5345685368718902,-0.1893425364022625,0.1039143314526747,0.38922427759618916,-0.5892859751343316,0.13643958105239218,-0.27077744094006406,-1.0662638798013955,0.669264392167378,-0.6395722823239756,-0.2683005873214853,-0.7631932456590408,-0.41966488153271386,3
852,4.542539642337195,-1.6491612918130851,-0.8084623749096558,-0.9982562922706921,0.04257774275304682,0.36170570080849007,0.5293793870454699,1.6265506804087635,-0.5148795130327892,-1.256526352598799,-2.2327575175003567,0.5117181567304456,1.0154982480857302,-0.4969817141949192,-0.7993569917005356,0.15886924952538273,0.5230698192412024,-0.46590847559662363,0.5696595074740034,0.40666671903584906,-0.0986510922168774,0.25844673892327613,0.20147647832176058,-0.32233467730703713,-0.7954731932290033,3
853,-10.393582610415779,-2.4990622690502216,-2.3530609584063638,0.26727086906850905,1.718900354059573,0.5533804627980627,0.8791572577478299,1.528087849706266,-1.355547016226614,-0.2895431164622013,-1.1945270702071868,-0.8278102559720018,0.2437307636902406,1.2404251165145808,1.3209730964134931,0.2712763633044377,0.5861175577241879,-0.3439824387123318,-0.036712091210093334,0.3027866146769036,0.0704736827388075,0.016127129076288937,0.3835277648063607,0.26615648579321205,0.22370127689112154,3
854,3.5058790252570144,-1.8666248216722596,-3.034132181723735,0.4033140020499575,-0.3060349935299794,0.6769119946246609,-0.679672386618766,0.8087743734372848,0.4919193917581537,0.4210291540297251,-0.012647683801484177,0.009551304262750637,-0.6262437921878579,0.4012000867382768,-0.583538653470676,0.020088296325077915,0.29491122083021226,0.43508900480205703,0.8474506308015131,0.0976395838266697,-0.158054781016994,-0.1841499761222924,-0.5225096067771855,-0.07768166101395246,0.55013506839798,3
855,3.4352319160426408,-1.6196029474978362,0.5101790070110068,1.287325411221262,-0.5954705119411959,-0.13654778218885433,-0.9366623688105116,0.7065696211408286,0.7611625731617311,-1.2996748268027019,2.331448719907409,1.22164026747736,0.6566157513888697,-0.0056471122313179745,-1.3028834304795875,0.22676183252962478,1.021810709112588,-1.4538680852195278,-0.45362416280394857,0.29762861544689356,-0.26522990038375194,0.41490067351474147,0.23668769364624215,-0.44623366263971836,-0.8833287719633903,4
856,-3.011599039903423,-0.19237986298451792,2.0602411511722636,-3.6589553409168065,-1.2269369803254304,2.376123554152304,0.9065339968835557,0.7513914817305021,1.4391118391703444,0.13121145423895875,-0.3844071846952264,-1.6107900878651702,-2.7665930986079053,-0.975930697030873,0.5481014579951867,-1.1013083408990507,-0.07288602575585701,1.513392102464171,-0.930817538130043,-1.1342172488012046,0.4957195488879967,-0.44944079929517644,-0.5458603108663515,-0.7589641184479834,-0.18741472679131727,3
857,-10.348623033792144,-3.4362107176282155,-1.6013221064429448,1.3213042153265957,0.6405792086312996,-0.6060856240512158,-0.40161224269630624,1.333450415396705,-1.2448256227230432,-1.1652054646204872,-1.2119456008584926,-0.35307230269000867,-0.8880099858935535,1.365618519732744,0.44884012944175466,0.7049753102404712,0.07946783698606019,0.6561693145246101,-0.0011324801620791192,0.47389150474250674,0.43524398886685317,0.055854141712753685,0.41976226966261926,0.204930847585028,0.14264145458257985,3
858,-10.623446609306132,3.1196315533590315,-2.1677358236942252,0.8609578864178871,-0.4554302095096857,0.1695723955112638,0.9309455380234004,0.08818914024759428,-0.5590790653371323,0.059782405212013945,-0.3755066775894549,2.212567914852935,-0.3873530703310528,0.935028135319917,-0.8360159602976631,-0.6249795029504539,0.2677735599362543,-0.4138137112749183,0.48380723246035817,0.5080340226826399,0.4936640967678185,-0.24796353912742364,-0.3057174543838663,-0.01631575157985765,0.5113299580926798,3
859,4.451563820605893,-0.3510231986354979,0.3567940936490539,1.4314679142496547,-0.27899114074604403,1.265183672376041,0.4992599113821816,-0.7899295904065381,-1.1758459108333192,1.6480652017830248,-0.29404224019839287,-0.7118433593374147,0.48783481622115454,0.549434741179933,0.27880005271075137,-0.5933839285141527,0.20370688644606805,0.3545455124932504,0.6137365609788961,-0.11349391230414019,0.0006741886962435828,-0.029525542171855546,0.3557844585940861,0.4100236072347131,0.02237860170119324,3
860,-10.57064292029839,-1.0166084249954084,2.5145918249126353,-0.4632990531220229,0.8344236237452154,-1.7747384174346184,1.2638727976927822,0.9884995555227865,-0.8174725571850274,-0.11501040979973115,-0.41481609162910416,1.9028826431384114,-0.5322218285502807,0.8673987989120722,0.21598997647230134,-0.0685333498126266,0.5055248525630001,-0.4705140692742007,0.4073941361376918,0.2922544585414575,0.009431254334357986,0.201390713868684,-0.3902066745852818,-0.13668831550870053,0.4744281127597998,3
861,3.3301374705926765,2.2371464452666423,-2.6611775581854467,1.6053732573465536,0.10142520870924865,1.7305945694024385,-1.932157479337507,-0.39231309026203964,-1.4190584839832456,-1.1821729947683917,1.157678269445459,0.5799245822784509,-0.03429376076041102,-1.0855652146235666,-0.35045626457976153,-1.0117843379398979,-0.508153812072681,0.5207130515436189,0.03438040544399934,1.1083826557144671,-0.01883686522652761,-0.26742029882530893,-0.5114298788905013,-0.030091137084490516,0.43710160295739886,4
862,-2.5275431994717046,-1.3899330094087095,4.230295805436472,1.4233991923332385,-0.26400147405666063,0.012015235891095433,1.0889316560960118,1.3694738856903124,0.5944944895819009,-0.24356413541450095,-0.20416264776794502,-1.7797791560340193,-0.5952552142704413,2.3801381777967947,0.3382517294228671,0.1207957246425444,1.3232260684618087,0.8834121402579651,-0.41831238095699885,-0.27556853931902137,-0.28957055461814607,-0.1400805177840947,1.3124188892250732,-1.9127640847451235,0.5139772236635073,3
863,4.54984378385838,-2.692946669012214,0.6247787021610129,-0.8408778199759412,-0.18806725730337936,-0.269592334314233,-0.4509783636533151,-1.7437604251935448,-0.6354191658411126,-0.7467391302780229,-1.1033207770437812,-1.578413546551059,0.5216071933119002,1.5630672071578027,-0.8125392307198674,0.4336878271204325,0.978006304698936,1.0558568267940842,-1.6546235411558943,-0.5571014539196251,-0.5125925542348274,0.18487242211210447,0.40054085667012457,-0.09481712201037029,0.3680298692959536,3
864,3.0705044130954366,4.980721790703258,3.185346809343077,1.3215697920698752,-1.2339778353912758,0.15479740882413084,-0.11492688361283232,0.7907279130951306,-1.0125478889166548,0.24618639399061237,0.4073083069701888,0.005879006275232079,-1.0093943470853135,-0.9429950735610878,-0.8546026845445933,0.2843474204569676,0.15086758182486548,0.5248757123828129,0.651151476364173,0.1702395280646296,0.7367067484300759,0.147892759389616,-0.678525284098053,2.172154874793072,-1.4189594943467063,3
865,4.4260915296503125,1.3242476664597405,1.4734674020348255,1.0138465643389352,0.8966769492169386,-0.42708235763781666,-1.4946493771572775,-0.17188697081029147,-0.23904130308554894,0.8809287853504076,0.3290202649785836,1.0551740091094666,0.08086328417716859,0.8357110583661305,1.569072137793658,-0.13345809034181544,0.5757698870602264,-2.111729994233671,0.6525173463340379,-0.3783688257499684,0.12231539107777178,-0.04432265729492019,0.7240134629759849,-0.7135172653877913,-0.5623661158379237,2
866,3.426486774613368,-1.9109773260513043,-0.7588350591276779,-3.1312760577471774,0.7156885851153845,-0.2324639466110634,-0.42876556662319754,0.21262207294560298,0.14233433405817086,-0.20504726584850164,0.8579471191578947,1.0760994282666876,-0.4638465473664979,-0.16904934031498686,1.4975921654135473,0.2874797087315395,-0.09266399968053429,-0.9696637369521901,0.5217124430147799,-0.25445812079153474,0.3406274134721002,-0.1240002599702058,-0.4844682505180231,0.03860708033803195,0.5495349030396401,3
867,3.291267542482087,-1.0675374886098519,2.188471175085957,0.2532628587944914,-0.8249950913878212,0.8067089344349796,1.2629167270953765,0.3556310718730502,2.6819689553942556,1.082210821974975,-0.7385798644178179,-1.4089647932059912,-0.015433683423688338,0.9167382494099598,0.5092356110455641,0.8097686171860192,-0.8071056438180408,-0.5104040651423021,-0.30842813282338466,0.15327405066056887,-1.2602078941000605,0.7497904341245638,-0.358975164538032,-0.644293127477181,0.6910230415896212,3
868,0.650228624259503,-2.129493627792166,-3.448832698157166,-0.8579749377507913,0.812402591504571,0.5861932242175154,0.7542526221387784,1.0178341807561808,0.34022926697817457,-2.7702751504964795,-0.26114678346977493,-0.4096179996860876,-0.5795775976911985,1.4513672592151474,0.0006747429111277903,0.06471608753233316,-0.6907414521616446,-0.008871163902978374,0.8448404420130906,-0.21044239810180132,-0.15416851230758288,0.04481832883627962,0.36893006684031954,-0.38959255266012294,-0.579358185959799,3
869,3.514754953381571,-2.9773225446101517,-2.1893165706585704,-1.4057229014951083,0.6051538139664343,0.050283734681040304,-0.03519985842434714,1.1213167721218071,-0.7782737730429159,0.10033328733182956,0.16425242170306398,-2.2545998463915233,1.501742236286538,0.1338309931460573,1.5317425781685094,-0.03346775853297501,0.4482356669420744,0.36320971316506956,0.5710510839387997,-0.1445924954915363,0.23320164360496676,-0.11204875543645926,0.2569663114929968,0.29593466023429904,0.14350796516678757,3
870,3.2704168667953137,-1.3059584826658348,4.053725981168558,-0.32972127746791635,0.15883423838341093,-2.010358006973388,-0.318818095525947,-1.2379105922423408,1.760676482245267,-0.158711624807638,-1.1424211065653174,-0.319662753026561,0.6944424204285222,0.46773974975674726,0.8251734281183646,0.6610767896936705,-0.9174385524004472,-0.37335133662735664,-0.38770660732693996,0.3997726814865554,0.06455815588771785,-0.22478016254193445,-0.39686829332101065,-0.06535854650402373,0.4205280081332514,3
871,3.2870880761936565,1.6968203835616071,-0.48053994253207544,0.29191420848326377,-0.8761897085543374,-0.577799624462052,-0.47345281145506357,0.9404691742723141,1.692014284938466,-0.5739125308698871,-1.2785795702248215,-1.2112327323506933,-0.9120524080887695,0.36249003266057933,0.016943329359239923,-0.37057147125254675,-0.44708913101542547,1.3474544797216588,-0.7953571938485493,0.3328798895518964,1.149106711647034,-0.465999603801852,-0.2209335630128207,-0.5225087273895572,0.7655098162742819,3
872,4.356309016091034,1.9782954632949448,0.28834249436708026,-0.4679091812602456,-1.2863402572264573,0.9127689860002097,1.4170419573465756,1.567340341366438,0.5296711747959484,0.8775294464382254,-0.2761845348427632,-1.038640798346957,-0.4109058505540373,0.589501024021488,0.7950688803413392,-0.7962214768231799,0.106898342227562,0.4260262912293058,-0.5501735450511298,-0.2432854843738706,0.31829085261847145,-0.08524097064656261,-0.539735441306391,-0.06333875028103897,0.5407126152559416,3
873,4.504618419730052,0.3670202234045763,-1.0577710157517404,1.1747064536464085,-0.276982559487008,-0.5191081222251395,-0.5909328892582466,0.7386431502883171,-0.06351341293309254,-0.13178001956831248,-1.9522703205435457,-0.3523413289227495,-0.7941360897533278,0.9507821201195137,0.9894821616543664,0.11342896753341303,1.2616622259978065,-1.4474575352797436,0.2762918552175617,0.20818160552870957,-0.5007759011178939,-0.1330938626138477,-0.5613088567027226,-0.6354076866329084,-0.45029162683734125,2
874,4.401151460244373,0.5486142462164736,1.2842162317031034,1.3101108703838222,0.2426664772955538,-0.3590056900427423,1.0944682626886717,0.2052706569494922,-0.9155181976099933,-0.9864741655732054,-0.19742789572598585,-1.8631177074814766,1.1634024355726984,0.6321417698156842,-1.3463059382446492,-0.5247003551281177,-0.43196561679346424,0.2708803460591267,0.1568207898943954,0.6864811503395978,-0.7987973478221276,0.22084076834435967,0.25603430348935513,-0.21391823217967432,-0.5284357008555375,3
875,-4.766508782443415,-2.360006032031748,0.2679557083578763,0.9135650336052561,2.2994513487457837,-0.8947719556942817,-0.7508563554905132,0.371229379968969,1.8405782172936007,-1.897043653008605,1.9860933256349516,-0.7580272978246192,-1.2557254606614565,0.4103414152784728,0.8851738152504246,0.6417681311661827,0.5559999725801132,0.35527583326939016,0.5297113263056681,0.31977517325295013,0.06584589122158024,-0.37886626662486,-0.3068727221964369,-0.37093195493588726,0.5604677913025754,4
876,3.2685852922693623,3.4006658869893913,-1.7779802941150873,0.196694883287591,-0.4566002389553062,-1.1134628198735452,0.2829644710648074,0.4029011623019252,0.11443298276430136,-0.8666178663216559,1.8419717746852813,-0.17253089668325572,0.5175143501183452,0.15339139919602807,-0.7112507257427165,-0.6143078934472253,-0.1386938961715256,0.2690383325549148,0.562252657811277,0.4324237119338996,-0.47474072841074333,0.4295247058376812,0.1544500713223766,0.5504274784472311,0.09130806487978457,3
877,-10.5330650672691,-0.40633156505266044,0.19678078889965844,1.7536360760007157,-2.688366744308899,1.3603666510735501,-0.011412783043569519,1.9732252926752363,-0.12575394259887362,-0.6109100249235212,-0.5592429749427497,1.219027784657912,0.4351689982859126,0.34137674541339535,-0.5575485724651229,-0.22243720146509172,0.7494812210603423,-1.1938698070111347,-1.1823980294729162,0.5427891155959366,0.3740122608955206,-0.21390943677067303,0.5000809409022611,0.03207348280532374,-0.1478942838383007,4
878,4.553992113900188,-0.7052103469033519,-1.0084235480858914,1.2625533439611867,-0.6593274870372097,-0.4531063417398862,-1.2570858887422758,1.4643676529057936,0.8778708216468245,-1.0348057068765186,-0.07520388843812542,0.8689909684571178,-2.3332658365901544,1.1693994265657843,0.7195457683883307,0.3937364326484045,1.033791918644384,-0.3070982464830907,0.8148356769850431,-0.11359940782905786,-0.1589384885826589,-0.010016825105545635,0.48366551827469634,0.2702992652853823,0.3867732481402749,2
879,-4.793259595499402,-3.0954986803705067,1.658716893252257,-3.7290560166394693,0.8542520539262317,0.8948662936745242,-1.2570442644534323,1.830443971936086,1.1521506832072452,-0.8074154563193559,0.5150688584890473,-0.37807206762317946,0.41556612796315795,-0.989438627160761,0.87714304684827,0.5691809841083901,-1.100992076986019,-0.6131165446411644,0.9712179067395152,-0.7001583591857838,0.3995382322767534,0.4344974598956347,0.3536109176822521,-0.47047465959542195,-0.3978617799137249,3
880,-5.638735421083066,2.062446540071881,-0.7732129630677177,0.40651999862246324,0.27968262490765095,0.9703422068210448,-1.1117820739000255,-0.20270163195256274,0.821745828289409,-0.23632670544574033,-1.5376970986397749,-1.4392521612038263,-0.10349697309184203,1.978358290875395,-0.6487050604282384,0.2814885218281298,-1.3149846156881426,-0.10439334662092126,-0.5936651456584356,0.8356367006831775,-0.1666218249138517,0.34628198786419406,0.4458562679141192,0.2231461773245439,0.33863355994280464,3
881,3.2400717929016505,0.7745839691703233,0.037889649184052576,-2.116266323765264,-0.28785927376824394,2.392932963237071,0.16534210133987415,-0.9002498365837213,0.7019951667934294,-0.3638104622702712,-0.23612698253908282,1.8309906728583876,0.36927918354232103,-1.2449252711702403,1.0547121251327454,-0.6973167677341987,0.05196450142124909,0.4044792190447568,0.6017409584060323,0.39660585047070107,1.2707817263448424,-0.6110385589923871,-0.16902032779226417,-0.9644185491653534,-0.02789504907447024,4
882,3.4828365972674664,-1.7655411068304432,-1.074662878414101,1.3171457256178747,-0.569741853492525,-0.9310538471120253,-0.9140439722604827,0.30560855958176303,0.6552270536197389,1.174300478591198,0.7890563155015131,-0.027410392424447094,-1.0683046457109926,0.9698194286302115,-1.3452045125752488,0.5451684427517987,-0.7529289148373017,-0.17785112356828803,0.4424587781672815,0.07713827330352185,-0.23594484599032395,-0.08163394805998125,-0.4076867892217754,-0.15359281541802472,0.5461266532192459,3
883,3.273953533416128,2.32144453569909,-1.5334967042481922,-2.4421582952370517,0.769827200161199,-1.7978558053792488,1.3747819103892622,-0.036054573348465624,0.6681321093865003,0.36592342839292835,0.27554734030475625,0.13994646965888569,0.5351310189455472,0.28677186301364954,0.252117769663594,-1.0938989766659897,-0.03464002200037686,0.18511948476440399,0.6475172283500839,0.3107921922453616,0.3510511407144893,-0.31021182396862057,-0.4813719826572713,0.021983838495941876,0.5095927491690759,3
884,3.3525059692477033,-0.35896950999661126,-0.9299140367353196,0.8014224788133197,-0.6831294101411031,-1.4372498271824117,0.4528060329570578,-1.0157070018973837,2.062031672372191,-1.0405746115728292,0.310925372688745,0.8997976408764208,1.708388401390307,-0.08558248406939306,1.2462245315903835,0.5820059060006977,0.07521978553545172,0.18817939431187414,-0.2013966352479113,0.4710574255633204,0.09293094751400255,-0.8437739202288672,0.3329028660980056,0.5909746259851757,-0.18309276485718148,4
885,-5.383690762179247,-2.260833801602872,-3.442302654165264,0.27579942131989776,-0.12883611448161403,-1.6902308830173893,0.7850588025368062,1.2914135452714994,-1.3020026546037624,-0.3527217320461233,0.7139803555938847,-0.13690293878108362,0.37499108516892266,1.0072241565646687,-0.38825229624590163,0.20404977858967,0.11398562169028525,0.42938889182432494,0.6545259453942087,0.08449800696484666,0.029472439620907065,-0.0672948921584613,-0.6090852189765574,0.051601315365863765,0.36576967230869384,3
886,4.471761953441769,-1.361213998339542,1.5811783190085615,-1.0298409094670906,-0.9662819528360578,0.24248131883408952,0.035963819663141106,-1.9516487300540515,-0.5688840206146728,1.846146380874456,-0.5613185721975396,0.7796097553921992,1.7330333909308067,0.7945189211922359,-0.6746279905921602,1.0240570920167773,0.21734478010293,0.22498665130043527,0.5023251863013605,-0.2817664617851839,-0.3914183200779139,0.6013923690257262,0.28624852873426027,0.35420779453402573,0.023871749336151354,3
887,0.4746828160546013,-0.49639963589889247,1.56629752095055,-0.5708883144359995,-0.25603172430237864,0.2536620992276317,0.06174496092759929,1.882966444629404,-0.29672771894583594,-0.8517994577939139,1.3523143598082108,0.8614575419534187,-1.0271929899046164,-0.02113478118227219,1.8369823050065954,0.5370750837874159,-2.279665719321238,-0.6503217616970329,-0.5805214746715601,0.165907475715398,-0.09318813659641101,0.4213538356816969,0.4970823125871002,-0.3592715992518436,-0.21938119931669534,2
888,3.09811736656213,5.550453744012307,1.6929844363997064,0.8780129992708186,0.6460784969275801,-0.6817357037630538,-0.9075492903273159,-0.26362206468796867,0.08225613262851494,-1.3358841702922164,0.21563467616210708,0.39670441390718914,0.43464929750393066,-0.5950674757558191,-1.8126822169986725,0.16532408226313589,-2.053360654582005,-0.6161759284895685,0.24724097159942593,0.6185974724116434,1.1776592920114466,1.2887725456188295,-0.05594579276714823,0.9711215544850945,-0.24596702905802031,3
889,4.490483537642737,-1.6031880318331346,1.9284244583434684,-0.6476002147559963,0.2745364229090832,0.4306270809491024,-0.5689521270849349,2.430264174162344,-0.20047132178478444,-0.431483314093659,-0.707688125861047,0.5076263452074481,-0.002013294019193923,-0.12897711041007676,0.11825479415580087,-0.5528770057292576,0.2795479531597853,0.48423046932490266,0.16659415466910676,-0.5801735386335949,-0.4475702046771658,0.21140805024479914,-0.6502730822073599,-0.05575674732546154,0.548802326828095,2
890,-5.5420138857440815,-2.2983275982127505,0.663680486055719,-1.9145354228886726,1.7794440380220926,1.2790635300757338,-0.1469324136235488,-0.21778739530925062,-2.74530165312857,-1.6469904221966587,-1.339789210876756,-0.513506281506352,1.1427097961103696,-0.3027862756067332,-0.894124714628468,0.7276901401331597,0.003789776731601302,0.7470447856700648,-1.539196813204664,-0.9719908672156459,-0.12260251733350358,-0.2376762970777001,0.46359166910099875,-0.005588258983057481,0.2646290986139044,3
891,-5.605793991329731,1.465400718223826,-1.9532145066888842,0.43905629019294556,-1.8069608517387852,0.4484023826947148,-0.02303521359197802,-1.1408225041468127,-0.1381657623799275,-0.23732826306181778,1.1362275743573758,0.5633466377093819,0.09490149401787518,0.76093485946725,0.9683705641462529,0.8282982295110379,-1.2363261134989125,-1.0671706031729968,-1.4551480902384921,1.1132837346842284,-0.06898471374495152,-0.2259156000058158,-0.47861223119866997,-0.48094636869509283,-0.3102791882094953,4
892,4.2380116797789125,4.350873926668577,3.1773282905690925,-0.9622707483237205,1.6264148468212005,1.2500022596518847,-1.371140526013579,-0.24693363424410486,-1.2018365125478083,1.0588634683186764,-1.419641608401076,-0.0851011165323321,1.0227248363863257,0.2933429849051885,-0.10900790593597465,0.7117748519144795,-0.1458100971787144,-1.0217525161222136,0.2364930035031585,-0.3104873730147255,-0.6453380539680563,0.02711878964131209,0.651597696892285,-0.01118184729568994,0.3599027689724813,3
893,0.4467422609930267,3.1871858706680536,-1.4200191975408785,-0.9371595917175131,0.5831478471070028,-0.044537532150773274,-0.06551169699399839,1.0915960659715114,0.6134996382860396,0.5456611983291795,0.7194753913265832,1.3096470684826769,1.1940529533719375,1.1411181853503822,0.7678130751631654,0.5598481476850155,0.20788970144429264,0.29570322935488136,-0.4651827006930054,-0.4235707351135355,0.23989905931422373,0.011481426662710237,-0.54313442990379,-0.05306264979999087,0.4168018492768255,3
894,3.242187589112307,3.177854405875821,-1.9027215533216197,-0.35682295699850286,1.7880441344936575,-0.6188212677301541,0.11134139674353527,0.4149228248242982,1.159535865191379,-2.1392723072610256,-1.0925555050600926,0.643539075006109,0.9119505998256612,-0.7065613484409944,0.35617142314200556,-1.6001728798810588,-0.9475358659131037,-0.40513616640809236,-0.21978820917145026,-1.7357301672362033,0.5276894822669176,0.23671227771329817,0.3168547710149627,0.15883406567054115,0.3776190749051067,3
895,3.4391322134809084,-1.8084857480130658,-1.6290660463172257,0.17638043551311355,0.42021307769582106,1.0594282370721997,-0.4596064640291564,0.8100988746955515,0.7928658595716165,-0.3230858776688839,-1.9757874759469003,-0.45321644087921964,-0.905416768301447,-0.114358116594518,-0.53780893505986,1.2343732583304212,-1.2517052000924804,-0.4022882761490396,0.4910783784751245,-0.49764273192532016,0.28934022212025945,-0.01775599376753284,0.36766114360443986,0.38658478930960183,0.22787929069756865,3
896,3.23103752514327,0.8356919800373692,0.8282803745852425,1.6498834167252885,-0.7163075343787995,1.3063892220356217,0.10590878684295424,-0.6201554937152131,0.9041583857092652,-0.8368300235265522,-0.4690550951450472,-2.26160407619744,-0.5194427740056973,0.1997443132217842,0.39762630267323906,-1.2674706105762348,-2.478950270543253,0.21308711056589758,0.046827940396162226,0.043683375623474685,-0.7463369577038567,0.026933634074943757,0.21433659791979526,-0.010470213012131246,-0.5797055287603834,3
897,-5.430904109490909,-2.044584195176644,-2.831944789995784,0.2600334517272729,-0.09862420611461331,-0.14223815261202155,0.6239293825059962,1.2661691138234614,0.23201068965265836,-0.4768417150483671,-0.528935509831723,0.5440345521203351,1.6165436926063883,0.6321527737268344,-0.7634656454869455,-1.2352770440723781,-0.14996127047942354,-0.8607091215614129,-0.8249069827613169,-1.012380949568422,0.05959484855749275,0.3640943430313992,0.14438021903045944,-0.31321539283588395,-0.48636084710654315,3
898,-5.744005242829523,0.8097212716310471,2.314252659010134,1.1294379238495629,-1.4231330103241184,0.5358526015879388,1.4670416279338774,-0.8442712737467899,-0.8806750793649658,-0.1429512651815712,-0.07131584546000336,0.5154880438030913,-1.3667691410342369,0.2622729690644161,1.1910975979108933,-0.8184849053040201,0.23839122503738652,0.4816554874152521,0.661841584511635,-0.22592111503745277,-0.04094610142470245,-0.14548201460126625,-0.41465402894854825,0.04841837086992318,0.3635022438013261,3
899,3.2927227270841026,1.2886162988212924,1.2247881414689814,1.1342971943795983,0.7315991391988723,-0.3775910443504924,-2.2241434442223094,-0.5429725467147161,-0.7725487924614054,0.32041988425499945,-1.0952861912307041,-0.06336606483991947,-0.4239524237857448,-0.3708361566297609,-1.0685049235688526,-0.8367285151262247,-0.6790300015794899,0.3647004241490732,-0.4889182380767103,1.3885398240457811,-0.22140488675014924,-0.12944672192312218,0.6681062213078552,-0.13417245950655055,0.4217583091024044,3
900,4.453653511451213,-0.6111676609575136,2.1599975999740693,1.181911873900661,1.0269953006675738,0.28508203136840793,-0.6871218454482646,1.7287810329463635,-0.921300616189809,0.2772526204060449,-1.2647456345862922,0.6008608466849474,-0.4511178165989769,-0.38469727462451764,1.3634585010731928,0.09585527018926365,0.5465052565602186,0.4446505835975376,0.9391250768397712,-0.13495998379606344,0.31877769366592573,0.7611100338168517,-0.6698861892224869,-0.008382407850770268,0.4306669408458851,2
901,4.424494938628266,1.558597169600004,0.3439857866928049,1.4841055822046223,-0.619367538962475,1.2042029959752605,-1.521176623934056,0.7033398696443651,-0.09991692225485727,-0.840650233081928,0.9457544674330369,1.6444606137931723,1.6466755226889656,-0.2126392621719626,-0.7891297112856486,0.1654809449810346,0.9648875524522875,-0.032736124610949435,-0.0024195686369403724,1.1847946336664907,-0.20080163713102228,-1.0685159679808993,-0.3983399424300422,0.06362202595688893,0.24219233592312941,4
902,3.3262344572885194,0.3241293097425477,-0.5769210391098114,0.7839218565227699,0.930493202359371,1.403583578794708,-1.3459475860364734,-1.7119294019414182,0.621877313618564,-0.01505086757153673,-0.4906253068884989,2.158701751419545,0.6316630768474436,-0.7195213256332861,0.24944761203798693,-0.3250635311521781,0.062219116779757,0.37589122781182116,0.3480069533036927,0.5237758277016658,0.19328386516220736,-0.18439352875056303,0.5761691000684568,0.05219728008723423,0.22836273235161178,4
903,-5.430579409045729,-3.05364883226002,-1.576270653712794,-1.9965589583524728,-0.27747513313948147,-0.4471763313580026,0.3340503782149167,0.9216275212894232,0.7258120039357321,-0.544250142921124,-0.10739094890507239,0.8357433446623372,-0.832941716428936,1.2166110061152406,0.6754530718198749,0.824520702249532,-0.6617731450040172,-0.012004156278470735,0.39922089477114797,-0.1477626429666674,0.6542858993125756,0.12037692516321022,0.2913137937452415,-0.10967915698086061,-0.6202715277510634,3
904,0.7054232771203104,-3.084549242826794,-3.418042379018444,-1.8286963264946248,-0.2862073201907077,-0.5559936926066102,0.41371705341417275,-2.031298402177163,-2.2227898900355028,-0.9694428501513815,1.8631627234031005,-0.12658231752726024,1.2838446140815543,1.7281830164161955,0.13023499282816697,-0.7068614074479092,1.7204007261966656,-0.8367127490179649,-0.5237795217708667,0.11876784805779872,0.07071902146782627,-0.1840437742244861,-0.5868287386839847,-0.09215739421872648,0.11502098155349064,4
905,-5.636898792538236,0.9176214443974553,0.2690634871888058,-0.46214488005048926,2.490817764591916,-0.6745393059657498,1.1592539956931294,0.7006118946095663,-0.8953375202875544,0.1882191366051399,-0.30444688988452584,1.1180173513018805,-1.2624816099040852,0.006074452691785748,1.1175026870582707,-0.5447517275825777,-0.8636083884601439,0.051105324688927034,-0.7241480390619655,-0.1895740241356914,1.2249881257381219,0.7397416970564303,0.3767187784637019,0.19515025218724225,0.22578163634931311,3
906,3.356771369250003,-1.734828645837275,2.52683173985188,-0.5931794782036444,1.5111230314880568,-2.4021746038674996,0.7562055750992109,-0.3219774258068582,0.2474470915862259,1.2962281189074791,0.41910945006943645,0.7894742047398875,-0.9705188144318523,0.35752001499009634,-0.786687100255114,-1.3787490070009412,0.3957422784184872,0.4147725212385245,-0.6700050018111374,-1.0469114704864826,0.162788727945417,-0.101295073218785,0.37801181426647207,0.1558397135531917,0.07094318044151293,3
907,4.383617042271771,1.5480096579537204,-0.3938182206930826,0.6315332026618843,0.2777362204790266,-0.2335350519620949,1.3820745214253591,-1.5808754022399365,-2.208578278998386,0.08096945754200457,-0.5742551355828711,1.0751477531401097,-1.4076347577010386,-0.49994872421227343,-1.142840636154936,-0.47853670329806586,-0.2698984876934216,0.8723788262202952,-0.6920199316843432,1.5269667215111475,-0.6705143177038407,0.006659977896264213,-0.5767831455329364,-0.46939373259932543,-0.261030850223111,3
908,3.2210054188217985,1.9699397030416108,-0.12857359628826015,0.8192643143842635,-0.7795863430522652,-1.018983258564069,1.3087558741322542,-1.1534627243791578,0.7675805228734083,-0.16043764479431533,0.8460556057978853,0.6097950555301876,-0.5337376535126697,-0.611892350725954,0.8244792653675869,-1.236321243856609,-0.9778524279253644,0.1250382401671568,-0.8187096419190647,1.587171538243715,0.8327256152675782,-0.5175708121404493,-0.1383528581245071,-0.91709418746019,0.08507992355980457,3
909,3.4720122403422753,-2.65188554106341,-1.8339875791065738,1.4117922562903868,-0.049270883712747904,1.1586411681099889,-0.28190162157703735,-1.0763411535508738,-0.5551405301321282,0.989277712243222,-0.6885804989563369,-0.7694156285685532,1.655726750072538,-0.2535235692181024,-0.14598426179184765,-0.3432182506706396,0.557318855893675,0.7435679716814576,-0.1182904610457074,0.9303019959666021,-0.19814222754527633,-0.27529267997883544,0.3219775438041749,0.3355795062325434,0.07843367236866763,3
910,3.5097609721711667,-1.9475933997949562,-2.882877650279963,1.2793764194431136,0.5967342035647405,0.9831387552287483,-0.8217470398147584,0.6957111616009051,0.2322878497987535,-0.30163567430888805,1.4941938835585917,1.485525959436767,-0.02033396328459003,-0.39010006077758685,0.5251082324930098,-0.4356480921054702,0.263581735290078,-0.9643212726577501,1.1921959385620267,-0.3340743931945267,0.21615575589913644,-0.03282744488684597,0.3291454305973119,0.25442045438933414,-0.21614449146414008,4
911,4.39964508158039,-1.0608885416527856,3.055992033737631,-0.6864525989415289,-1.4829069257684542,-1.1354699979702991,0.17651840210895164,-0.7254363732118436,-0.7489545077701671,-2.1048200030261004,2.038615681973181,0.06381000241256696,1.783958260301711,0.01147329398649033,0.30262593185038256,-1.2345518242286402,-0.6839235118016096,0.12461134479047065,0.17528647748048343,0.960931322756652,0.24533494691040642,1.0412380822115845,0.18025444019877107,-1.2737861999303894,1.6509752415828205,2
912,-5.461455127236379,-2.0121247825349737,-1.784626018416764,1.4121939607297347,0.5928451449010737,0.22398569336766494,0.676259399592896,1.0544191277978108,-0.20152248958164298,1.01806128055983,-0.20539307229383041,-0.5592472623055038,-0.19793140075746996,1.0643730122408517,0.9652679022079492,-0.4707555616959467,-0.30226983419688813,0.30399743370476795,-0.26598538635458424,0.7238726523954808,-0.31678494032127646,-0.07809922586535106,-0.6023656510032593,0.06114845558290649,0.39843706808516377,3
913,3.3686922658029825,-0.5916213872777201,-1.2589134590177509,-0.10434743472376784,0.24447550706207055,-1.2288185233755302,1.2351775218112717,-0.3324806245584523,1.9002664007407306,-0.5891163344098229,0.023978714789053335,-1.5624606564733987,-0.6752398682798306,1.412141141922505,0.26778377119792884,-0.13049570646925646,0.04713982080768986,0.25769454373520384,0.21650778188461217,0.5216039295820512,0.36428428899079884,-0.39123586578985015,-0.3879465506307699,-0.0725202888825609,0.6314666794122517,3
914,0.6133704449520287,-1.6956533664200804,-1.4955607703975615,-0.6177834005549578,-1.1307532851371254,-0.5585493591815922,-0.057718736511577884,0.49131746490033557,0.7905906940788499,-1.732434012055481,1.4204929619197904,0.2671570110449175,-0.3970489763956173,1.6703497752407759,-0.017910929743494508,0.30771452779883623,-1.5229702479539762,-0.2753296797644631,-0.3404846895895599,0.7292168353365425,-0.41223112461631695,0.1441854127167527,-0.595341468376059,-0.5763912044448649,-0.45016963998411386,3
915,3.3658306943941003,-0.35604017429067847,-1.373891376522261,0.3130168316162849,-0.8326639592700626,0.03140890399306162,0.8609963843168691,0.6552418712103787,0.7442731241009675,0.050215415100457794,-0.21196803740294512,-0.4403640523135175,1.6854335621173,-0.7039292522370018,0.576260055034724,0.9562668347841772,-0.804210331798521,-1.1869991062305942,-0.9070605562149645,0.6609697419564582,-0.41147762294024937,0.07566975217982702,0.2785578209225658,0.4565665132816529,0.22817332139878957,3
916,-5.580514830458521,-1.5909158904868743,-0.4988111445941962,-0.16913038621333332,-0.3827106301591594,-0.9019095584400618,2.5049198889630198,-0.5290067351251707,-0.12838368246236387,-0.01520732572023542,-0.6743837491034126,0.13096668397498523,-1.0699259454431251,0.5462374041197826,0.3131620631547082,-0.8710101480437387,-1.4558005523553943,1.1743227369566815,-0.7668776943546807,0.9958211248139213,-0.9285439233083442,-0.3016496163336868,-0.714465708254324,0.4124527860534598,0.24457610330549176,3
917,3.3858806441163,-1.706075841050519,0.4177611403441923,-0.4074447712692426,1.1150739422257756,-1.170389928236711,1.0842929133232113,0.05682605702181798,1.3719696494043774,0.2792205346489991,-0.3382038931103317,-0.0011563762319892756,-0.022657025749171833,0.45416715874111935,-0.05502562783411458,1.166608128154075,0.05990127971817372,0.19266364466448804,0.018770386731027155,0.4162306382520189,0.04934389447956811,-0.12754362080631299,-0.3499733059049568,-0.24580582028593367,0.6403050584684167,3
918,3.211566658769831,-1.3644189763829084,4.420818823529042,0.023027051216765848,0.8321419849846403,1.1077829422075394,1.3144212199905292,-0.3943948246218326,-1.8145394682314953,-1.3626116888312598,-0.16713105918562787,-1.1488696959068065,-0.10396275372044261,-1.138104701600313,-0.4944250343601473,1.086194464120572,0.25349220896000135,0.5192389413203351,0.7211938608115442,-0.25301799271617864,0.24846321795335513,-0.3073214477658206,-1.0136804336272227,0.998350913100407,-0.3886054669780642,3
919,-5.555378140008651,-2.174469362696769,1.3619438988612254,0.9225506289497747,2.2532917426649126,0.27945752306272187,0.8080253087796514,0.6251233470491959,-1.193689437913684,-1.6555486391914185,0.13236804898903864,0.24331786945935985,0.5248919382420745,-0.02613192330092584,0.005185651008466907,0.8873515107242507,-0.310654761568923,-0.8496929079296813,-0.7939326765541506,-0.5058038421465232,-0.20245679822054619,0.10302245012701336,0.5733600837057735,0.004750218145114005,0.41113841270357443,3
920,3.1828798386270396,1.142613840788714,1.8035222850115404,0.09464553012186627,-1.350319490067543,0.20113591989671598,2.1943612079320225,-1.189949813381548,0.38981963344213844,0.10739618231727366,1.1521376980598093,-0.7000354405115641,0.896978237397779,-0.14258264271456556,0.686881120776968,-0.34074675002606325,0.09315704377162848,0.16947215652720526,0.5264458068334061,0.27260169510557697,0.6848385734990945,1.2228303423376108,-0.7357032327544432,0.1265790618177205,0.43859794478842895,3
921,3.2851846264446554,-1.990266731526987,2.3628999611155423,1.2678160962518557,-1.731102531844339,1.5587821406097286,1.0470086604493494,-1.5613097277907109,-0.7457431842491147,1.29492821924305,-0.20887486011433998,0.40004932599880494,0.07086388182680503,-0.9134138230302509,0.6828625074258144,0.21004688355449597,0.723911297214519,-0.5642392055180134,0.22008085544900702,-0.5815306131190109,-1.88287243644021,-0.8381137437438964,0.3920649866058928,0.568467639390647,-0.05339930202734175,3
922,3.407215844902792,-1.7002142211459597,-0.6614570026688497,-0.1967057715564322,0.6370420207483098,-1.1020624707169457,0.8573178069992746,-0.2802658595073163,1.3272972877863047,-0.6595141432216176,-0.3855620504900361,-0.4500982086577485,1.9374238016163456,0.4131653835899929,-0.7265901219002696,0.47521733452444037,-0.6397794189268378,-0.32077792915837966,0.6898513951360323,0.08488027275906296,0.42003521886633993,0.6891033632820905,-0.5280801241900154,-0.19756066563727048,0.695777035978712,3
923,3.3566871118337307,0.38503850184788213,-1.8380540045895981,1.3060141598404331,-0.6627755807192832,0.9427778235036457,-1.1903407461305366,-0.9599508059796262,-0.9699925362358615,-1.6878866701754598,-2.24644137163161,-1.11778334126975,-1.0573365210887045,-0.3963846975995875,0.12325828219568291,0.47059704040605244,0.5684748152256862,-0.33674250524353866,-0.11047778964496002,0.4936328695054164,-0.3114255835291908,-0.19094870335798203,0.4040520893385408,-0.4611140003311531,-0.7321831593137369,3
924,-5.610728634321049,1.060423690486524,-0.858945862172268,-0.005856211841231751,1.5708869993245436,0.9533386659626961,1.088918783464825,1.8122988364162107,0.7182811931927837,0.48249114435967166,0.0030161013844728357,1.029918260021657,-0.45010059368935296,0.3775253395550533,-0.0644129846756043,-1.3174889125636637,-0.048178998105549375,1.830556209866777,-1.7038693641217526,0.1753933499539556,0.11198432571861228,0.32351398978898616,0.17178991093828705,0.27622914740758275,0.10927717172779242,3
925,-5.857614334041072,6.1864037469228155,3.3691449354492553,0.6317359896119288,0.5143194400872242,0.5153085016117482,-2.0740540805413783,2.2519721007945748,-1.1248727381096733,-2.8593854202018294,1.1897008221358447,-0.033239449227519646,1.8873500019900038,-0.09346849781731148,-0.3589110907355196,0.6631224739427863,0.8305734196921852,-0.22624411796022725,-1.1162336776409787,-0.7391287555582822,0.6085332662020329,0.326511132049695,-0.2865778066847772,1.1922655610842146,-0.753287494478873,3
926,3.402708311460925,-1.7331005126218486,0.7096705420295815,0.7269249611537512,0.3243416756307731,-1.6029876271898718,-0.963257852339193,-2.060484473186233,0.007402541897369996,0.5356070335920295,-0.9068290391602116,0.08405142390276543,-1.3172693496127679,0.4387003412864108,-0.11122410765974222,1.004504422390101,-1.3866077623603146,0.7019271423045916,-0.2434605388871267,0.12037153625213703,-0.3196878345392056,0.05809888369356506,0.5781668781149532,-0.6247240241984078,-0.4130704038583892,3
927,3.2749848918127125,2.4427572753816253,-0.6684041675408895,-0.1689167662179769,0.09314509365766721,-1.0197625270339927,0.5877893315140792,1.3290018071667449,-0.45744267237546676,0.4490833657166562,-0.2061486348993311,1.1656186342399977,-0.919779314238017,-1.0252580006480903,-0.39390286306351935,-0.039639525931535635,0.23750549445428693,0.5067782524090116,-0.22487452947323927,-0.35801674509885617,0.3321878215776887,-0.11767485292485047,-0.7654830424866192,0.28041757813838164,0.13769123872167535,3
928,3.335465784190072,-0.4977678493011837,-0.5344874338309203,0.1687672852815072,-0.174302458680612,1.1773977918146534,0.30690850011328186,-0.5375346831362935,0.09036581687682776,-0.8503295335381721,0.2098330918728737,-0.24330238531858672,-1.9359419519002077,-0.04775421480908526,-1.4123367040920747,-0.9760550208939727,-0.26408174012455676,0.659655075012596,-1.4057947959907904,-0.25678954781330204,0.14823671324874854,0.10015684427480137,-0.6771185713833208,0.07969811823465711,0.4959587150152034,3
929,-5.7796673738466335,6.2755750381107855,-2.051836520799612,0.98698437131709,0.21519621197765737,0.771558604151342,0.7879053553789235,-0.9175500646568682,-0.41094119400006557,1.3305863541788496,-0.23865454299577626,0.2591552369028087,1.0284944734044474,1.0394364638532876,0.19163896425026028,0.8686098781620051,0.3260990229491916,0.2818271698394943,0.36762992562893526,-0.19920458349290704,0.5382091198532213,-0.09650447951434943,0.6327117950121199,0.14237089621241494,0.17611334230633327,3
930,-5.618361530998767,-0.13148528901579715,0.7104020260808765,-1.758003597921988,1.0933103952703236,2.1622414176592364,-1.1841510081199045,-0.9253897634628212,0.5551616582902192,-0.3198959175109447,-0.18983715348249564,-0.5700965667873892,-1.2996194376299801,2.1183474615980082,0.3083318169561733,0.7955399800727796,-1.572218816320504,-0.49364565748910394,0.20187791857419324,-0.5953463896727185,-0.5225218296113759,-0.0084361137280336,0.706066264516457,0.05251058761958527,0.5104057933411338,3
931,3.2859973306759667,2.1306821793784536,-1.8554691401904058,-2.104034071430234,0.6896981666026236,-0.9642851474621474,0.020259499084470445,-0.02049334070137454,-1.4887280841538837,-2.716165132851053,-0.021575811389985766,-0.2680651289721412,0.8115381182400716,-1.047952326240823,1.6458843866479702,-0.13157862216975325,1.0099889591200393,-0.2575585587013931,-0.19393951836420098,-0.65706510339462,0.11749634682811938,0.5454285743554618,0.08740013181087153,0.4328497068100442,0.15890597141558963,3
932,-5.566379559585764,-1.7464180342812907,1.1259408086330633,1.2548322897669428,0.4500258012731042,1.4674892262362094,0.02086382149552657,-1.4168225917850599,1.040318581267413,1.2704688700811055,-0.4534092758218651,-0.308056305078269,0.5080602016485631,1.8678573704405412,-0.5058622665704453,-1.558627723042084,-0.3514664319660703,0.2886811709119459,-1.7544217628777816,-0.28078726827689665,-0.8227586977656142,0.23904542700224762,0.29791977516520657,-0.44191487611214897,-0.49895934513277784,3
933,3.4139393703122582,-1.5958096972051932,-1.1274487322892386,-0.3027427695892211,0.7458838510802577,0.4390093269257913,1.3761311136710876,0.5545417079874957,1.928818096202372,1.0117208962903703,0.9093825179616681,1.6385485026071045,-1.0672107879503663,0.10757886476422862,-0.08846826438529487,-1.205802282665617,0.6788631386591502,0.7812592752756533,-0.33570052152725927,0.5019389700472012,0.3662437484788305,0.4621251554203951,0.027136587276306245,0.01496707060239344,-0.7060942542059979,3
934,3.1434576060568293,5.3382782693235225,0.4843095005743545,0.28875983496769697,1.1615033938727815,0.017740072350890923,-0.7926690625218327,0.4689453377096682,0.5494174106296583,-0.43379673293981325,-0.15912517104966106,-2.35565459347756,0.4449350430969212,0.8265923569483045,0.944113389069042,0.23924741733111543,1.020866745414502,0.7322849724995146,0.02619392482059224,0.5394333871947226,-0.12111929055591941,-1.2088152145078435,0.5142064565034008,-0.2644441773117079,-0.7093783278404674,3
935,-5.694460119815213,4.178738495631852,-1.947380453420085,0.1965950427935792,-1.0467445403023188,-0.7965521113200413,-0.6799585690717613,-1.2436249734097458,-0.9156574298717195,-2.8607992604105763,-0.03310841662459896,-1.1334171985254606,-1.4226042955273108,1.5606209561809536,0.3273247243639863,0.7489539461364605,-0.044669273355096406,0.5082075533724835,-0.10981894925774327,0.47063402944216626,0.5684692317268256,-0.08326019600252066,0.6576799521236385,-0.6656642758405354,-0.6348116167646997,3
936,4.503890594701327,-1.6657958366328247,1.4918094888063542,-0.5893200734414785,-0.245063007007308,1.02595380133539,-1.360919028399014,1.5944849556217555,1.1913409678017652,-1.6290570392503279,0.8121463845894046,0.59884789078298,-1.6376028980042459,1.2110290322725454,-0.10884721420535148,0.9387837192492086,-0.3940742001822619,-0.09134613276915671,1.1884506957356593,-0.8246973312367835,-0.4916931745987839,-1.0560706810895295,-0.3711736557775138,0.14403613498939727,0.10429461243656976,2
937,-5.4876912365080575,-2.1893960986586976,-1.756784946842552,0.7523882487875073,1.5576863045059788,0.012974463809871661,0.1547675548172096,-1.5608932474240333,-0.7520427896719108,-0.24871094911587466,-1.073179155565512,1.1010088596537546,0.5348502416817702,0.4779163954290595,0.5614961035667093,-1.3909910358037127,-1.2297678370275231,0.7814620254008906,0.9918572735654294,-0.24238854078948846,0.41727467839749516,0.023637225032616005,0.3640692756435388,-0.23973321938262593,-0.641903285369117,3
938,3.422424259220586,-1.8682976916204852,-0.2702063024713779,0.5835728717219753,0.7090374293463788,0.4813622140182674,-1.4915936946321693,-0.28025721606151965,-0.9798396867046488,-0.3350924668420803,-0.5513018733377817,-2.1009850817350872,-0.44513277411358154,0.22314688796526982,-0.1951158459246916,-0.5643498629227408,-0.2899721022311683,0.5260452286765149,-1.067102579010808,0.20025810400317356,-0.05860003707245176,-1.466721756774291,-0.5403302220470949,0.24404089158365327,0.15302955757676487,3
939,-5.76019649830036,6.1120568371865875,-1.7583485176207185,0.9459729808504886,0.8520717686651087,1.2084944291100723,0.46303802423494655,1.0969636331458936,1.4796491830118672,0.9101401549882467,-0.7244162229545104,1.2948087826043593,0.4805223303959907,1.0801407749733878,-0.5136311516904022,0.9612246444272481,-0.3579347749369086,-1.3715607291188796,-0.8441446843237388,-2.0877028326473366,-0.2852763169559601,0.39512043025361265,0.24622256149086846,0.4155825687831677,0.09404077929635238,3
940,4.435150519660459,-1.5092940341466927,2.573852920157358,-0.19974809922613534,1.1773840283146304,1.646653964947299,0.6085166058677274,0.9626488156493958,-0.28753772265165134,0.09690011095513007,-1.862853893525296,1.1174197849563896,0.24642376976070834,-0.4506251570096954,-0.5190994261994386,1.0299988159194022,0.46957378452393916,-1.8297468403599486,0.5677311700130137,-0.23225915443625977,0.31786195884925195,-0.10725912289004969,0.36046728633010056,0.486103301618091,-0.279354847215138,3
941,4.5099288100960155,-1.645880130069228,0.38533646431659374,0.9247440530070761,0.7416509677448275,-0.31524033311563837,0.8366577461469387,0.24539230632434772,1.456806368411776,-0.9454864100878175,-1.1695554586568686,-0.5843835958409325,1.1220189886552125,1.442546570712676,-1.3283423150605784,0.2498031575180759,0.414678070500039,0.3533473814222239,0.0877055362822654,-0.4858573030945774,-0.35939593561312366,-0.014487718106587999,-0.40413312592858985,-0.35366547994532016,0.735444258187561,3
942,-9.244312012915358,2.306375266297552,2.3607313840318787,0.8483801368823465,-0.14239748389317797,-1.740816587908349,-0.6017861878501849,0.029912223390158754,1.9382025958329603,0.8355773268404364,0.8861993494744627,-0.2588029532137812,-0.09609048981049861,-1.8088724688868556,0.5899758877184521,0.7981402948528427,-0.4501198113657947,-1.7435911628679164,0.4001324823945511,-0.5452133955565678,-0.27558715815711,0.718008950111453,0.3305450417954247,0.21432527001191415,0.09912463320254669,3
943,-2.526585615957611,0.6862101118233603,-0.9946773209094435,1.4764604480202599,-1.0887235533268889,2.047803863705884,1.920370880531479,0.14038704397200052,-0.07715263765375502,-0.05828344725650847,0.5767053213232184,0.07718410446957691,0.5394463275379335,1.1762184741662618,0.18628634244281317,-0.15677530635366677,-0.04610618757854801,0.3323941165706472,0.5878523089009926,0.13003456518163303,0.585977922460859,-0.28256543624093367,-0.34354339721767907,-0.6436345478896754,-0.15502409337699968,3
944,4.39863328104658,2.4468950688220232,-1.030285849222199,-1.3938945232242537,-0.45958429658988864,-0.603288083670654,0.02941975594519386,-0.8171722915173647,0.9048239883999227,-0.8434654844903771,-0.8593976699290111,1.137352642982493,-1.4768863923773115,1.43663777850713,-1.174542972759101,0.2501970195964036,0.022343557475207554,-0.8603165148406222,0.06594713724571744,-0.7307528569658641,0.4040280891218393,0.3374078304794409,-0.6728421341498808,0.17541794460322502,0.08412584905099721,3
945,3.449332126265011,-2.663410402090096,-0.7684971694787804,-1.765073878021398,0.008305507008509294,-0.41974483396403395,-0.0966744396572623,1.2272934600806376,0.40854407061134435,-0.6189238185170033,-1.1595330424501984,-0.5712430709760734,2.359464355663727,-0.7201985212104716,0.503990153362578,-0.3827472763834079,-0.7216355521614279,-0.28082457065730937,0.4991698382333465,-0.04076753211950912,0.31572712515643,-0.6187878758184036,0.38882618675202113,0.2194451719636341,-0.16726517429086177,3
946,4.224271550501557,3.694764156279213,3.411668448037906,-0.05056850976555527,1.440289036763655,0.9488476292796162,0.912118741160933,1.5275447310213752,0.11989629881312647,-0.46220482623670206,-0.8053350640584909,-0.2196050523611608,0.7714270128135854,-0.08249612995947309,-1.2736033674173433,0.07844450418075666,0.5189390548894481,-0.34822530504347293,-1.2859960987057464,-0.42295320777151574,1.2683707083553006,-0.48284769420391305,-0.9042837924422811,0.7489533360169794,-0.20684692466486523,3
947,4.393741288717193,-0.008166807884688154,0.5355114683123978,-1.2611913052329689,-1.2128970549807985,-0.42289408827432595,3.0058408665578655,-0.2165818308430718,0.18618290873155052,0.5531583951202871,0.914625652168035,1.0284691147342029,-0.5959486985780302,-0.04049074744484149,-0.15168415939659652,1.4847523168904009,-0.7707723819028234,0.22524159257571075,-0.9077648471426971,0.7005841858687458,0.16883826880734643,-0.9760196206063074,-0.25066044293647727,0.11027373311422906,0.4804396649805327,3
948,-5.795818090633102,4.888450124810362,1.88609051949853,0.42444097794806046,2.9794418213779146,-1.3896926640382534,0.9530309598701399,0.685014033542825,-0.3063811997075234,-0.5322594983715628,0.822042727353018,0.6357583887536,0.20038570136732892,0.928044152857241,-0.25645797360213485,0.35256760529068987,0.6488863416098511,0.7226023604411775,0.09916976233423735,0.9814874878832591,0.22875560341226003,0.6251650534725786,0.4434440860342183,0.17257994832131407,0.16310000005139977,3
949,3.350881129536381,-1.5650668114045065,1.5147700160257063,-2.493838172682985,-0.6295768725109082,1.4705506330740223,-1.1209487087323546,1.444871757054715,-0.2497148550981061,-1.3538452915581,-1.2483500981945415,-0.500445131603245,0.887231835852548,-0.8622524746142164,-1.6582502882430648,-0.8420451371013307,-0.2129689484686894,0.5434012582852539,-0.2442000551926229,0.09124172204793302,-0.7475225337776709,0.5161454309637703,0.04948854603869873,-0.2650387963205595,-0.5003553013797274,3
950,3.4406978802990107,-2.515748972089015,-0.1726547245605612,0.0797472917591775,-0.37014641655444835,-0.3924796691463608,0.5937950396613747,0.9115962969427427,0.7599247716390027,0.6311988097905473,-1.0380230327477784,0.1447487659877007,1.8355507997865455,-0.35657442645420956,0.24538149160272993,0.03391909918600855,1.7660133756881442,-1.3137125083614998,-0.985266829399382,-1.1618646867200315,0.10848277814491647,0.21050348363653743,0.16490109853127893,0.26288692410239844,0.1252610530632459,3
951,0.4689829831442687,1.1613055950481916,1.5557816184835176,-0.6440720170163448,0.8776782341333007,0.2393527618755087,-2.4258718973242237,2.0892319916556192,-0.35535950138584527,0.15705245252789723,-0.22222763626375408,1.7047401524667465,0.4462779865834676,0.11864484173241019,0.24557849470515714,-1.5896314824662934,-0.49945923402950076,0.40099608634757367,-0.691097176518144,0.46513515939289785,0.2823926608120974,-0.11658143682038008,0.6417975898684847,-0.12717221704652515,0.4796352629785122,2
952,4.523725769254407,-1.7298429099337924,1.5500225483482872,0.3838851137560071,0.9974572130663566,0.04861585531399548,0.3230909288471149,2.6738900931321687,-1.523143318672633,-0.1311377492417149,0.7866946797757649,-0.1396921004019378,-0.8525695831378104,-0.16689882157434544,0.7353431174329407,0.36973852011522235,0.5066378859694596,0.549632432376451,0.17266667555406556,-0.5821079842111437,0.6204917066244624,1.6925281322266466,-1.0336914123067429,0.20571782640586223,0.33048477587575464,2
953,4.481142935934082,-1.5216489148689094,1.4881968718499092,-0.7559465981789586,-0.14192388119577004,0.8182643222216495,0.2680601778454279,-1.3392078652976969,-1.2921030825125985,0.9849679862057407,0.47148905475030134,-0.306058994023201,1.5861495656309947,0.8462947901252398,-1.3199634672218767,-0.034985117872176286,0.8296805879124629,0.8592575773191564,-0.3868727364404392,-0.14298244165948348,-0.6203919791327893,-0.2320514766998394,-0.6303509096006288,0.0019079527286609554,0.19941069366485778,4
954,3.4804448993563657,-1.896480032896399,-2.0147266666848944,0.4091677045596529,0.5217504553903098,0.22095823039436047,0.28955802854081414,0.6156650841591715,0.0890473595140544,-0.04048619067739667,0.19228194321477332,-2.192496887352908,-0.4863018600042923,0.9876081663802352,-0.7573169994722744,0.17762345493609222,-0.35925942022208,-1.0926696312490618,0.23706995810386067,0.3097456768249707,-0.06904428973800991,0.41173794368624483,0.2379961700460777,-0.32328557469669006,-0.7348488425297373,3
955,-5.697987178471163,4.145192295062952,-1.4244204753627148,1.403053871399759,0.7789540512815998,0.6834132332257061,-0.1153310267523735,0.0638507552184262,-0.3712101575516509,1.5359246302644336,0.40580035714460716,-0.23318199381284965,0.7187884423908173,0.9564365428730808,1.2909409923302881,-0.5202052065665304,-0.9405675237538087,-1.2129565827647095,-0.7934276721046343,0.7036633470398703,-0.45081123079165797,-0.2345275847471574,-0.4566157509619916,0.08784109665114559,0.4400763958081838,3
956,3.274557982366739,-0.9821245844560083,1.7622228613535291,-1.3930043882964878,-1.938254616256865,1.4620404384319357,2.0732147272777164,1.8219654372413765,-0.7838069267999002,0.3109286906110338,0.2724337488328279,-1.4731189974388634,-0.6224844629424897,-0.8619829940268166,0.47056878658432766,0.4354569431590001,0.6734091749180835,0.5393514169261593,1.0265449936996203,-0.6890043224220241,0.3398484082201909,-0.036482803856337565,0.37220229416594025,0.3267237624605005,0.15405414203115034,3
957,-5.024172908195876,5.198064337027967,-1.364363558192362,0.2876085926394265,0.3202639651595731,-0.5224678375065279,-0.745838376067264,1.476412883365243,0.4292666329549548,-0.5377477404132642,0.4392840924997806,-0.593801482681654,-0.41476746078274007,-1.7137057519727152,1.719619549052028,0.5861083210499176,-1.38066087659388,-0.2928964444675537,-1.131023517317382,0.7236171196330656,-0.8123484068940553,0.13022626633821074,0.3139153034250766,0.37670359625185335,0.2703760481697932,2
958,-2.607786324217619,0.8446998345181838,1.0751682043553912,0.44062853305300775,-1.4824351522423136,2.1136279018437985,2.420719161796481,0.6254549307555131,-0.47671420487410376,1.1499676319947203,-0.7245009883414235,0.385634467709536,0.7417925832495054,0.6463387467607915,-0.8667563781930464,-0.7009870514231616,-0.9125937744303769,-0.13683641310551709,0.8497273464263468,-0.7470893709099757,-1.2683225462147898,-0.9668119251790612,-0.84982126741023,0.9496879419719614,-0.19501623050715733,3
959,3.305669829768542,2.182497111030165,-1.1695880355225445,0.12273286496789515,1.0177671730520925,0.7850329134681542,-0.7613052846524764,0.7252322025223932,0.520474798339321,-0.22980745102749137,-1.172045059870347,-0.5705305961893399,0.06849226084573612,-0.06620633078514793,-0.5289597123842082,1.2867597985735704,-1.3934717852590135,-0.6966798742782445,0.34633426294687775,-0.3944629909940608,-0.0038117770517834826,0.04632607865110977,0.5692757369253079,-0.7044337378378205,-0.5706843252012206,3
960,-2.6778848244352496,2.3857073501434405,4.271889470724092,-0.7988731462811178,0.9567749610278862,1.7555672675945968,0.14711770986739037,0.004402094230778308,0.5877741292276006,-1.0711584030811006,1.545936957032256,-0.2540846164745445,0.8624920086618539,2.270678253068225,-0.33420031781395904,1.212421089615931,0.12487722009195479,0.29114239101053085,0.5425974400342781,0.23440338589628074,0.21823254362886618,0.5448490995323766,-0.5494874298630507,-0.5660038086372163,-0.404504785664798,4
961,3.2365404172917547,4.025607664992421,0.3715157112059033,0.6632398333258238,1.5319830015586844,-1.507812695049971,-2.025214921480214,-1.4191190774009117,-2.07658773950873,-0.5999138756758585,1.5624920263154467,1.5156771172288646,-0.8159027132828542,-0.6198680255573182,-0.15367291705745129,1.034786343963964,0.4992068554889384,0.7366566228927915,-0.30984775014998633,1.0050628386093587,0.008718346490089735,-0.32758538779646174,-0.16639897233430057,-0.5263415757546344,0.23018866829718446,3
962,-2.5057432638763437,-1.200763069138726,3.1429358506548892,1.6598702953187403,-2.449984623214437,-0.037648834786065066,0.018804170440027246,1.5216019783325248,-0.27069136403652605,-0.6057563558450368,0.12578768876086277,1.2422390136480468,1.6410160607164652,0.41802165614100817,0.05488743618678771,-0.9437868930122887,1.3529338670552251,-0.04056754706553933,-1.2531031913280317,-0.9018871007117328,-2.284868780758758,-0.24546142858270592,0.40499100844377217,-0.6123435828984727,-0.3560569893647418,2
963,3.447355069326319,-2.611948428487848,-1.5208417156299778,0.8846765729528454,0.740698386240461,0.014711781325766893,1.4025842478851889,0.7474935171724306,0.7815966206646539,-0.18711576884224537,-0.9071210426603113,0.4337854539367276,0.8290949847663622,-0.9046958876096831,0.603610445572821,-0.2133751677606328,-1.013833849146798,-1.6664527612104587,0.4766974535470876,-0.247970715957203,0.20636036990103557,0.04184082992003402,0.3556052488517097,-0.3560431758306544,-0.7174768693393194,3
964,-9.210366145924674,3.9620471505130928,-1.955781683486269,-0.030139141427043104,0.765761378881755,-0.7013312560034404,-1.1047295900466931,-0.19014344469616118,1.3279386513235751,0.5414369329190656,-0.9843625902130748,-1.0065989223824314,2.2420706645461355,-2.1683587856167765,0.0658317137361879,-1.2164344641349796,0.15922304469152948,0.05278208327443146,0.42587800240936424,0.6477163808959008,-0.1701782000473221,-0.03955133254044674,-0.6724377701476132,-0.06394802032115976,0.3318142046231465,3
965,4.571884173754766,-2.577719510582516,-0.6729799882795722,-0.41439942046713973,-0.7126861925526126,1.6201156636240248,-1.5508966546753862,-1.3019829418264404,1.2189431738840764,-0.020987110125540553,-0.9842598064229173,-0.9986577346672139,0.583834793257151,1.9334538665930436,1.3349911460974049,-0.7164458194520724,0.7885033558294032,0.5711094537410757,-0.8170131747468417,-1.4061545075577935,-0.03837964580755249,0.13828231153890294,0.1424601681547864,0.35443826862377226,0.06707133560852488,3
966,-9.118000100392244,-0.7302775371170189,-1.6936572984076328,0.8040848968636332,-0.8791724505389015,-0.12119713610817184,0.08336342745132086,-2.5898479168923587,0.04908979651604106,-1.4453428906285457,-0.539771780003319,-0.7489465630025791,-2.0626808456217125,-2.5088479663895478,-0.8242694050838396,-0.8233037374596233,-0.835018158790487,0.05297266685091628,0.3280920653376027,0.35491363495041406,0.7099118401158885,0.010587065004493579,0.5743985572956165,0.1016584098071841,0.38262866104564963,3
967,-5.7553461458045305,6.0227596577703935,-1.04366769388331,0.1844423305910845,0.2884294860677459,0.0987838367547118,-1.1391374234327514,-0.2528714188843886,-1.6865551531951235,1.777632873332534,-0.5500015847038935,0.6789249283904533,-0.05973019803641755,0.947044845647937,-0.027433198685071325,-1.7595118618961452,0.511412576673453,0.4600408324963192,0.5620704824819964,-1.1052777204083217,-0.38690921115803756,0.3060376424970799,0.3008052626163233,0.32560701301395933,0.048689922753611004,2
968,3.4403961972707062,-1.640008048030988,-1.896584958434833,1.197095215637367,0.004944658555496306,1.026708954864053,-0.04605580380257601,0.4809858544988521,0.6682614746331819,0.6424134613609708,-1.3493924359111011,0.44328589878498903,0.9279050623274152,-0.5773677288486536,0.010865025937259132,0.9345252954638772,-0.1635474108964725,-1.0527474670599357,0.14263226270151463,0.026525079009183106,-0.248054046812349,-0.13921239127863083,-0.4667571749152369,-0.09654702470658283,0.608860411577331,3
969,3.1665040984865076,3.296011681913649,2.1445297957330007,0.17077777646630699,2.2077307121538166,-1.7680891623446033,0.3660542799761588,-1.7452649361452597,0.015609896433025128,1.2669946175428408,-0.35539975647722377,0.8516319201703921,0.7202280400186365,0.13181971245748092,0.6201532912069606,0.5740977968048142,0.8985395099665792,-0.7429500934987208,0.32963587032565744,-0.06812029809267495,-0.03133896136688985,-0.08300852205105275,0.5963819922384583,0.13997847024930377,0.1496647321815737,3
970,-5.556822608513778,-0.7388013250286471,-1.3849494603064865,0.08134043621794262,-0.7294495766889555,-0.6423347906571109,0.5350626239547309,-1.8695020110381426,-2.116795224204218,-0.40752579525599636,-0.5944445779477381,-0.26071743011685,0.9792593323609768,0.25943720641596535,0.3736185501624246,0.7666899597987533,-0.6857933725588254,-0.9366689334622356,-0.5032796626272515,0.371446576053732,1.3712356611487544,-0.6197527204627133,-0.028836294887254754,-0.3511313312142085,0.6971511164641725,3
971,-5.594240204755016,1.4325709795039643,-1.1081288440190586,1.576252466453783,-1.7927742098436492,-0.003968971509912045,-0.9394418769849691,1.1577550926833506,0.5534877326139922,-1.194763576810787,-0.9139627355564737,0.786522097673259,1.9971023592681836,-0.009107634634763384,0.3437479631404532,0.6637473680305579,-0.2719086572278804,1.368886648743243,-0.8630812478205039,-0.09055985743458095,-0.1437973438190403,0.24307017204167475,0.2466469221213558,0.11276778419594158,-0.0003634356290277696,4
972,3.242662419680139,3.716250370012019,-1.2064561510582514,0.4458090312309051,-1.7676442620782975,0.28643535975550183,-0.453820754360164,0.16280481254276857,-1.1898573452815342,0.737069411183947,-0.2314166829933475,-0.3739107928066543,-1.1209932550822352,-0.31859655740505266,-1.2971393616679534,-1.1734796713688374,0.33735343803716056,0.5313004013758693,0.17152250629063914,-0.48979273283703617,0.4415117559848719,0.09341096615064956,0.41724946081930386,0.01925087495142197,-0.10848978522899871,3
973,3.2974525186340156,-2.236979842902617,3.269253228889668,-1.785560340213909,-0.5067947226332898,1.1237700105312523,-0.49710478599779506,0.42185057056280173,1.284745044631899,-2.4423638050121563,0.8045999690654506,0.9688756044525149,2.6780616186121167,-1.0967489762336464,-0.21932682146444615,-0.16676616408147815,0.10780007110175616,0.4312799028072938,-0.009303202312150205,-0.03454173711761632,1.2849334218980615,-0.609034468674544,-1.0092889075444345,0.8483204918254593,-0.3831588195400233,4
974,3.2735943399551513,0.6764603328575518,-0.9649530070840744,0.790068610637372,-0.37736564020803043,-1.0021179261463367,1.5284484033602306,-1.3203254244233618,0.44578924877401915,-1.9352668780319995,-1.9049165528736947,-1.2312068179655795,0.6333157766868691,-0.35824704978522914,-0.032548775274570785,0.08141717877094434,-0.681510091656057,1.1695618895753883,-0.011853244566694343,0.5738783562580341,-0.17092878796312772,-0.0757906572308733,-0.57333680180452,-0.6235129481769051,-0.17549121961137332,3
975,4.476907052256786,-0.5840717899460706,-1.2333890791899222,-0.7909662225235721,0.3154385609069692,1.460066694383872,1.1440450880685624,1.4389640395269447,0.5231311275513959,-1.5475739436100437,-1.0064239190910527,-0.7115938547285974,-0.5736110079070158,0.554371507655117,-1.0309817258696548,-0.6718186223246718,-0.10363934313198198,0.562941494023395,0.7087767045058895,0.45784058116049975,0.14709914352033926,-0.15918561196962733,0.46651286778671014,0.2582047041824024,0.4636635442109328,3
976,3.500057391992817,-2.6466881375847917,-1.0480784946990402,1.2993842933207724,-0.7682570720943857,-0.9885996573979254,-0.05259301257289062,1.642218982483039,-0.35153613898604164,0.9717349770897762,0.029409903236560675,0.6533303984741949,-0.07610925557501647,-0.615678821728234,0.3004235358454719,0.678768869172448,0.6477096510247717,0.3960984672490673,0.9090353980635162,-0.28941812320185295,0.04306698270233744,-0.09266473891528904,-0.6635417881541881,0.060235733805715785,0.23167025259983834,3
977,3.367769321955466,-2.5405799017234125,1.5501631336938269,-0.6767599522077865,1.392307721553453,-1.7561451683505171,2.016024911286684,-0.54829715025323,0.24857501422607164,1.7142225115825496,0.3436262925919643,1.1309682439886424,-0.9727139537014831,-0.347824088652656,0.4703624942992396,-1.211740985392547,-0.2459481011206266,-0.7827389841826062,-0.4406293302700126,1.0976396272223414,0.02640323259978783,-0.85087627362773,-0.37752518827567605,-0.508294645982494,-0.27918288495682525,3
978,-9.106857371388392,-2.5604285581413633,2.8408281877137336,0.4851623396543485,-1.637722012359215,-0.5319483014270752,-0.1328978389974944,1.390392642825407,-0.09061063296033867,-0.4213176400727101,2.203514678624458,-0.5777728329462022,-0.9501301528663938,-2.836556896890624,-0.2998101713814833,-1.3578911120126198,0.6226471150961945,0.3118504237129547,1.5875222275967054,-0.48942355191615217,-0.6229648094337638,-0.04290991771750724,0.7219414286064618,-0.345763581889353,0.5803094789678865,2
979,3.42860736071418,-1.387222852377196,-2.1747814796915814,1.5593810730779478,-0.8723806676249034,0.8954574133037001,0.8232600410848661,-0.38570668664250163,0.05492347821611876,2.220538843610402,-0.2964664903646699,-1.142318874977213,0.9606053689113683,-0.22477553741839484,0.6898980845105392,0.729941587932696,-1.2168497504790197,-0.3317985705144735,-0.8743442129623114,0.3532436130190981,-0.6926377386036121,0.10744157871960935,0.1566744219883312,0.5893105314532504,0.009988139013407976,3
980,-5.442806265449619,-1.9572597670313663,-1.7963383466906282,1.3740823321487423,-0.7933403205873786,-1.1170049418598742,-0.4067662115368149,-0.44075828974526554,0.38892191259429687,-0.11031871727273462,1.1183892581416341,0.4481668276474142,1.3582132805410154,1.3685246773402233,0.11371279211087204,0.9214127096819871,-1.7312876134483468,0.25807028364124696,-0.21865745172210382,-1.390440256890885,0.34663865910430863,-0.055424660469312215,0.33077968501787475,0.41153784250074243,-0.08353362285514832,3
981,4.409379895558493,0.36663690161705764,1.4326325763168157,0.9352875250804957,2.2818623199022614,0.8350320634223145,1.121326273065188,1.6339517879478436,0.12503461505324776,-0.42719189592749723,1.0250490550767302,0.7619166779370166,-0.4746329826045521,-0.17549594224041742,1.4576116440110765,-0.1474609766169932,0.8989949378882001,-0.34201606166208265,-1.2763519273290318,-0.8340580922956846,0.6317392568470928,0.2351515443274514,0.3767011229382305,0.15742035704851542,0.26953948200267264,3
982,3.291746269352929,1.3055065603296905,-1.060659974208446,-2.2489616666235346,0.381131499273099,-1.5981722478275397,2.203115839499919,0.14059178310506204,-0.8303167003148957,-0.5602769479942187,0.7719052810382006,-1.1017369894637068,0.568367008825089,0.027540730871511432,-0.8086743667074607,0.4266995416437154,0.3648277519803944,-0.5578689476987369,0.21879832120660048,0.18274317716033905,-0.18142695992839286,-0.34043865364226533,0.2617130539799177,0.67565854655963,0.0336667417676538,3
983,-2.6376166108790997,0.7935518385912941,3.4570711453342824,-1.8024961137097535,-1.0361280208021877,0.1887453920175428,0.8284041823339621,-0.13506238745713062,-1.8916362547500163,-0.05105419315433335,-0.9480687155219487,-0.1950876790769187,0.47084659866636747,0.45314896623010337,1.9784919059955755,-0.3420493593762499,0.28531014953414857,-1.7904308231359325,0.18581584935360862,-0.18971659019305548,1.08132058229251,-0.4555247366090105,0.015551770223556194,-1.0953856636310428,0.12209026169040646,3
984,3.4702612828830457,-0.5820426279712407,-2.712629072109621,1.3589628028873837,-1.2584497669018444,-0.7350983694590738,-0.5911926605045545,0.6264191143904299,-0.04409850463059328,1.741830416991787,-0.504071095319713,0.5220678680027184,0.41073905838012115,-0.2862499663033655,-0.5182382461876456,0.06883102375345129,-1.1716861051164378,-0.7146705500708115,0.8851342372936268,-0.6901961190021528,0.2960626868665507,0.16431357310166347,0.4816099627581802,-0.03010379779791439,-0.039374958381136305,3
985,4.53972230321118,-0.4378387556115677,-1.9559772067496712,0.4781417547474347,-2.011496761410924,-0.14074241106376117,-0.8723882991740521,-0.5893500556206468,-1.3717316181785075,-0.7863667216628274,0.24458188640952572,0.6128210133943002,1.0613389894857423,0.005700416860707325,0.5679267391165369,0.38724791264417213,0.7361813656154852,-0.3791291989564254,0.4334527902615233,0.04425015041258962,0.3990939326511983,0.029630758973604343,0.5108912377862231,0.14036752427896604,0.3026116293037422,3
986,-9.003587241685974,-3.193492069065389,0.4457470396293586,0.3285566619537965,0.46243269864923686,0.6334614474564875,-2.615148884129949,-0.5216834131409507,1.7971661457319588,-0.7715515196731232,0.5451459011731623,-1.097635378536742,-0.7517052874933583,-1.2508010873951692,1.4274902903059932,-0.25007800901140254,1.3670596145257519,-0.41670922454140413,0.6869769502503353,-0.08616427765767287,0.06466821460430472,-1.7197595431583748,0.304635432661815,0.7324149029200994,-0.489932937216661,4
987,3.4267516644710003,-1.687933678633687,-0.4901620230233873,0.8946523772267283,0.0527504395309879,-2.770700655397067,0.6364103598386328,0.48643762659656087,-0.1987255935321821,-0.7308692190457692,-0.5437261041312367,-0.14178201934961665,0.8892108125533249,-0.41675910182844744,-0.7803885249569888,-1.335610779055195,0.14953225773192846,1.388861963062392,-0.31469724769292795,-1.3008885258505694,-0.03672088154456121,0.014887343226503369,0.07701904290961575,0.3418131816306592,-0.09599941445689833,3
988,-5.624329029469086,-2.6311054631885895,4.509712866864531,0.4957112446986405,0.11367340101672885,0.974254187460601,-0.2885687371964072,0.1191670484707128,-0.4299341064839348,-0.6938700412427592,-0.701945018479238,-1.7486943466426785,-0.005646662586883178,1.1708636015256717,0.4930166745988459,0.4518210293465401,0.015104000423676656,0.4483388581048722,0.09989816333245827,0.27691136484671086,0.45578520668448086,-0.6765722975023071,-0.015886017402430563,0.6346582060425184,-1.4419468217482783,3
989,3.2303202617092577,-2.011917340218668,4.041361706462225,-0.2309345501707183,-0.6983352418717486,-0.8425559040219959,2.3380505083051633,-1.0455366427886872,0.01046841419442357,-0.41638011608451675,-0.5188719588692989,-0.05195199918542115,1.1711292171493421,-1.0221452718702209,1.1211786596157869,-0.7219093914856513,-0.026942342373683648,0.08622453081904702,0.1650189163832958,-0.24974664164966132,-2.638938567337693,-0.08147973673138698,0.5794392386315665,-0.7858950868332693,-0.12355280135864583,3
990,-5.46463932512172,-2.081615717829851,-1.7255247860503446,0.34422388401253556,0.5480899019613215,1.0003020689709472,0.46298235813235245,0.45576800196547995,1.5672471607124994,-0.5817475020763254,1.6569455708113936,0.11293274611898707,1.8617779767019695,1.7801728541352628,0.11069021380879618,1.1469134172510294,-0.4962881008003679,-0.2149892226229202,0.5595538519003371,-0.3253446565347808,0.18729970303977916,-0.42144327755398525,0.5073625990161832,0.29735723005351644,0.10022270660476609,4
991,4.446076106781556,1.514391924424518,-0.8804230582507444,0.331833487360671,-0.31365287712425893,1.2750300525950835,0.04570707813364683,-0.5427304817196487,0.13703849679721314,1.5548972577275015,0.006097371793319595,-0.2946572021324836,1.4461431255257202,1.2015539648518594,-0.135833496884316,0.8342926311547147,0.9819912727785187,0.7633988535711902,0.07337563105808265,0.5676793708286483,-0.2194695521008243,0.5268126694610842,0.17482311433496417,0.37968036346067546,-0.05142838206609511,4
992,3.4722448085900073,-1.9788679009878287,-2.291540979506802,0.006363207453332631,1.2945230239604995,0.332889466885284,0.7285787713099943,-1.8379095863367527,-0.6103089988444963,1.4781606898215216,1.7201553859952554,-0.7497782554640116,0.4849199175638774,1.0891268413275221,0.3192429986362071,-0.5567351676619756,1.5743469838319548,-0.09865075687228497,0.5687521770402553,0.46227820338062986,0.26408815312488826,0.1666777920341546,0.23486134204872927,0.4536591821881225,-0.029311090719958993,4
993,3.350875720080561,-0.24679859453180386,-0.04316567260818149,0.8195751704914911,-2.012750651487666,1.6600941746122788,-1.5647539734224714,-0.6086698074590633,-0.8218770801134561,0.3385240033621526,0.24239170658125908,0.075380270669412,1.4103186909868333,-0.6748611094944282,-0.9767054276515146,-1.6675902071137085,0.29736377518579493,0.5166072300255165,-0.4364008368740504,-0.9115287930838176,0.5864126312660635,0.1211385458316886,-0.7639499543565786,-0.5888581498298335,-0.45857473406029414,3
994,-5.734285203493664,4.037230070211558,0.6332173189493855,1.0098141104372558,0.764398783743937,-0.951002261959413,-1.1666991752074511,-0.6920129478861226,0.07191368851075453,-0.39686761069041354,0.28905525978425195,0.44471398464591294,-1.2934846037434586,1.7836671502960812,0.8098572417564717,-1.4728086974062191,-0.8819011899917425,0.8003016958536886,1.2826101456685195,-0.36582323167730474,-0.16536965298651596,1.0154981769958193,-0.7545439343408267,0.1664821151267919,0.25738532513155676,3
995,4.505086900177117,-1.5308863780632116,0.590162586526561,0.11238583119285117,-0.30935513542942916,-1.3719218525529693,-0.4746468791848395,-0.12055339508787077,-0.3800818746888681,-1.6842973671635013,2.2090075075573026,1.849823713035978,-0.8619993206741337,-0.11124523555672616,1.4392177925319336,-1.6508887809115118,-0.8982377408635399,1.2815308457852925,0.36156137730455473,0.5034033894067944,-0.2749697784053141,-1.5869487383939194,-0.7052264018886018,0.06412364961880224,-0.9362722554796946,4
996,-9.016399444654976,-2.2395189805464417,-0.7561521340401821,0.8824624540915766,0.9099815027157616,-0.7016441330060421,-0.8710973440022034,-2.3575208615573966,0.35751846356698147,0.6315512981061439,1.4885025674805206,-0.1602916016045972,0.6029441603822758,-1.5886088442580213,-0.5926881379755532,-1.213735019826253,-0.7749755235411757,-0.7186941133384863,0.9448596722650753,-1.5937681349899926,0.020193329729319975,0.5146275877491756,-0.6850688158028404,-0.047073748101307045,0.3122104017792884,3
997,3.194398412703391,1.083006085332693,3.134213985492739,1.6642375508323641,-2.2630460268423622,-0.846464632926379,0.6088233624019233,-1.259218518711039,-2.541288825308751,0.9031479508330212,1.9606880137246716,-1.9466499830047834,-1.035054614352158,-0.1468710323177569,-0.6391136610415692,-1.1769613413660505,-0.8659733619623063,-0.12123444893664859,0.790527258411938,-0.43416346615285406,0.46200013338772716,-0.20714830927898614,0.4074763634448881,0.6612437711379396,-0.10653393515058765,2
998,-5.707012613091965,0.874864554738199,1.4495210154741154,0.2861973621946978,-1.9114043798006115,1.2419748966332542,1.6920731995261056,1.0505263819217325,0.2131322018719719,0.12293091799276823,0.24501287978554265,1.230911441429023,-0.31717551617713413,-0.30390836196839466,0.9294829561966967,0.6789952708625431,-0.6890470985955321,-0.09561057451379806,0.30562167124163864,-0.3539701502743047,0.4173502954254017,0.029384566945917373,0.49225147505308725,-0.28082433251197486,-0.5526303188251827,3
999,4.473512447792354,-1.4158195545052932,2.2681066506314407,1.6004341231870671,-0.10251880558917048,-0.5014482647735514,-0.3362513873772177,0.04417612137253246,-0.730406009940475,-1.0675046613383503,3.038913369275744,-0.8659106152801936,1.3855278809887333,0.5981446402208916,0.46288178711375194,0.9210015706999135,-0.5128891283096824,0.20948229902175708,-0.20064473835015928,0.7089589762966855,1.569369491087194,-0.7553925571199389,-0.10482664986285783,1.681305447352777,-0.9134481708871715,2
1000,3.4582651689200876,-1.7995554272060603,-0.5844654272150305,-0.030403555892380307,-0.36343218860567816,-2.2633585654838746,-0.4219132602323641,0.24212498791820902,-0.7852495266592578,-0.15761405064975487,0.09018159923397728,0.3002510130353979,-1.2607966414589264,-0.12270649225346153,0.7103194896417026,0.1773178972760332,0.6632689398291762,0.5527438506935605,-0.06478225567314189,-0.8158299187893642,-0.11829714727737872,0.2223207790975298,0.0900083164134085,-0.17619456380470144,-0.8049952384520419,3
1001,-5.576606672314606,-2.05939267091584,2.8774617838877736,0.768160549121736,2.9608585233970164,0.7392246160530682,0.22605019011797234,0.4222124092765078,-0.6603331534623091,1.4091552753132297,-0.36648990103102075,0.9532052648367846,-0.04182201389924178,0.28244498575452215,-0.0023398219992153413,0.07158095421411059,-0.5348789614155338,0.2751078670304925,-0.297700029780557,1.2392316856496886,1.3415273196619173,0.32789852495886557,-0.4434515136055892,-0.04483010897064099,0.3304445961395208,3
1002,3.291071400091157,0.8095538568982388,-1.5024654002401057,1.026148757324481,-0.5190835039522935,1.2107948443371304,1.1625747135262694,-0.13249121342721049,2.4685865177703734,-1.7208955889958126,0.8352046352398705,0.34583472713039587,-1.5363212822976808,0.05561913192659351,-0.6370749666955572,-0.7504570693326116,-1.8253747758824421,-0.6086333338648888,-0.37066342354360415,-0.23347574082741307,1.5253391700497572,-0.20581150360988126,0.795856290810762,-0.766187929533186,-0.3034961794469637,3
1003,3.1058341870333646,6.430686007439249,-1.1195578007085039,0.9754142855524734,1.1576062104801508,1.1673910854027976,-0.49751182270002836,-0.8131732813151132,1.4292392473917506,0.1915504691188249,-1.500059340505268,-0.9446900008299817,-0.015659878784620274,0.8113651989065684,-0.12464584445514648,-1.2898019331237505,0.23947124573567624,0.30665547338794674,0.7151777895756277,0.28388851533087833,-0.2953478527780955,-0.07136663611794936,0.4571416046096925,0.2485449537532355,0.295519611761648,3
1004,-8.968689955712945,-1.155887367379545,-2.3881232237369208,-0.13493111342077269,-0.7603158456047875,-1.5400406537233287,-1.5637961350037173,0.772448310418278,1.5896832519685207,-0.22215435927633012,-0.9653115218011903,0.5284815366070497,-0.7484469780851394,-2.023755689296734,-1.713735021239307,-0.463185410647184,0.32279131985699694,0.25756687768211206,0.8574195952479062,0.5480946876512998,-0.2133008645185046,0.24442607281307074,0.2642566147910413,-0.6222849568086675,-0.8363217463070525,3
1005,-5.466352859692904,-2.124156104720921,-1.9061214082475275,1.2085813837758894,1.1724367732017351,1.0534270898895186,1.0794225374194424,0.8417263574012868,0.731045268818046,-0.9500795094945934,1.4603212902787432,0.38904131136262254,0.7662169606352807,1.191407501315478,-0.45767035734671835,0.43753985049966193,-0.08021596735156278,0.34786868422154527,0.38747630060187754,0.5803986804366439,0.25638222106699876,-0.11047208086605725,-0.5125017776074924,0.02025912102092109,0.4040679029002836,4
1006,2.9959173630553178,7.161902223737469,1.1549884484217021,0.540139008787532,-1.3842095226908944,-0.5775078028621317,2.484936161355191,0.021268146531043808,0.212793258295771,0.5860217750711728,0.03653043390318511,1.3688345712459715,-2.4513142709140463,-0.7129478881444727,-0.4246616562145038,-0.10231210658798884,0.7227314260454292,0.48847470754072475,0.43376300304070625,-1.1632668947476745,0.03626661406774845,0.036890724409430004,-0.5484174074171396,-0.5305786736447976,-0.3627304213020647,3
1007,0.5896184327064287,-1.7895648789663356,-1.657283257354619,-1.091682886174834,0.548545620087159,-0.8151849504079438,1.533401366264716,0.033945123676465405,-0.010574790921320076,1.0541746579202704,-0.6819643331688405,0.29588914589790205,0.5674345881946152,1.2352691673115195,0.416944793512397,-1.4818940881732958,-0.8514964174889339,-0.1357147126846847,-0.24705905706509212,-0.6197335848524657,0.031659945991973304,-0.11540356120657547,-0.5915595776523682,0.044709125340671285,0.4799642613839712,3
1008,4.508990560026232,-1.7527297877926131,0.969054846640147,-1.1760392798924038,1.7747548293895046,1.2984045964882935,0.2182244413978789,0.3886992927566446,-0.23505607621395885,1.6009759219004085,-0.874363781497572,1.0042463808999185,-0.30723061916920225,0.427460647582651,1.0392774059507701,-0.9191144879083912,0.7783337381601845,-0.6125860517586554,0.8484537485086578,0.08164155647806515,0.2842738393843644,0.34769376431730054,0.3141208181306148,-0.3890815696927564,-0.8455073796012155,3
1009,3.456583098364254,-1.7008906752453332,-1.1952649468452499,0.40074066705162537,-0.0848946292244267,0.4041822187123909,-0.54156817664115,1.324659820253804,0.19125023009936726,1.2326750703808593,-0.424988749169368,-0.08936720523560848,-0.8181854855231694,-0.3406154360296286,0.48815335401286475,0.44729494343691467,-0.71761813772129,-0.09281888500281177,-0.7186453250005143,-0.5918833542670207,-0.0335406676470873,0.12414480160272012,0.20208908808374854,-0.18507793841288478,-0.5660490344213192,2
1010,4.2438768589561295,2.8086797955283265,3.912266442012891,-1.0739389945413857,-0.20773254867898194,-0.8075468146338722,0.1526847170485639,0.4361664237491232,0.9127385248511364,-1.4887359422620623,-0.9309668368688704,-0.8611047546918698,-0.37317279755377575,1.1731775242158937,0.18076951181142709,0.47318924771203275,1.2856590569631212,1.0329820786548396,-0.18286175947888572,-0.2655428235461637,1.0327547165922641,-1.0920578830699992,-1.1077267375512496,1.2763139206358618,-0.7173207933313056,3
1011,3.4945420716536244,-1.8855061397981356,-3.285885622486573,0.9457163755808948,0.5045328639157212,0.07503394314704437,0.30885492304942996,0.38114912646251176,-0.23630778564887756,-0.05400597615117597,-1.1740688441101053,0.6710954731808969,0.5101294565733929,-0.6781001768522193,-0.4125350093356033,-0.030828267631118456,0.440662938148384,0.34597215527064495,0.9772485517452156,-0.09828942326565526,-0.11144974227324655,0.060601132741317454,0.35384810603726563,0.07686807448148592,-0.058567441180645885,3
1012,4.480817885204997,-2.489465996458552,3.006203176143207,-0.9816265811434564,0.11986005828691848,-1.1633255191765677,0.20355071722587192,-0.31827532082946663,0.6135519793617723,0.21539103639303592,0.0863495216949346,-0.5551369333781213,0.23439217663361234,1.4773604368063342,1.20071248611436,0.24633322283902692,-0.2924145828320779,-0.2013213370971303,0.7157102481361002,-0.6849264354353098,-0.24170870228055852,0.06017482487075934,0.4299006959420438,0.28355342473817047,0.14600746696748387,3
1013,3.3512442265418674,1.4415271473063553,-2.500404208692805,1.311767745933334,-0.30888261364294534,0.7657585683583967,-0.43582925955050333,0.5932632686627759,2.366039990079848,-0.41117978975681596,-0.5213021579366,-0.21556870397929906,0.8740411329610813,0.389836651001366,0.2462925479288498,0.6716103655024601,0.010947938379653133,1.2269599254811245,-0.3452059154412308,-0.45540022108830647,-0.01708789648060105,0.10739604306266204,0.2545715368617096,0.2498989297106219,0.15898640931264676,3
1014,-5.708847840486104,2.516531733868173,-0.6358191586605694,-0.014812221097300515,-0.4267397622783878,-0.26717343752754585,2.0608341892141198,0.16922908447908225,0.4023127743972674,-0.13151450829979683,0.986349932551831,0.5251429398458245,0.8665531827660664,0.6788497080072597,0.4975778675323753,-1.1266156785440835,0.22704712768361013,-1.5507960135986356,-0.5275271485377833,1.1468016914932864,0.15180189558352453,-0.31506997051080887,0.347125235050967,0.7432542637856693,0.05548757981584704,3
1015,-2.550611492412113,-1.1417055730145562,2.131230431638376,1.0600557054244466,-1.3654379876837137,0.9225227204954622,1.567451542410467,-1.727364634958985,-0.43911057608827786,-0.743226557773013,-0.23298358469583347,0.8406897897589674,2.097134293183771,0.7887512135903565,-0.2502849822633513,-0.07409961471279258,0.1062051535564914,0.2992136491240083,0.7230852218214596,0.08930435106147405,0.4475974977479178,1.255194011984279,0.8217116478093622,-0.5411404067307428,0.8446246636744281,3
1016,0.6351265710966061,-2.0387711409392963,-3.216321409799456,0.012823825333224903,0.6885819254678491,1.022756599891809,0.2648929989228441,-1.1351840500577888,-1.0634626884392584,0.17142203312876747,-1.9121662244493265,0.1581204255520008,0.5522438707616031,1.195969678180865,-0.1995657933526318,-0.29000272910211855,0.6182180175963716,-0.37804677083647187,0.6282151259891919,0.08572190735905139,0.007164868869269481,-0.2570752207886696,-0.46069057349538184,-0.0033542345569624876,0.5652743137495222,3
1017,-8.98806826555209,-3.151496504557277,-0.47142733752264576,-0.09548348611145752,-0.41702109734574444,-1.8600338626366681,-0.9534046472833277,-1.0578988456250558,0.8707421556633759,-1.6971098472247501,0.6258804172916712,-0.8090505082044362,-0.04801542887591803,-1.6968276815066847,-1.2451202946981315,0.4461255246343252,-0.0611464118097258,1.2157756166146418,0.8494821586749453,-0.06341628020301404,-0.3819412216567487,-0.4675020440057086,0.32746098278848995,0.3270050105578307,-0.06558825204862018,3
1018,-5.588588444033391,-2.7952906428855973,3.53112128786304,0.28201656334561287,1.0315355201074046,1.6117613944540081,-0.403725303571985,-0.31552877748194663,-1.228921860976362,0.694869023249791,0.6677691430587278,0.7352044122247179,0.14848996310651552,0.20356857579705645,-0.4221274976259621,-0.9175091769059602,-1.611747020654832,0.7927862628629843,0.6725541986842627,0.1959674461057639,0.9343352053036038,0.5164031623336404,0.13298347827153773,0.7904925155047183,-0.3392331343627715,3
1019,-5.704703609659603,3.951986925147681,0.7547513961167442,0.7360137430663998,0.6483196048366096,-0.7388203426305324,-1.2650207156510007,-0.005434575277901921,0.6423978362269382,-0.4911279425568031,-0.5126719415938772,1.4825964844856068,-1.0753362383420937,1.5676211662280974,-1.731557526417709,1.3667020243643577,0.3883562358103294,0.5691729477558702,-1.2611139312181219,-0.9353974701306051,-0.39106989441484374,0.09879759285433543,-0.33613205142312697,-0.44437724759265834,0.5761158809556052,3
1020,4.467731298651193,-1.6135359253565122,2.291494801972312,0.8354636006170666,1.5967068714995059,-0.485978638697667,0.7994226771645265,-0.13491955283771473,0.4254746893158434,0.7546361377324363,-0.056967801308213106,-0.2263394090497053,0.8456120665496871,1.0449738793699193,0.6269949618099325,0.6142606123702734,0.03917662030467528,-1.126170833199494,0.47081904170933964,-0.273133064372049,0.5737895774580306,-0.1569148647165805,0.43751127178329224,0.4748232859721112,0.012083545992287559,3
1021,3.297429933550317,0.663991179400532,1.1930318753487017,1.3343586040259434,-1.5494719563094153,-0.8953943972643719,-0.951033982439236,-0.3672177218300112,0.03886102935766145,-1.926828226698114,-0.08045634772270471,-1.2385894172819234,-0.5755796761725269,0.48700922570835514,-0.7261040792245885,1.1532373735512222,0.7357963390888171,-0.37150903694973314,0.26933220778885936,0.71434003168598,0.8289347497404442,1.2315938915796094,-0.7240470496831424,0.053208750163497576,0.4553452521702799,3
1022,3.490736315024046,-2.648626801550614,-1.2774690107121585,-1.6660361900160714,-0.6308640074010616,0.76644002358641,0.33300431967681554,0.5554546810677001,0.7375745331073658,2.6241548069948095,0.5482795404154175,-0.3311241108700953,0.5680531022359752,0.6777339783964804,-0.5237263913066004,1.070281777506839,0.07253750224164146,0.17734214024851758,0.23497586500321077,0.08388239225689043,0.1294222287146587,-0.2896013819308294,0.36595646262995024,-0.2616883888830074,-0.6247869136794244,3
1023,-4.824422532106265,0.15711524496130913,-1.5799927935423494,-3.8129951860203057,-1.8723766354511158,-1.827801458976478,-1.0909309368923457,1.462925834080083,-0.8406409107098671,-0.8088474191854197,-1.3187410571725515,-0.21471966898153938,0.7142934366735316,-1.8509808029217518,0.979528782392454,0.27450328932814627,0.8182820794852059,-0.4115253314223746,0.35870741901575975,0.08695081518557535,0.19448754227923487,0.566327094744665,0.18107890537896637,0.28227625901109155,0.24898462947817776,2
1024,-5.612359455322668,-1.415171455202465,2.877363092610566,1.3318547308089745,-1.7536572999421978,-1.3600785217746887,-0.9256194129048572,-1.8682291763157415,-1.351573101851185,-0.7064520338058509,0.2894301097506309,0.22145825085667292,1.2881812671930972,0.5533945244877434,-0.46222768560901345,-1.5380279885007164,-0.26821740968906993,0.3756694792192299,-0.6818246422267358,0.07639909702765368,0.046011972979600024,-0.2800351023436941,1.2337251903762458,-1.0026329755353245,0.9364015090446096,3
1025,3.4472778769731622,-2.693574969261515,-1.4311870108896154,1.1327863008385877,0.7831207908873488,1.6863826873732077,-0.5420319268065557,0.043688602542138355,0.43828657132121274,0.07536796749160557,-0.6568072965133349,1.6603829318870433,0.10650304167259095,-1.3074160410204683,0.680153168473809,-1.4368866624639507,-1.6516073149802715,-0.5996542126063904,0.8109349007219522,-0.21151972891092607,0.044512574682991746,0.04150797840298309,0.3982418674070702,-0.32729494154836153,-0.37647284320037266,3
1026,3.15662590036243,3.4146484149791947,1.4934174334328192,0.49298108249557115,1.3897994858383982,-0.42475322828927675,0.347417070927555,-1.2535488057925108,-0.15259553225353262,0.4636377896895625,-1.6291968977081026,0.31364206421043317,0.9861849595530434,-0.3073813145689692,-0.35069446970690105,0.7025499206536345,0.7925679227139826,0.3533065229223382,0.155555863505211,-1.1362550406710135,-0.231966942941761,-0.37932910070875103,-0.5410298764342956,0.026410183617652905,0.2044075291633816,3
1027,3.2882103105023557,-1.2327730557800796,2.8083683026135597,-0.013684707589276535,-0.8624425661375464,-2.0502162423378896,2.088067901869848,-0.19024669490079216,-0.38452702405535266,-0.89578462354523,0.9511920452849142,-1.7364827586868181,0.1868018541114651,0.22187480310532948,0.01818812624515309,0.7923456927037384,0.47314738042360416,0.24207662173809252,0.6125628133005483,-0.40102123655833566,-0.49094385598240275,-0.06172117134730032,0.9796789040415359,-1.2854906097484928,0.1534184103719071,3
1028,3.3957639196331417,-2.617314331303633,1.0432730886269892,1.0646040874904084,0.9564935683636646,1.930039046453151,-1.0240418467421186,-1.0582885843844678,0.5879626940030978,0.6654102011429673,0.34491906499215297,1.4417088294994298,-0.6189465529125842,-0.4843525528806827,-0.2630264454522135,-0.2377905035264205,-0.48360420477341926,0.34160862982533313,-1.130679148264643,0.46310700339098365,-0.12854760291674294,-0.3068871905777846,-0.289786361240605,-0.3216954901913725,0.6727135483904279,3
1029,-5.827064101372075,4.670262176582266,1.2208045843853543,-1.483686389064728,-1.4861902688699704,0.3321311521511734,1.5166090605972196,1.437152305595002,-1.381495099060624,-0.6392475425150079,-0.05308055910113052,-1.5578186924306723,1.4739701313743296,0.2910317705490284,-0.6646960240527878,0.1375061654533276,0.22553049345106446,-0.5291447311930901,0.12647910566643272,0.2520984780091723,0.2649005751103609,-1.3814981806033078,-0.29371034803393126,-0.47652912299619027,-0.3843981349315204,3
1030,-5.466347038767697,-2.0652092548198295,-1.5855767900584434,0.9797903394282783,0.506867577414365,-0.9375685775701259,0.1484099452569927,-0.663651768823425,-0.6929612078056078,0.3656242856344307,-1.4099308038155585,0.29015598325688785,1.072145927158433,0.7815004027673962,0.46599137672666446,-0.31500242878744444,-0.7404875828875022,-0.18041894709701145,0.46096033277560444,-0.0190922580162729,0.27417751466480045,0.09598287889357351,-0.5514925983006532,-0.6386125508265428,-0.3156843455678625,3
1031,4.4806713319967475,-1.7168728976436123,2.54308316418578,-2.182418461503726,0.9604285058876505,-1.182031659929717,0.5190021511012164,1.2027362231986252,-0.6400194513854625,-0.8268277726822542,-0.856913895394142,-0.3582069278792568,0.6846961734358161,0.36315029841113255,-0.5113635948717776,1.2268920541975623,0.2862225173521593,-0.5526287904357843,-0.10249100447395687,0.696500546730642,0.0019743369478264494,0.3397467446426605,-0.43406747871812357,-0.9067052791095515,0.018936837363317333,3
1032,4.531752630855317,-1.696452985970131,-0.7326583904779845,0.9119378686294382,0.8156573278424892,0.7582961465707161,1.075822649899587,-1.3712903214496166,-1.1638464356473979,1.3443026317224738,-0.8115220655318887,0.09419286375547964,0.6105259474213272,0.5636065923965043,-0.8631491041254674,0.11105957597346428,0.05584042878237305,0.3039517938920069,0.601684149791724,-0.06420277582700407,-0.4149948083840266,0.08281642837331338,0.3807461999375366,-0.3149415999567554,-0.5381497662756032,3
1033,4.392004459303058,1.370871432472062,0.8681959088551221,-0.9985810376748865,1.394424027184421,0.4245600568328136,1.0683353549798387,1.482017096693676,0.4420057634879986,0.756365279934985,-0.09935968201135892,-0.3393729223296029,0.6398358033695897,0.8685884729939475,-0.9495607539288149,-0.7188400720636694,-0.020490798497620588,0.26342755746767965,0.7649403142318238,0.2763382724146185,-0.013508869870625828,-0.1655423436391657,0.6795171109399272,-0.08296418059514443,0.524195797269303,3
1034,-5.662295858596391,3.9219619110437627,0.02937504958080206,0.4643690540163621,0.26308110531055395,0.09298386191214547,-1.8662613599958542,1.3490826447332784,-0.48906466604767207,1.0462744105379356,0.7126661334471783,0.9352783054526692,1.2175036287002747,0.9948921763839209,-1.3204669197011079,0.6269089662502725,-1.1238436369270222,0.6469152168337384,0.8847371531002053,-0.37924746821884886,-0.4891540939101616,0.07596289310495019,-0.24442751226225765,-0.49261597641268123,0.5958310861294949,3
1035,-12.469761253507839,-2.3707504429086312,1.2449024922679193,0.15466784524571686,1.5098963833817927,0.41909861971953344,0.21845477846650985,1.6005865915786086,0.6782319753601662,-1.3652322356499929,-1.421862803114461,-0.8519188974904207,-0.2304049411935949,2.536013048466521,-0.2776391558222302,1.1274935094643577,0.10384076237231854,0.4679398164713078,0.1787348409200109,0.31165611274311256,-0.13138442555929242,-0.5241416896749893,-0.179250641208475,-0.36547342522037757,0.6691310464212095,3
1036,3.269023026210485,-1.2027328836473634,2.4312767709862477,0.4891320009023272,-0.7889011207179311,2.3675488443615182,0.36836065547677954,-0.6336203516945305,-1.7137096113505061,-0.6864296129764322,-0.3354139827219955,-1.1698343962528734,-0.372300658676775,-0.9006660284456112,0.3875841196575486,-0.06076748752227745,1.3017911717895032,-0.1936044395442953,0.23104078278143803,-0.9455556580404751,0.19059025879557523,1.3029890047560022,0.4519581421665148,-0.2572728178347221,0.6177357249593507,3
1037,4.405560726884863,1.5376749485172363,-1.7397055256596279,0.1250123806418002,0.15913232706587643,2.040324972536659,1.017123585983179,-1.3266420116130186,-1.541148949206636,-0.3509760035385358,0.5766131064555654,0.2872548745692063,-0.7540118218682892,-0.1329273489518381,0.554571468201477,0.7758604638451589,-0.976431323361832,-0.13829644585820144,0.151855160528243,-0.1990954429111798,0.4060202726132969,-0.30002634080605384,-0.29389621638820873,-0.7790472054391971,-0.3847461892766554,3
1038,4.486807800954638,0.34863400626413243,-0.3454018823286956,-0.6531940774760017,-0.027293814185038623,1.3094817824428975,-0.375171606305559,1.213179395515065,-0.33055313583931767,0.08268598735309374,0.1369550482733316,0.47162375378084676,-0.4446325720056641,0.47177348087854987,-1.2696388315229334,0.24673927151087782,-0.15754739534440243,-0.7074810868726442,-0.3129752430140509,-0.26401125083093613,0.29963342435364476,1.2459320279753694,0.12105494763493402,0.2943782834419971,0.2197950091513561,4
1039,-9.29132938445318,1.769784241616379,0.9113118745974214,0.8346346013304591,-1.399185232777832,1.7290105921857335,1.1083834342390304,-1.2179941495838273,0.7724847851409313,0.9988315276266918,-1.7056785284802987,-0.008579851083474477,-0.6302200083063707,-3.1747089927563565,0.5308531905629138,0.3255662516283042,1.183940028364486,0.41758561291325247,1.2382655090951329,-0.8397117540893361,0.21454366045196616,0.3506095105041327,0.319327499131505,0.2573134621620773,0.01586654463018347,3
1040,4.592493623826202,-2.7493947797062592,-0.49214862523174896,-0.9173558019507153,0.3525676370852333,-1.2092760560695843,1.5868785527585771,1.1813145900171693,-1.0418384045594822,-0.35573024059796704,0.6332597021770883,-0.4391254904905195,0.30587589609592136,0.34050262031208,0.2459105925786358,0.32486999911092207,0.5272028815460703,0.5413318086219379,-0.92532968590966,-1.3945922760877676,0.03218399938818828,0.23300339645258716,0.1654429201060112,-0.376302394637243,-0.576851464618326,3
1041,-12.719732864965486,5.0749756465243046,-1.868624098726194,0.946882577633025,-0.553877363451991,0.4547307066977617,0.0020102623214537374,-1.6006760354717953,-2.16049540366215,-1.9371774469220222,-1.922247779669729,1.3851792044007665,0.19875223502797001,0.29392536009502956,0.8287922983653923,0.7365526318623683,-0.8181077275886073,0.13088578339408397,0.05468795040016783,-0.32101138309180716,-0.2747807153061187,0.07887725425837344,-0.5063004140951568,0.1547317389123376,0.3277641561667841,3
1042,3.0765909371990308,6.22548734650305,1.5432752453339196,-3.0349037629601874,1.8385714093570729,1.629978437760451,-1.1833722341387112,-0.8525376838962837,-0.07065336511097664,1.7092389705448343,0.04772020888247952,-0.6940489959915239,0.6511571762208983,0.5905500738554743,-0.08183707908011806,0.897630794136433,-0.1593302826640941,0.1685723708061313,-0.2251999069940278,0.2624792463871667,-0.7635870391909984,0.1192235449993039,0.5141643240723832,0.12909383538832686,0.28101930058531055,3
1043,4.511056508745787,-0.5583288012224581,-0.9974740900369876,0.6615060132248112,-0.5873312513585098,1.598406366428971,-0.4154450011110895,0.9372077344892062,-0.8315378472396664,-1.54015874936287,1.0672496808906093,0.25336338121803204,0.9190282789121715,-0.30541051712739364,0.5177318101777618,0.7581659387689514,-0.16858816261672915,-1.8242243456293852,-0.24546666300178344,0.41359179235853416,-0.42096236333045656,0.3369203422274337,0.22259202537770545,-0.04904114320923336,-0.4622150309150327,3
1044,3.4583725084214176,-1.7490716997213696,-0.07047164959758567,-3.278323990657472,-0.7950143126378025,-2.062199194575354,0.09608009116977811,0.47892194068159855,0.46126045636637736,1.5024658571833323,0.36671258668730977,0.7855917670971997,-0.04506295272550154,0.714495865951438,-1.3237936542677091,1.545803478970464,0.15395648783389215,-2.115761170385931,0.025569963960164976,0.03446211287702916,-0.2925339374217881,0.08344597499242895,0.6220084661085803,-0.7599743250123487,-0.5093910122920263,3
1045,4.473507078019432,-1.6336813654036497,0.8129423539567109,-1.2566826514604088,1.3035083435373325,0.9624659324734073,0.9399459076892613,0.6752272072394438,-0.48947953342311656,-0.5752810369461828,-1.2144896655405553,1.0859333476253763,-0.04411340304762468,-0.35348817794114595,-0.6644515993987721,-0.7658223295524,0.14315776177404516,-0.4073485588343311,0.4633522945618278,0.9562839229493814,0.5361881741100846,1.034091619209752,-0.766914740699568,0.17290883474313246,0.5513223284718762,3
1046,4.53149223922331,-1.7237464870792403,0.600172339797159,-1.003143506618243,-0.30059388297064205,0.29540749727012683,-1.3104916982185786,-1.4947948610266935,-0.8431759215199262,0.25403310491729414,0.2621410477598398,1.5606593165746947,0.22940938911867326,0.6848294083738733,-0.7849800763783189,1.1508812324248012,0.05977441007465489,0.3802048322127627,0.49750492939205015,-0.0581476367991135,-0.3717341743415553,-0.09902781056654741,-0.2867633322875241,-0.2801229160316759,0.5981327168653778,3
1047,-12.645682629953678,3.696305132318618,-1.421954576769873,0.2808301446223136,1.4657845883779677,1.2961270599896237,0.525178497721321,1.1184919914990261,-1.004922446634879,-0.96926500253625,-0.26215584579442086,-0.017111210422533718,1.0289121956265639,1.268565066117469,-0.7978032720401179,-0.46999932024361235,-1.2384375463658048,-0.05223090238561623,0.2865451081070254,0.1627187473219981,-0.35999471964545904,-0.27370116333532224,0.3429670169927334,0.6293767537579894,-0.00249184267130248,3
1048,3.3647940898417783,-2.586391939127554,2.7348538362957653,1.2903523996008226,0.787663066291046,0.34668618141144103,0.12384658024761608,-0.33212400942559794,0.05795510713009566,0.4965367094420722,0.35972358235971,-1.6683293312652778,0.04182446879306978,0.7627875774584125,-0.7888959943122171,-1.112495419204968,0.34766202621971765,-0.6572718529957533,0.4134513492667269,0.622797083475658,-0.7315823938766496,0.27491299324055213,0.3440923647527328,-0.3487821074568945,-0.4509809317209229,3
1049,-12.503755139867971,-2.2089597374685233,2.4355239148879866,0.12397091168912366,1.1798300851974177,1.0328213293709068,-0.46724047588431894,1.5510207149654773,-0.362525556390493,-0.07900951312703253,-1.3082008165437504,1.6827501708257495,0.43187714042030345,0.9357127573500739,0.2343689503789118,-0.24125419478112997,-0.6132226825337512,-0.06745907655258776,0.9282638921523141,-0.36544110937324503,-0.32302578662382386,-0.27897238109110256,-0.33791550764095624,-0.8153924791543343,-0.24460954094875254,3
1050,4.482643710960231,-1.8951773563533088,0.5477715855699543,-1.2528929402532811,1.8093059057542613,0.3948873132008188,0.5945848448614255,-1.1094483541939444,-1.9868792411590543,-1.4343551966657753,-0.80461803142274,-0.14995557994513953,-0.6581514186781852,0.1031236381414975,-0.5416250070800008,-1.021352517973858,-0.09840584475481728,-0.39761311215733874,0.1450355944285553,0.7474443417768684,-0.6493122253246276,-0.2213399029981752,-0.4070876073099828,-0.7011330359185102,0.03916877703555302,3
1051,-12.49347134981527,-2.938801409763213,2.746450701280427,-2.0164379148195053,-0.7045936912657033,-0.47636414150499906,0.8567421853186001,1.0882293002662768,-0.31549768341333495,0.20086811312712993,-0.19178649305327844,1.4783508715924318,1.115763853680951,1.4117068445848608,-1.9347170416196167,0.913126673319316,-0.31799649326456314,0.3678274671957462,0.306518920692489,0.10060654153209647,0.00337886050542624,-1.3276433233532372,0.5606508785044579,0.6046376445206906,-0.25350788471330543,3
1052,3.211417913234774,3.5044807111184753,-0.5760465568161085,-0.25238092542894464,0.5395267661621823,-0.9572416163045452,1.5409166761764226,-0.06102170098713677,0.9367670101992753,0.3556909067421892,0.45285238401941486,-0.39055165523144186,0.796923554061832,0.37865467284957943,0.31645808885218685,-0.09600042152711308,0.4763039034008858,-0.7654247841410116,0.16616574173164844,0.43953822639668627,-0.32081424063402175,0.4750499462056472,0.12999592664232157,-0.004464669054462522,-0.6365366477984937,3
1053,0.5321380269360816,0.40716009368500305,-2.1048632334368316,0.860014772801502,-1.2645834453499303,0.6543117526129629,0.054451253960428936,-1.0110614738566688,-1.8959738582615175,-0.09635660073758484,1.6441469378591955,-1.2621319243526266,0.6728711340153031,1.1801987973549077,0.553585736160069,-0.6530739691786325,-0.5179828572752059,0.4235225507782827,-1.272201496432143,0.046609884817363056,-0.6960517453190153,0.2391019546611931,0.1670499868661482,0.5035894759291629,0.06895409747057643,3
1054,3.3025683801311683,0.0868019474771331,-0.13131276203257802,1.6661984265912246,-3.2923046914349055,2.1459300075312018,-1.0403903416052929,-0.1368206446623612,0.6680866861296786,-0.06281200736837289,-1.7250946522837378,0.4346980990587368,-1.2914819144988998,-0.5133629912948273,-0.4305728499866066,-0.37154074264716197,0.4812826166402302,0.6090368783465223,0.9836819382533264,-0.04741158409763102,0.08649381237982234,-0.1076329262327162,-0.504434341510701,-0.013888012989388021,0.4639079625728333,3
1055,4.538193705900772,-1.6880854089680106,-1.223831562682215,0.9912527191790255,0.6792636300770691,1.2492723670222845,0.8307526192617605,-1.3828249412954918,-0.9602610838321586,0.7577576686488249,-0.40099318388081695,0.5839420099602135,0.28271317342743707,0.28485331724329255,-0.34722976856960974,0.5223797235417234,-0.1785295203347943,0.10279213307086321,-0.7646813845410758,-1.912710997668569,0.036668551034151564,0.48421749731665925,0.21696831368826203,0.3225825145803768,0.10544664566961878,3
1056,-4.730739538336058,-2.95795892068815,-1.8994215904446174,-1.7340259108168934,0.13892088920279955,-0.020231875499829854,1.1047852221460683,0.9884422684439174,-0.7350197079274747,0.7277694881418894,0.4729231533632934,-1.2187726725315373,-0.8174424151232607,-1.3816475500749557,0.11651410805052786,-1.0756722574357958,-0.7403971385763699,0.3129717135074044,-0.4939210953280402,1.1772750134798775,-0.2974527167251906,0.3780633345883351,0.007593218453861461,-0.019475460961987823,-0.6485276880112051,3
1057,-12.598075700572302,0.8129616573342116,1.1447743126879322,-0.3255465354582978,1.2684872633898314,-1.0032297326085293,-0.21604622255996198,-1.0774540227500833,-1.7961460141914427,-0.18560431362833654,-1.3266570964795925,1.461980456779565,-0.07226830746243618,0.8861238370465077,0.8739253597587572,-1.5539021503021642,-0.92337937887707,1.2733680453998524,0.10923447738683922,0.5539972453344346,-0.04962711217283822,-0.051206695334858,0.6557589099364505,-0.6832185105710344,-0.4405500271117275,3
1058,4.512696267251817,-1.8174134019122161,1.3109493686828115,0.8754454544871293,1.7954554251821577,-0.033344745811877186,-0.24480525109158835,-0.2008572240196309,-0.655970535131412,0.6263309216269127,0.42623350459054843,1.1935179212186808,0.09229354158729053,0.24273586144349268,1.5465321218084553,0.049705820860732164,0.486670179436119,0.33967753183704996,0.76295596847116,-0.31440455284422114,-0.038758963131960034,-0.12314958630369544,0.5432428290083757,0.11470012222875658,0.17783921548785994,3
1059,0.702350303002305,-2.095323352880592,-2.0656158041712924,-1.5050980942379426,-0.4474376845514471,-2.226889483860142,-0.4040996507355987,1.3834076105540216,-2.3605112630583047,0.652923886657511,0.4267110388720987,-0.9399294068497154,0.5502560496637527,1.4315211417488962,0.15326522764131545,-0.6875595581423416,0.480612340139948,-0.5623297649718286,-0.32002412479673703,-0.3478801649910588,0.10167506780019331,-0.012641022896933474,-0.6587094086528775,-0.7251906824400449,-0.5666280719209713,2
1060,4.419035088065604,1.6160969562351974,-1.8185782726212074,0.07105314591563605,-0.10260982051916512,2.5192274166307054,0.7289246008706711,-0.2946732341186161,0.26411397176102813,1.3358677791329243,-0.5234492227623262,1.766406846336031,0.3415985210264627,-0.045176028836642956,-0.4357765336884323,-0.4586466357665617,0.3450343287024178,0.5167325795283135,-0.7562899257309268,-1.2279511967432803,0.26208674995944636,-0.08455138120541766,-0.610923535525659,0.022866549301577055,0.4146823753682062,3
1061,4.375775664356576,1.385880846657642,3.262662372577603,0.31515118110090956,0.3681551648018315,0.8296629707668575,-2.3863407286804907,0.47741575733763963,-1.9269929918806055,0.9669299379234678,-1.3957172569150151,0.7086397064028191,0.38660387966400345,-0.2982270767521421,-0.8637043707282244,0.5926459888940654,0.6443094542285843,-0.36882176566139746,-0.5038573165161386,-0.5322887766116438,-0.3885724622864385,-0.46377383112654225,0.6154857200903587,0.058822651466902354,0.21393278673521973,2
1062,3.26478349044603,0.08146579554224909,0.25557305452208046,0.17001208533082268,-1.2322250514462725,0.6858762448551312,1.7280532659704102,-0.318491916745686,0.7617597739305482,1.2223098216351236,-1.2726594833328317,-0.6342882555133857,1.422766839637689,-0.9380861675184036,1.4223688463318158,0.3137717318036266,-0.31302112602448706,0.15611211469226483,-0.7987608076801014,0.7209117509760579,0.30290882765995786,-0.200495817150443,0.47430624247860814,0.22250446017313463,0.24464283576753068,3
1063,-12.52737599591061,-0.18040157979078897,0.39098390665274185,0.7508585395580893,1.4445424585386688,0.34590425555365023,0.6266036370644743,0.4067854237516695,0.39155123028176275,0.8381245108480521,-0.9024392441983418,1.7350767444257644,-0.07702106578045287,1.4783930928198972,0.16687509321742744,1.2167475845648004,-0.8707303349373375,1.1020840094127005,-0.420590442340004,0.6096504281992705,-0.05326045276364233,-0.34745453195509624,-0.06474579129448144,-1.1754992279307033,-0.0023554001372227684,3
1064,0.6786172839812856,-2.168337259590232,-1.815813623594583,0.6561070736098773,0.5001326523431819,0.5659153701349391,-1.9702444034093691,1.7366851173205675,-0.5642651307984652,-1.136199684071559,1.8301235580163997,1.341766384688877,-0.7659194691588151,0.8432276917834063,0.6201766829478669,-0.9265892877572255,-0.40612604675291375,0.20014454283334526,-0.42155381913370893,-1.5010239832579841,0.37135529276332935,0.20927545786900037,0.3141520619371832,0.24896639200581283,0.27229911787650196,2
1065,4.517602659828965,-1.5549544463499085,1.711360224162908,-0.7969361497214837,-0.26060235502016593,-1.2818991120341385,-1.1000256534073687,0.8696983154642428,-0.5369345350039985,0.20321051165180015,0.9643065287825358,1.3248356589434032,-0.3882664037664181,0.0773816994828116,1.3548530540828407,-1.0483766481303896,-0.22832130025412156,0.25089799282295466,-0.722945911504671,-0.12211759499088237,-0.523183562430504,0.14566138020984795,0.3196361521563222,0.15911095500064776,-0.1150104129201566,2
1066,4.495017774865916,-0.5825994692254608,-0.4178267478021046,-0.7610490726488934,-0.17330026907240048,0.8623798837230479,-0.06459232648928159,-0.9887186557067568,-0.812388346350553,0.3152613002935727,-0.7158648399610485,-1.2909985165250495,-1.574160566543332,1.3667798108717943,0.676389891327711,0.376784514245432,0.26878371983414073,-0.48814378608954767,-0.4059056316623222,0.6752865731727222,-0.01990633712035983,0.6585549720346289,0.07799384829817874,-0.038204681809846264,-0.9855639077907686,3
1067,3.4600008358548475,-2.602846865328284,-1.3904653152128807,0.6581855385836959,0.10444224508699484,-0.6026780050102798,0.837098545311894,0.38179267430191266,1.376276263895683,0.16160284546981518,-0.23295456380024837,1.9636226197449642,-0.7490113190815757,-0.49049343771562137,0.6115212515522263,-0.32346151249933874,0.514400100861895,-0.5752202111386606,0.2901771942477773,0.5145221083532401,-0.10674143125513647,-0.06664516446601632,0.3737008663059697,-0.27994242439874767,-0.43690266374543274,3
1068,0.6617082986186968,-1.83455666372432,-3.0408713005364545,1.0105429178193934,-0.30743192639709627,-1.2811227133283458,1.002494898159421,0.24010982780028023,0.6756361817546113,0.025036540865667867,-0.14591060616648166,0.5074789127125516,0.6235010536145036,1.7697204469717152,-0.28265580435870286,0.16640564170465377,-0.1593429962076629,1.0806718876372505,0.9754346894471988,-0.1520420540182401,0.06657289007292166,-0.10031706291634623,-0.5344761741990826,-0.12913527666083024,0.09439539206911637,3
1069,-12.637111212812561,5.458120064098125,-2.3500585442108965,0.883227997087968,2.3271331196984413,0.46117837408236273,0.262548851883897,1.454950363979962,1.065477688067979,0.3677866460969963,0.48841274365589626,0.7674818150018909,-1.513074819610041,3.030450391839594,-0.21746418508577764,0.28489748593611175,0.1536173269460852,0.40131693516262157,0.5068159529127829,0.17814750710721283,-0.057281176480995843,-0.17317810857495758,0.5856408371323212,0.2592185617894719,0.20610762008134034,3
1070,3.1521586334126805,6.512848904861821,-2.075696308399442,0.8704564384765283,-0.2469461347053752,-0.5276362499077165,0.10889458454494383,-1.0772578340070895,0.8892842928749265,0.1440595479971003,0.7709729906268528,0.31135227278284194,0.8405446905695158,0.6612073969915089,-0.3140197920896597,0.03728299344599062,0.8546207580187635,-0.6611323812403862,0.721809281672297,0.038670490168827065,-0.012581002060696345,0.29502277096348795,0.4076943541344546,0.33881073428309716,0.21767795338359222,3
1071,-9.000517729888147,-2.284763632876795,-2.0424968956802325,-0.2800864192891761,1.1600075583137224,-1.0295059685353816,0.5469928248588687,-1.2786171191287037,-0.12738963955344307,0.5141819287309443,-0.6088144873570389,-1.5030163226981204,1.053498318603726,-2.043174800027825,-1.3780127805031228,-0.6041512636684722,0.09590409005432554,0.21622362374472148,0.52246595693622,0.3418907009954615,-0.1953429512069491,-0.2412259361971889,0.28012080646910004,0.326889554384454,0.026613872745865547,3
1072,4.537876261390645,-1.5459578945668317,0.21027109075885386,1.4394700812371863,-0.4427035675945036,0.16834251599661076,-0.8984215310850394,1.2386134809853964,0.9478039268183247,-0.8439352761405627,-1.3137857084422173,0.05261228174435817,2.6509072165471537,0.43794198616343283,-0.8081872652746619,0.10542293428612548,0.25783800838416226,0.2948555671833266,0.7723876629539421,0.1847982064021978,-0.4385599644731334,-0.23080434314394904,0.44322234844631364,0.12433224069238646,0.24679954116468442,3
1073,-12.750240697064418,5.3363621157560335,-0.21795142259099554,-2.3890352518723557,-1.833466158725361,2.1469630440072476,-0.709878160236129,1.0627347615843274,-1.3019882432232712,-2.3604331347515446,1.2183526515782663,1.2904472823381496,-0.009011757990022184,0.5188146701985643,0.11301849761643123,-0.008123950005916702,-0.1643630138518215,-0.22812159683937905,-0.20513372936891971,0.9867181026168119,1.3028313623117218,0.15144682594998526,0.5922930514620408,0.3199259455789175,0.29762017057035517,3
1074,4.352998530871224,1.7321578998366034,1.413052733147618,1.4478628861621963,-0.02033562389449728,0.5692545514295695,0.48932524590072957,0.514511828003716,-0.08927765497789464,-0.17019477173720404,-0.9710530082715987,-1.921982642705286,0.6731489683707603,0.5731316087309921,-0.4748995094045494,1.278389337989006,-1.2028008955730642,-0.20826793219122663,-0.6708449775576966,0.5605820265137524,0.030668749904525505,-0.3085015288568351,-0.05785254067210488,-0.5670065555620505,0.9253502165792695,3
1075,3.3164742560158036,1.3315339896805343,-1.436773623298465,0.9396735452921745,1.1511049645937346,-0.1509919472938015,0.7413827108699111,-0.9787753458018104,0.08461492653080915,1.6966567578608998,-0.08027182552013223,-0.6269858759895202,0.8477898886012571,0.23920681783177278,1.311908354103576,0.29695394220697646,0.20968667900092486,0.12915979094790497,0.076395372382152,0.09306054117945373,0.04270986206786098,-0.3297676851300908,-0.3931786561524683,-0.14688437292066525,0.4811599537002693,3
1076,4.365514494064476,5.237717622634877,-1.0709354704869058,-0.4412416880751868,-0.1419878842436143,0.6059981112450998,-2.089973686036482,0.7501228528783561,-0.5100887639406348,0.45375524359940533,-0.13769907441908003,-0.6068205678383198,-0.8152955849019746,1.3409239073989783,-1.3778644384662249,-0.14546682031221803,-0.8411892170970077,0.925430208187449,-0.6685154016177468,-1.6002930456038604,-0.2822761945897101,-0.057362390194417356,0.26289566889245547,-0.4748623676449744,-0.9806931456734499,3
1077,-12.560589868911174,-0.5371857293285043,0.7282235452109027,1.7655696553881755,-1.5470863686057212,1.1463396136781596,1.3917375740183902,0.8624458179569614,-0.6829938640046165,0.4677747910686232,-0.7159183277131729,-0.6017518394316848,1.6781346522582976,1.0963972201254228,1.0939128770295121,-0.5858535796172604,-0.30407147764158715,0.23775024549581492,-0.12613736875258819,0.45940849380974846,-0.8093373386194908,0.5106583428275562,-0.9147743800302508,-0.221659492724136,-0.6083426092424247,3
1078,0.6398572808531924,-2.0123770072621374,-2.9816281492813257,-1.6541648219180358,-0.14510276890467122,0.3485857930539584,0.28038942970808645,-1.1541027896685898,-2.2813380674855104,-0.32811904614749815,1.0940851548410577,-0.3245339839973407,0.30395185233349764,1.0043438999449297,0.7511439008828041,0.6156906892790577,-0.3866481112796569,0.4586956905486135,-0.28311757731019993,0.23141743311884344,-0.3082297123414822,0.008205061886761733,0.29423959085070756,0.5019606321909401,0.11849409828736532,3
1079,3.4696896884536788,-2.8689475187208346,-1.290516613549982,-2.0391405275444674,0.2788161055461502,-0.9829151235197042,0.2859728860262658,-0.7338940446301284,-0.6279011546087436,-2.4568153439453932,1.522373736964275,-0.12298420654985631,1.3546952286065554,-0.31242674418083516,-0.47189616356804376,-0.019614261207308692,-0.0463739369194327,0.3986837305141977,-0.46773004468557855,-0.04841062246307415,0.25635257786552884,0.07117818378543178,0.32779359186070317,0.04962480195264252,-0.0940573738898922,4
1080,3.48180881819839,-1.8344819318340209,-2.0539107137008514,0.06621838993971796,-0.4067966042904192,-1.3507284380383544,-1.2035774029096162,1.4277485739374463,-0.024807743612801136,-1.3876168311556862,-1.9082771419706053,0.8725753671496279,0.02660436532714039,-1.0348642017281742,0.6825309711409889,0.5304716350832566,0.45592506916599174,0.5441308407165648,0.5564055161167003,0.12209420467385357,-0.04549543080230267,-0.34269272958152397,-0.5567395076015141,-0.11748869285819796,0.46600181137280505,3
1081,4.499730219974085,-1.522599621325273,1.1109104315768963,0.344534298796471,-0.253068936787051,0.2750283076158384,-0.18857067272150774,0.3955162657505724,-2.01094039479538,-0.15724372128252945,-0.7024968461870873,-0.3094174940801455,0.2022010628425681,-0.25955001434747227,0.5599069909868241,0.521788298497162,0.4741574150939387,-0.4084542543989893,0.1432461346132401,0.4514069359163482,0.18883069418659737,1.90474754306556,-0.161191750053374,0.7044237497178681,0.037837497851038626,2
1082,3.238050375659986,5.979142144706069,-3.390323547335078,-1.8965920228302016,1.3015740665190878,1.7871503828867428,-0.6559301899677554,0.6522540897296092,0.31567567667496155,0.058547546339235645,2.765455555623814,1.176716453938616,-0.5331416616316027,0.26762730576689564,-0.5619451576565736,0.08619190399547061,0.1917393117453985,0.3432617378975982,-0.046463919719935465,-0.45558813533349796,-0.34190992325573444,0.058375128740783266,0.22985329124028803,-0.33151060029177576,-0.9432957116225447,4
1083,-12.50686279007494,-1.9769901048928809,1.3437094797780855,0.6755790214018362,0.7584968143615782,-1.8271995386326836,1.0644174443624301,-0.782002518840816,0.2027952482784845,-0.46411482042445745,-1.5103038828370445,0.14641743503348126,1.1954543410856533,1.9896376719668845,-0.7628097349964773,-0.3935525027405422,-1.438453751319235,-0.1771232104493321,-0.13032887257973935,1.1102314810169813,2.180593869958656,0.36848775536369227,-0.8715443986303286,0.7894338981667287,-0.22866383120090097,3
1084,4.2900574262894455,4.368050401529851,-0.5590664992637931,-1.327892828279177,1.4735186739682324,-0.23869058324960646,1.639099773338609,0.29807577740619107,-1.1098988902906046,0.10147238244898016,-0.034873283039302816,0.4145868590773629,-0.5416053455586671,-0.005431715096924528,-0.26359195008103065,-0.740956928093858,-0.5204881767691945,0.33898260362747124,0.08431978062386136,0.5941933740814342,-0.494208966116387,-0.0182325887026758,-0.6096080905339218,0.22181422830629782,0.443780939242731,3
1085,-12.507148469548914,-0.6467541062591522,-1.3319892869661878,1.0488838672038985,-1.6199980033820358,-0.00343637814166442,1.4890612651875053,0.854532983975532,0.05447585913236308,-0.6256615512596249,-1.8403059802824784,1.5417536963360288,0.06304696366403939,0.6451219364427212,-0.25972881947779425,0.18164007723846765,-0.848787386676987,0.03288012291009634,0.34259430684272507,0.08910634198539047,1.243134573343717,-0.3211177170153786,0.8214775932990708,-0.7065136614704114,-0.2558737480037863,3
1086,3.2762123357952913,-1.0332342269458517,3.6529005338663767,1.1536642735463887,-1.6335103630210006,-1.2697322369616681,0.2219327822629511,0.4552113298606548,-0.6364530971741384,0.43330254009127256,-0.30191384395944376,0.02038335251971657,-1.3974318883331978,-0.5899926134959487,-0.5788663291593786,-1.310175510542957,0.5187918151667961,-0.5050284243857459,0.6105445986391786,0.3613555368585435,-0.07977474188794453,0.1889447094235569,1.0912106935152823,-0.7554781152021489,1.055964371799471,2
1087,3.2252413213025566,3.7240044730558024,-1.3851185611600205,0.4430899690676342,-1.3265424703129565,1.0993788618008744,-0.38540345289566735,-0.9710593141511931,-0.5005526633284463,-0.2439172213129072,1.9959325187712285,0.07491029396609106,0.5987546853644616,-0.25352320371411685,0.36185338580105175,0.6551878866464516,0.6487174206002484,-0.4850815107078854,0.19976581592425147,0.38131880642673965,1.185515185965087,-0.47168019902454617,-0.1410420095760413,-0.3353419986751724,0.6081892709751586,4
1088,3.1840134667811686,2.2746950972247433,1.6627357572723425,0.44159024667429625,-3.427852211846904,-1.4747432771347804,1.673236999456675,-0.2569491449565532,-1.4480042930410686,0.9530066297409133,1.1893548723182614,-1.1147835404282103,-1.3590651805191625,-0.43959932327424345,0.6366918956957778,0.5197651458140853,-0.33304973425753714,-0.04494041661367332,0.4893344396530024,-0.8150570439301426,0.22981862866289127,0.19763403215295566,0.35538234043746914,0.4532230909194973,-0.022780528697701613,3
1089,3.3493946590376087,-1.8708190330155643,2.8098598768749463,-0.4248026808373093,1.5052345505222566,-1.770612450933502,-0.5108232433534314,-0.4548950803006566,-1.431542530923847,-0.12578226887575616,-0.18710646715707302,0.8929843838290932,-1.4442243924410647,-0.7789609260720842,-0.2984754197129037,1.1863528801466443,-1.4658224328004923,-0.5213758740846504,0.3750024143162807,-0.6410388607727792,-0.10766896358547673,-0.5273405932466506,-0.1427760625015589,-0.3252225009068099,0.5946544852792034,3
1090,3.1822928083571735,4.268358773135524,-1.3838958193819835,0.1220644200524954,1.5132973636190636,2.282698317564766,-1.4532710222816954,-1.4866413742778735,0.8757713156116509,-1.6542402896256654,-1.021778736847253,-0.7688541629712937,0.3682818379803874,0.040735328729833764,1.1869390559373212,0.05776878963088339,0.09985625577501533,0.530091155588174,-1.1227341536264184,0.1429414628627409,-0.0242221525322337,-0.16792742003237482,0.3829255619903286,0.20078030478926057,0.21148938222427152,4
1091,4.587142643476499,-1.782047016819794,-0.607673481008426,1.5291752701579227,0.25523418183149404,-0.22314703924732138,-0.23215233747772812,0.5351489924788035,-1.4567337227521053,1.500068044700353,-0.15496393831046773,-1.218294810756755,0.5586523546486886,1.0848000829998115,-0.010107351211471993,-0.4854989463424373,0.6393439952834168,-0.6247605245032317,0.7338989839306391,0.05990043949952928,-0.21537054836421343,0.1198698584377319,-0.6439391842322247,-0.5021351122706315,-0.2830965810456078,2
1092,-1.6541137626998896,0.23835308632382013,2.46140513155569,0.04888736976012531,0.1765247762804154,0.47835482045889854,-2.580740645672045,-1.29522968854914,0.8799046423944428,0.1656932775328206,-1.539301562208305,0.45342981653380887,0.1153951577177843,1.2899361004280538,-0.6867092673895058,0.45739487389976885,0.41213906653619636,0.4902426060294083,-1.22503881166352,-0.6165998510771866,0.5422852864313755,0.7288166643855734,-0.5711996190547496,-0.9736387366112627,-0.24102824053436622,3
1093,3.4204795184929164,-1.7132703299492855,-1.3024709215713546,0.6049975568456509,0.9422855218993165,-2.146338089430837,1.8713109620539532,-0.9386881569893426,-0.19780791293861233,0.8196428916188306,-0.05846810861905549,-0.4702082526819389,0.6353601551262336,0.0847481833772934,1.4350645550336254,0.28844749648039536,0.7194122781347634,-0.6712158969085098,-0.014513924706128112,0.1506330221857528,0.16550180875616372,-0.09007502967317838,0.2623890814203547,0.5389106778701412,-0.014235031930585174,3
1094,-1.6567900447125439,-1.353356742591263,2.4899112786914896,1.4675823318582935,-1.0041298045222609,0.12244959592155791,1.442947949427201,1.1102079821425583,-2.1414408964322718,-0.528759300080524,0.9002042914675037,-0.5063985371363371,-0.8418425850080165,-0.6065090079758341,-0.7361474642603122,-1.3192437862692592,0.26720756492137454,0.5222978551492083,0.4746977010079325,-0.796622052204285,-0.2673501965651969,0.7413205256457325,0.5448453119970069,-0.844938269322473,-0.08926600779028036,2
1095,4.575394488387653,-2.6498830225313745,0.20260408804895635,-1.595041182609369,-0.49552603396968437,-0.4138720835616465,-0.6667439341083452,0.3439494271408463,-0.6727380964631529,1.4841396117461185,-0.6180198483738697,-0.6313192058123616,-0.31623613816830054,1.1532244360708197,0.9452979392240336,-0.906714935088874,0.05580137947600794,0.32488721769047224,0.5787217415915928,-0.02096742353859793,-0.23398874096065614,-0.20132243556006962,-0.5562186290821994,0.06346812872287966,0.463941344550441,2
1096,4.46004808874787,-1.3527312086310488,1.5668774182392002,-1.0236250156530695,-1.1099430451390653,-0.7092952887439288,0.31461292632261184,-0.16700403409987152,-1.0358048949594814,-1.1059357953805184,-0.23933156552927137,1.2883020346405236,0.8208200343417378,-0.6794416971529745,-0.40073052965401423,1.3225415728070455,-0.7109784439257536,1.2735744891107021,0.0002963725800917416,0.1342083368857485,-0.7590225386031867,0.2838088028747067,0.23866010589379955,0.4278373698981509,0.026230334770769886,3
1097,-1.5772504270784307,-1.791988052335233,0.12811664065673734,-0.20110836564096202,0.08520090454189266,-2.22715054084434,0.9426667469883734,0.2613641722368323,0.208640645197264,-1.3130677561800395,-1.081098987276085,-0.4791466564189937,0.15460770004318136,0.6700410140174806,-0.7907535036992406,-0.7986879245485903,-0.025168884081135046,0.43413313264017717,0.6154150085119436,0.2036001572660998,0.0745193472524206,-1.5693920097173786,0.2755625370777723,0.9631292693461156,-0.39111788975674144,3
1098,3.3796350837897773,2.1981018417149247,-2.326591692068567,-0.04760128643022865,-0.6309835519440539,-2.5104826797389013,-0.7451548236079986,-0.21363681450102945,-0.7640163668243445,0.7412701265128497,0.27007146838528917,0.28185634950254945,0.6254051002509571,0.21513348102121332,-0.4232418111053349,1.0560500697465223,0.4220468379864819,0.2068835321448823,0.48104805132520134,-0.11363167334542212,-0.04921982070942199,0.1297364410497848,0.5097971125804146,-0.13619998096417207,-0.07323765175929631,3
1099,3.226866778264098,0.1312037105356061,1.5576066462052414,0.005296934556208388,-1.256858211980861,1.642707666733123,2.621348837973809,-0.185759098429096,-0.17769612674414148,0.8574276158867197,0.9940181409649557,0.2683529026831253,-1.2660167925190846,-0.9649142443564477,-0.5339389823902481,1.223263155192425,0.16385191526277687,-0.5349421417538411,-0.3562253498202359,0.6006194420309958,1.1553729034468805,-0.3981152790581657,0.9671520375311833,-0.7900845252921925,-0.059772150555939096,3
1100,3.389971969266485,0.46424034529846825,-1.5597402334165877,1.7565850522309474,-0.9598779386054411,0.2878978264937442,-0.8324659051834202,1.3897999728039792,0.6488762623787441,-0.5753148995902451,1.899060048422606,-0.40183566092903567,-0.07319575185188709,-0.14776296365152408,0.2644739136872527,1.0796582913919388,-1.0775076829317647,-0.18382773618489612,-0.4218955589232851,0.47683708917505463,-0.2213076747431929,0.041286849694507965,0.5094261635678758,0.11703415961157837,0.39255413114695414,3
1101,-9.17954968574779,-0.6322735653541329,0.41482605319372134,1.1725060063340371,0.03199199415485665,1.3898836054238086,1.6297732588311273,1.123823603597459,0.7704444032316435,-0.47780732484253247,-0.40730952956899946,-1.1298353073934502,-0.9335963337255638,-3.4270177761261573,0.6696849123713234,0.859778871324838,-1.0257276311447514,-0.5959099556426146,0.5676707851325671,-0.9770954155067266,-0.9185997982569155,-0.18678112202792385,-0.809332016328697,0.39872716273078523,0.16849142188653424,3
1102,3.358197745993481,-0.2774784386595419,0.1332934292425414,1.6083368357924628,-1.7766828247697692,-0.5186908644091588,-0.6716874923721243,-0.49818619428570865,0.11171969215175315,0.20510537388558236,-0.32648044700209766,-2.1910456325202876,-1.4210524122413288,1.0646473099552098,-1.65133103019626,-0.9282360361249913,-0.15137858630780432,0.5157901020602385,-0.6703122571713054,0.4869676615567513,0.8326980249915968,0.13053197059162386,-0.38526401567250185,-0.34177992485853703,0.6679386218384008,3
1103,3.3573266503552848,-0.5875124101775637,-0.7610362513066128,1.157427032724295,0.3616387413006341,1.8331789625770294,0.12148270109304882,0.35381611546160374,-0.03245578733998267,-1.2142666025294644,0.4292737283689648,0.9617972984638357,0.7127396195644367,-0.9729892126918902,-0.6507256809224108,0.1288491354666621,1.067963921773333,-1.273329905182691,0.5157088282586555,0.6974850987149295,0.4619763220435757,0.06141234102400289,-0.468808915439192,-0.07028079824256706,0.577247423611364,4
1104,3.1356606034398293,2.9658065220250593,2.9172422693546842,1.0008718018149554,-1.723560964162632,-1.5567541529703126,0.9054560291303826,0.7191519575811247,-0.49736534974642543,-0.11273829267421986,-0.22995861681744056,0.8944736532017927,-1.429221250519726,-1.3061036144150242,0.10909330735336176,1.1600315811182735,-1.442326199326057,-0.6272079206533343,0.09370589048964773,-0.9748401719243351,-2.546879896526324,0.12629805722897583,-0.4434296888844326,-0.18709554655965022,0.6326072645514189,3
1105,-9.135001012310504,-0.7571650603687847,1.3934960400155985,0.09112048868731959,-0.2660413642788245,-0.44609545285703067,-0.1779884840933743,-0.6522334050548975,1.8720398869839707,0.6484410305841958,0.5652178064194765,-1.9023168153901546,-0.1349850005540747,-1.0434960903393915,-2.1178122618309794,-0.11814467222323333,-0.9536482945444061,-0.37188117458577574,0.23574660525247104,0.5301203301118314,0.19645446470081368,-0.31723503774755824,-0.26373207513257246,-0.3218697211206222,0.6121372173789924,3
1106,0.6717238268169954,-2.1216383799017215,-1.2921997990533816,-1.6445198947224862,0.05089607124450124,-1.15398377563569,-0.6407198441647757,0.48482168453876495,-2.57557284724747,0.5156221939751637,2.0048839024251848,0.3699936502895298,-0.7637450914789863,1.1731847229288919,-0.004183367443924668,-0.1668415911759482,-0.3775257838874786,0.3138520876289892,0.24232678591019496,0.3663349929358619,0.03383648981459575,-0.439684435037904,-0.4116598012013547,-0.8042454592214128,-0.5893395066537147,3
1107,0.623835897751075,-2.796459169203044,-1.9778413197413092,-0.9861360683335629,0.648667287144784,0.7631637205608657,1.7825127352800827,1.4485567562580122,-0.13890079911715292,-0.710320391310152,0.26819111427827536,1.1243326693760838,-0.8577591247877145,0.42672156118340077,0.17414766940657944,-1.2410467015225486,-0.31064240525358744,-1.7854426587807886,-0.7301104491593049,0.1348150361987399,0.2251628709057274,0.13153278399184765,-0.6303023001110141,0.08849572693478558,0.34021947931534624,3
1108,-8.975984860994025,-2.2016600764998735,-3.1740949574832653,1.110254838465813,0.959108741486937,1.7390037076128704,0.5169429934780241,-0.30286435068479667,1.3562005209075512,-0.5144895865539026,2.234281159894252,-0.0851220364044094,-0.1547525599134123,-2.354580121415969,0.2033976973420928,0.8298261656121775,0.32661589794731194,0.33504759957888286,-0.6735551685524406,-0.20344855326875905,-0.4225147877412506,0.18985575147656197,0.07456330090109692,-0.21918243219405942,-0.7386785319256606,4
1109,-2.5441129590057834,-2.188779832679616,4.4194512933694385,1.2419053997505611,-1.1645786178974158,0.23434519652197938,1.253820315435366,0.9054046796383495,-0.16993620804684006,-0.34413061805073053,-0.7999062151548877,0.6930427659761738,1.8665148116812982,0.5098665787233025,-0.33812194092354986,1.0078386031616668,0.4289012454266774,0.3769620849154176,0.9856924797960045,-0.6299559548918067,0.4000029381777758,-1.840451095993815,-0.8572558779338229,1.2355087093902335,-0.7837353402090482,3
1110,-1.4514627483051665,-2.012143494374701,-2.1350642950310896,1.7885029021175707,-0.70210935140187,0.4559212917284512,-2.3073157225978433,-0.3080769343440447,0.8839161492789995,-0.3697526909133208,1.1228532937077809,-0.29270885651129097,-0.02526233429323188,1.8671247583439552,-0.8286043827930198,-0.8170319092777806,-1.523896788454449,-0.5975103252030411,1.0308753528075272,-0.26704187205935925,-0.06158478889185004,0.029879264747328327,-0.4741118736098007,-0.0050130557398474496,0.5343109860266867,3
1111,-1.606330057148389,0.9860343453748674,-1.0343752666652022,1.1366851728086496,1.5224497514446982,0.6064209175199111,-0.27580403914800655,1.0254039496095606,0.0013450757552790904,0.6286862634696025,0.20498235115563834,0.6822768334598237,0.03378237600122147,0.1021533300461499,0.07998819648808131,0.5284509039966561,-0.8969426898929477,-0.4084857804119748,-0.7698084802721898,-1.9800023813240903,0.7647123777944853,-0.09642932686621192,0.52742983255963,0.020299991581325783,0.23448713078401687,3
1112,3.3818784332701153,-1.4712529146981468,0.6067186986186921,0.34411126479468335,-1.2205779176462466,0.10779080884196857,-0.6929541282808418,-0.08550826369792497,0.21185353174919008,-0.21512360695791546,0.07889998010184485,0.14948544714686562,2.1401303479946208,-0.15409937049941558,-0.5429378282450334,0.8868114144374974,1.0486740552269498,-0.5565882288460036,0.9297930480876362,-0.41668430024624803,-0.17454752693250997,-0.7677491982561402,0.18763250261151482,0.8404178840360715,-0.3561156723607172,3
1113,3.3048393089008083,2.2860478098587684,-1.7615833465139628,-2.246208711805306,-0.2105873409503981,0.06509235422921211,-1.5874578975220828,-1.305616756795315,1.4405703238510643,-0.12460416759641713,-1.5520252569565185,0.5115452260216333,-0.21629200790627334,0.9766951152973213,0.7261798160720662,0.2626126960252497,1.6038940297086888,-0.12091335723199492,0.2538555202354016,0.6179478616683916,0.07255439239285466,-0.19762264583092903,-0.4121498686839665,-0.2729509007493075,0.2956254564274112,3
1114,-4.6353691371032575,-2.337081702509412,-3.479122847643917,-1.4741720290394875,-0.3640916231983681,0.1467804583408303,-1.2050928967014907,1.88654422692061,-1.2320165959674843,0.9913073621181722,0.5338107518298144,-0.47774499760379463,-0.4414772439348844,-0.8880014156838455,-0.9230412042577656,-0.04847187944775899,1.4997261801701218,0.011765645045822115,0.5463615189822559,0.578713649655684,-0.28366613773898264,0.015754700411841294,0.21088382837923608,0.17099876030093075,-0.2195444868726018,3
1115,4.495317170163963,-2.536468871882853,2.5031604300328754,-3.3034838860006954,-0.2283769427639324,-1.3964238375345188,0.09659269968089212,-0.22573550053827707,0.7604409072774994,0.37947599430238654,-1.164844417941741,0.4661222909831486,-0.9390883607326799,1.435903260133272,0.8505503465994076,-0.26703641748906737,0.9239930346166001,0.5794473039587782,-0.5192290779403044,-1.751397795979017,-0.08602148931625864,-0.03889167452449677,-0.590622269720148,-0.1660779713056283,0.4292089836588906,3
1116,-2.5220681069754622,0.8422123418124592,-0.45048061286082064,0.04536352682396938,-3.543821021282918,1.7194882915442053,0.06398406249864808,1.3595480799145974,-0.030329246484009253,-0.17369195553037214,-0.7671495906460184,-0.7307526170142411,-2.146335926471617,1.6404636709398028,-0.4951281573775257,-1.0365946077112693,-0.8679313655410927,-0.7151992418982509,-0.21099198109897022,0.4621798453538777,-1.106944594519323,0.2434659373953073,0.07712336156741645,0.8713994142002245,0.05505482602248343,3
1117,-1.6736751768067446,-1.9606690595673877,3.623318824742033,1.4813272700979492,-2.593022304667022,0.7234863017091002,-0.4724575342688402,-1.086529085856718,0.9335291809036925,-0.5762494235807615,-1.2290977792392057,-1.0412578927838358,-0.3661508711691035,1.0119459151687291,0.26527575270553494,0.29381773156949653,0.7651289642075128,-0.4478190809627276,0.039001114540886395,0.47093659730162507,0.45549857605336735,0.420642043124024,1.1420808802053644,-0.8799251942754744,1.060021617378612,3
1118,3.2389901680911546,2.7635901977594974,-0.24939611501149872,0.7595448110718803,-1.284518668965343,0.5528914551582758,-0.4508921796991294,1.395525512049609,-1.2113422812151036,-0.11616177581406156,0.11220810395303737,-1.0581121066202506,0.42601205861130875,-1.169032262134321,-0.9870822429874428,-0.7609491300592949,-0.6466136074830455,0.39654734512419143,-0.2040019817873875,1.0926240532868798,0.5958049438750675,-1.157314378854558,-0.3038497820235634,-0.027588877541918078,0.4258678359644009,3
1119,-1.7985953589115713,3.9187878796065228,0.46743285803199575,1.599305182872301,-2.4122132392902387,0.6605747169380236,0.08648884162826231,0.9275473300365706,-1.513241719255903,-0.5065331605603024,-0.5826870905023815,0.07824408530499216,-0.18342218215855555,-1.144056380325462,-0.04104965648699954,0.9220798615492525,-1.092454270496872,-0.34942296419475527,0.7558562576458292,-0.8626612759451089,1.0922406931438484,0.28298433516752053,0.6800225575575345,-0.031137982296511102,0.35782377254837694,3
1120,3.4074968198364015,-2.6726864922876596,-0.27816521353363344,0.7434812992594977,1.1980822658604817,0.40216944982152514,0.3718383645646588,-0.11386365055511405,1.4384381442720064,-0.8445173618772046,-1.4221108323569565,0.20473305557928168,-1.1051634815393114,-0.031513148463462315,0.9844795863655053,-0.6747565552063889,0.8366714164389948,-1.3240405797890324,-0.21766483912083356,1.0307121292797925,0.12416085130300136,-0.1058829393124534,0.3904285192342543,0.41851198910653487,0.3335457757149447,3
1121,3.1320377502646988,5.0094263676145,-0.9322659057727261,1.0124829763999386,-1.078156136554314,0.9897169660993046,1.2291564815641811,0.07105457191747955,0.3367876735903703,1.0281563883950073,-0.7386638445570541,0.5670680964397379,-1.0935183867836868,-0.9799127084082506,-0.41912645882096644,0.2539874855343873,-0.41977497761059435,0.34204272789346657,-0.4120085491417118,0.8794049096136036,0.6245311928802488,-0.4522341220220043,-0.22194123751770284,-0.18557253095589876,0.6510515428679841,3
1122,-1.6570072647087173,0.259850643728619,0.4997868582750644,0.6470407625353087,1.662322158775302,-0.2370453954068097,0.9101238313820215,0.28097602029025825,0.4425796647448932,1.491031031330941,-0.5841002960540012,1.1462875208276877,0.25462788638605693,0.10117618939647022,0.27858031492781654,-1.3444125201784822,0.29219848115139024,-0.6375934924054851,0.22642281810983445,0.6553428943295636,0.7530571338815766,-1.2006908289554212,0.7802240933911351,0.19345400279279035,0.19639674537704196,3
1123,4.43298125673874,-0.09877642628810568,0.330487123413316,-0.3077113595695078,-1.654769139299546,1.5507365169958578,0.6822397662397464,0.2173856481032972,0.44018506758940834,0.17048349191843837,1.094952336754595,-0.9492590402759444,0.5924856384637525,0.9957706614107802,1.3257925198583878,0.1421040355607226,0.4996289236323723,-0.6223624426072365,0.1376470422683589,0.23734408739059176,0.2000571578950241,-0.29645605535717023,-0.46375550410778,-0.5472819152751377,-0.18437646015876,3
1124,-1.609912257455857,-1.863230259791552,1.623395926384038,0.8688129854848454,0.8845669442704478,-0.2042648903144646,0.8995586929793751,0.376702770382777,-0.33300689012072926,-2.9046504419426085,2.4856894217461676,1.177558805031385,-0.4527841140780575,0.04052884967657988,-1.8241804795391334,-0.008677817218083916,0.4009444412826588,0.9134093602777993,0.6153357191038062,0.9174842114749744,-0.3665921645542919,0.11771626306048555,0.27990473616773054,0.5916781442253701,0.03501907017956388,3
1125,-1.7651847798167832,4.048187477905814,1.3820259062221136,0.08837288907012741,1.3902191785311666,-1.2955380981987885,-0.5368320180849162,2.2032233127955547,-1.0879466995398197,-1.1094887468217483,-0.5974950849842604,-1.1504758443169956,-1.1626548356682778,0.33754513980739165,1.267676642675076,0.10595264365574675,1.236723668939835,0.8213842876762634,0.5290435199427912,0.17474586050428886,-0.37922588183410955,-0.24647253678183922,0.5341889770442869,-0.6942842861527756,-0.7261162994268722,2
1126,3.275161201092933,3.935744636669649,-1.5110497876439872,0.37150716019764696,1.4681899387949386,0.5789750729126415,-2.2519226704465916,0.6199349765132296,-2.412535163589094,-0.5283939431035166,-0.3754141492233718,-0.7961132458361249,-1.3358320410516475,-0.5708295334689797,-0.5506326002777789,-1.2341793157237473,0.4383631993764947,-1.249016517193212,-0.29265230045608037,1.2687143268435723,-0.3093156855728194,-0.1689817717158254,0.4481399688852756,0.14880061105868747,0.01048715295126093,3
1127,0.6206012528931648,-2.9889389950447187,-1.6822277561431307,-1.019918752861325,1.0302591753547776,0.2028696009189832,1.0919276290401516,-1.179094804260663,-1.904212061587833,-0.08578547566319383,0.01192061835328495,-0.24549025165519844,-0.6655141566028608,0.9133344246364614,0.6409741034351372,-0.40425596669785935,-0.47532238703584406,0.48074571444224734,-0.20436764992514034,0.4848588305658319,-0.03909603215967017,-0.17849057967143261,0.4299230194661264,0.3844034318106361,0.2274064147585441,3
1128,-1.6881571513233737,1.3331271394341044,0.0008085701870503836,0.9187428330438645,0.33478623907147,0.5825955123879032,0.985072800678676,-0.17016651998934562,0.3204486963260269,-0.5038855184479171,-1.5702229833698638,-0.6300492752673172,0.2494537650550015,0.6766331392552176,-0.47332639573206614,1.1963933321625246,0.42834744279980264,0.395731893299784,0.579589880880548,0.09892044026742652,0.03953065941309408,1.5504862226603207,-0.048833232474324306,-0.0630083555797677,-0.6836728327808677,3
1129,3.361140471511339,0.573010617971951,-1.3663760252126276,1.4998197723535944,-1.8650335493971841,0.569712896997153,-1.4062836609208726,-0.9033978678121837,-0.94351383806432,-0.22446070583243752,-1.513928924575476,-0.8151856962460827,-1.020409588663428,-0.009382161842355519,-0.2964106269307809,0.2440002752151793,0.8849809155949804,0.637934816404913,0.1478689525569985,-0.9698106447727148,0.20995780452454682,0.17180154656221067,0.3502528231304101,0.018142271174982127,-0.17373745202183583,3
1130,-5.058239644312918,6.090945710437532,-1.4414641111501685,-4.137128636641992,-0.8932068476643172,-0.6622151117093766,-1.1957398281957736,-0.041999847992624906,0.06960603065673654,-1.7542169471029805,-0.5561596909410613,-0.2487393407059495,-1.4183281824869556,-0.43384859741046644,-1.471651077147511,-0.8300309453270664,0.3195100116288132,0.507470053866137,0.3268189189610249,-0.5353233041884556,-0.5704269182717289,0.20383447348924158,-0.7477504475698891,-0.673114558750718,-0.5814388026270307,3
1131,-9.053243203148039,0.8931882231070221,-2.0299016371825327,-2.5502471656255885,-0.4888091508967176,-1.105719628545867,-0.5485959515142111,1.03104781371615,1.1231696839039431,1.5733472654070213,2.8424261371866555,-1.974174576910702,-0.15600470559472734,-0.9436727756574635,0.9997649048435499,0.2606902033805072,0.413806026208023,0.19783882813086073,-0.7475334292234523,-0.314967599130862,0.14118042609869486,0.49302810934982927,0.13896445365012938,0.2114995660566079,0.06202011168340196,3
1132,4.488891182754292,-1.413665086723499,1.389315940377928,0.3207236293661091,-0.49653669535400047,0.8619862742772657,-0.1683135211905742,2.1185547485958787,0.517023398551502,0.3454163791731154,-0.3738811540119378,1.3915586714288257,-0.8568542445269458,-0.09108273835425895,-0.7573015474543683,-0.2994405361004726,-0.36402976466168546,0.13192896260649078,-0.4899428493959652,-1.744356513298309,-0.06856083918251543,-0.4728349716148934,0.1167991229014847,0.7926646352765757,-0.18624088531001914,2
1133,-1.5751060821442753,1.707614900825802,-2.549466273924007,-1.7312507547782006,1.3047120347112877,-0.7580090141241045,-0.1296819472128785,0.7806709782563086,-1.0948553006891748,0.0005612134987065254,1.3102364441064691,-1.3906426131785787,0.8592847318822727,1.370329025464085,0.2380680761488806,-0.6263068693673841,0.832382479713496,-0.5510893400293293,-0.10157239434380161,-0.5575781687294589,-0.0009432574293986029,0.04681804090410924,0.3564510594853843,0.06110138839443735,-0.06206888025204202,3
1134,4.4092477260668534,-0.3322411262611955,2.5081726250414906,-0.7038348139498094,-0.03335735408465046,1.6762177975345938,-1.7890742031399067,0.10267795129205814,-0.672094311609146,1.4634036150666683,-1.3548604323602664,1.5096703715069788,0.10644220384857217,-0.719862315469886,1.7566515426704505,-0.10416306720219182,-0.44027055279223903,0.2903745102693618,-0.44065738054319303,0.6347691597744216,0.06556108609425315,-0.4164429365773732,-0.2999159375151097,-0.15801263552476918,0.5614926439457131,2
1135,-2.5852048039070734,0.7679168163642887,3.445112216717619,1.3563563842890258,-1.8024443180322163,-0.9745622419718776,-1.286351094873996,0.5004923932956868,1.6447557200598517,-1.0845591562862795,0.15473855161835792,1.7504907239117249,0.6865924806007291,1.4147227308603254,1.9188206574997078,-0.910428087847907,-0.1728336766872347,0.15020926144599267,0.20090017883905764,0.4352759391389067,-1.263930780181874,0.6148304003933602,-0.8251010090065318,0.37583491658529244,0.2416952635446036,2
1136,4.265469176328265,4.3590441958145325,1.5895725877998144,0.9174965296080324,2.3501924785090225,0.40542655261717986,0.8893762381786239,1.4342546512633723,0.31745572643585573,-0.3031227784644716,0.39917555497933765,-0.34244034804731216,-0.17978077518025293,0.5406491785577652,-1.1537864325371898,0.11960768194498939,0.0434043823280692,0.49505016784169253,-1.3431395219666205,-0.7942796716701801,0.3578655250967363,-1.445622287425505,0.3012141623507088,0.8326127307966201,-0.36710476576939266,3
1137,4.23973193316426,6.203431821344454,2.1816304568454212,-0.9943683230526181,1.8749008863332726,-1.3834163625407556,-1.4682866940213424,1.3500481927824053,-1.140171677278131,0.8399604667801165,-0.7572989785330204,-0.4455376645146649,1.2261539228816543,0.4095554359838467,0.9469841513215437,0.3603901924934332,0.21566813097667437,0.2137436515774973,0.29679918137778616,0.00568829936524895,-0.053559521743704264,-0.06691293256727587,0.5787506087978767,0.031862911114013404,0.25464274013479615,2
1138,3.4054645300862223,-1.8259685391483969,-0.26909984027512257,1.0773460213472954,1.16034202796999,0.3548698197831581,0.23953870171594316,-0.873712197352158,-1.6314130556061603,0.41098235489064683,-0.1653522679427728,-0.8463180041600135,-1.0010691955768976,-0.45164281326963407,-0.9245606036618843,1.1282436551561363,-0.4162953121460016,0.48117693031779485,-1.4940067447630003,0.12508911407262957,-0.22841100457922148,-1.0309640028711453,-0.40223419752146466,0.019896143906766306,0.3376964425604312,3
1139,4.461219048495257,1.2482086504071477,-0.35764975635755036,1.46336278582879,0.7136700603784842,0.08941014793513968,-0.0158958494008008,1.317772326578631,-1.716240809460306,-0.5379606056595538,0.0032229048134996274,-1.2096712446987354,1.071741016124336,0.16139774803296758,-0.9425899375203073,0.1948124312144197,0.6038708105610748,0.8445859012971129,0.14890827609127522,0.8768434524770705,-0.399510427562214,0.017466636642124778,0.4059569970835551,-0.5177135773358846,-0.4423744981121679,3
1140,3.2860255733238173,-1.456468373241496,2.6029681618437843,-0.5193017827871929,0.640032724377458,-0.8795152258446863,1.0812898497776047,-0.8767126445944505,2.280085514306517,-1.7793285514275547,0.7555258653520899,0.709282281653707,-1.124588903920379,0.4905275266581681,1.1725292938738745,0.6598243385998215,-0.4168390507065962,-0.17372623132700316,0.4448862921021104,-0.28144335397277764,-0.6850804744101778,0.31083820452829497,0.30340074487436736,-0.2237233456657346,-0.5586702555071458,4
1141,4.477292706838929,-2.473356457105024,1.6330188210258065,-3.0651924646975215,0.2077741157617352,0.6136340074268354,0.7322629605498765,-0.9230525996380403,-0.35358439707528877,0.17253214979902964,0.9881382773346317,0.7145708915628863,0.5612976903505928,0.2575122188903114,1.4914081594866349,0.27765989988122386,0.20310600595573014,0.7100055634537625,-0.6710943539312624,0.8637842867069072,-0.6045877325693555,-0.17176786826606555,0.44213594443566023,0.3000762176174926,0.24334792515031342,3
1142,3.2695534990678734,1.7795081859321344,0.2090418705202124,0.553010363690118,-2.2738323205391326,0.14628732827290536,-1.1186315819723203,0.022258189673817652,0.37535647454752485,0.1342127670932418,0.2972676588998042,0.7422957672022301,2.287828673509954,-0.3518336675747836,-0.9098680034611555,-0.9797435945136692,0.0952814158539621,1.1253175905126742,1.8306924768789687,-0.6823718635760121,-0.7062693049931744,-0.48149605411299856,-0.7954853066372614,0.4101497374442248,-0.05437108939525642,3
1143,-2.6685851829333007,6.094024139504098,-1.1426240289533067,1.1567103426651806,1.0702104142818734,1.8365929092585556,0.03908787564213956,0.7121513479744186,-0.5270813383055604,-1.0891894819968622,1.1644870308254882,1.4705055804356792,-0.06622185345953158,1.2128443871257564,-1.1288909400341565,-0.4457081843319244,-0.09828351372985278,-0.7976700259202301,1.2071601222610417,-0.18054295684505373,-0.1428414003115921,0.7234155672309235,0.2480390557720647,0.5584996951463398,0.07365089691713181,4
1144,0.7000621030050347,-1.96178425196054,-3.3252426624910507,-0.8794559837535432,-0.6874570718348935,-1.0825710259449892,0.37135801966521553,1.2230502773834013,-0.37080247841525393,0.09425197340313507,-0.002259235611556276,1.1408396953888413,0.40080666077271765,1.1242885164824323,-0.5219111157861456,-0.14490687873554786,0.37027841611164725,0.4004473378597755,0.19072187218112502,-0.6923593062070195,-0.00526216437041005,0.2123793097277283,0.251467219730204,-0.5062536520977066,-0.8313250137543562,3
1145,4.375910450939637,0.964892040282777,-0.4888363854226322,-2.9140717705022636,-2.5958555088196356,0.23990425528900072,0.8679696917170121,-0.6059705796958079,0.3251554090463675,-2.218648770482215,-1.1360209605400422,-0.3429629311502531,-1.2340515644913261,0.8219334623992745,-0.9538665541189766,-1.5303743773566176,1.008397302082125,-0.9097273434983495,-1.1241142460625628,-0.5315170240157987,0.9234562713374808,-0.23714052397861496,0.5040761840604127,0.21916338952813297,0.5236689264957559,3
1146,3.3705391519703465,-0.591699077082624,0.9150995560993775,-2.530663644981595,-1.1877143990617123,0.9482023386958169,-2.021721002147009,-0.5220904623767215,-0.9989691533094134,0.9734354422710164,0.929546882398352,0.7417478799392936,0.5982321582186092,-0.2712351164513527,-1.312871848199321,-0.2786720941670633,0.18689939694943947,-0.4399912262226242,-1.5969185567628057,-0.43301545946992803,-0.44466257007878796,0.11065544621403328,-0.5920479723236638,-0.8238075443096132,-0.17643754665334585,3
1147,4.571957191786348,-1.480723687192826,-0.6599769253898392,0.5362406982342658,-1.3966578498679536,-0.5794019091774323,-0.07171815228305434,1.3896600528044778,-0.2748772536496462,0.41623579716261916,0.9321813262133867,0.5580791622686556,1.028430845109928,0.3642462952685952,-0.5735300945481605,0.2452770541711562,-0.1614996257525665,0.27021429559346544,0.32348559265887644,0.41184859748092806,-0.5185805567015803,0.22242235485271175,-0.6882980785894193,0.09043618984724222,0.37220193563450743,3
1148,4.471639359308485,-1.521803714083652,1.8531464947292056,0.901454249257656,1.3194467150180962,0.1388880773495944,0.7069382962801516,0.940774055775834,2.196626158084846,0.9723398284391173,-1.0336603327384861,-0.03985031529636296,-0.27441658160259896,1.4051668042724317,0.4165460845329879,-0.3083044692341994,-0.13994266975679182,1.1218218898260082,0.7314655584276717,0.07291663611934507,0.034478763199129125,-0.1863379206531392,0.41229827882829334,0.30698837783385835,0.09787071515222609,3
1149,3.484571844464222,-1.8939074247890213,-2.9164135632396064,-1.5841240340928855,-0.32980578557361906,1.697283530906327,-1.0103065642394893,-0.28805898356839543,0.9087054739530367,-0.23125910796825858,0.08917366631614887,-0.7206303034847648,-0.9774297245460235,1.1721992864842736,-0.32657934603831373,-0.17119543191239806,-0.5105343748127054,-2.3441430881212266,0.6470485741944216,-0.3322794668160934,-0.1464076983840812,0.053610374752587175,0.3056509507823098,-0.1694812143287967,-0.6810174723886058,3
1150,3.283073931988076,1.5401243741593165,0.2704871570677996,-1.5558866107851013,-0.5495059818970859,1.0073654420342413,0.07014570148237365,1.7584536300127294,-0.0476851585143665,0.24832913171943505,1.4164630298821121,0.17455980937912008,0.3926465566628914,-0.4512506911080051,0.042130211565842846,-0.18875527212672893,1.007190811853961,0.8672786877686276,0.681798203827602,0.5678107204033056,-0.08147183129921132,0.3488630942657122,-0.7659467868613731,0.07355999853974804,0.27428218005326277,4
1151,-1.7275392768977262,2.763883833460193,0.5495530439450098,0.8080638240017071,-2.128114167856129,-1.0019070370554632,0.3081531149169927,1.7657179044055065,-0.8301827685467371,-0.20773535285568928,0.3325270215511251,-2.421055199450611,-1.4239140109813733,0.6759108180743216,0.4323494693052762,0.3479763123085904,-0.4074093951923612,0.07158985860462153,-0.42789804100234186,-0.7912775204272369,1.5032437383874604,-0.30599475527414954,-0.007389990594513229,-0.6601780998823551,0.9222957287736153,2
1152,-2.726709312592897,4.6764132007562225,3.0556448777613587,0.9035211186896537,-1.0098298482372559,-1.1923102510262262,-0.7214373533158285,-1.2418320877032674,-0.9869957067724804,0.10042109287687506,-0.8398554189027596,1.4841812700224892,1.7842623732250509,0.8932683022129857,0.006875467461290419,0.8602989157041399,0.24807001920003025,0.27961765842227404,0.7479722392811983,-0.4107892408688249,0.8329555288411785,-1.01090489149566,-0.8301123933694504,1.1443019626627664,-0.6692279105781703,2
1153,3.200351916733686,0.6212595674356569,2.921061135699346,-2.362567779022384,0.9598143808765274,-1.3115801656770727,1.3400772434834156,-1.225039149342334,-0.5314637489340828,0.5922656312792917,0.2493978019047527,-0.879230473021242,-0.17842802399356605,-0.18134375535838076,0.5916734345425178,-1.3645577964795197,-0.8831190034767991,0.12534409653824818,-0.680208625580818,1.1479779942672577,-0.11575447834225472,-0.20953747961764613,0.5872118332957637,-0.5074290660300511,-0.3264962769107429,3
1154,-9.096735123687214,0.2719889495254155,-1.7358137399698759,0.20725946590726085,-1.1859724154916704,0.3503779426693616,0.3562698356791483,-0.7755317757795048,1.399034596030778,0.995015001295443,2.2351240246042776,-1.0087407478778996,-0.81602210611518,-1.2377001367151386,-0.24142528155693932,1.0020167622020417,0.6059603262813003,0.21940887468155656,0.688004107886214,-0.1084650222373561,0.9901690856355172,-0.2930000349773957,-0.21972482711021618,-0.3740165154229761,0.5863391887028471,3
1155,3.2229922420672796,3.39266781291055,0.14319029722263021,0.8207834422545495,0.666264469885242,-0.9626609737194209,-0.9168239914897067,-0.4811100702488482,-0.5727145581920277,0.8643153703632612,-1.2791984873779525,0.9045781794456742,0.4054010612289578,-0.8578138741410739,1.350408103853658,0.2851504153263935,-0.33691175891717484,-0.17430122050437635,0.47401415355833976,-0.36697689553539703,-0.05465377069678712,0.31846936546903476,-0.634217493234616,0.040730652762473896,0.27539174570616276,3
1156,-1.7042174613411554,-1.2370600939166407,2.545207260763746,1.009373065851411,-1.0864708498802316,1.5190429534191625,1.7332834482279669,-0.645612628438947,1.1618716641878626,-0.5065780019670238,-0.1312035841379824,0.6404040673728768,-0.37668634839323656,0.6312144757027018,-1.3996948314743376,-0.5910322282239697,0.3676415918311058,-0.6137081441113414,0.6033104202122739,0.11056221682155931,-2.2523170984246033,0.4819873077063128,0.48398343021590157,-0.5407537539955867,-0.11343002666706448,3
1157,3.477582626007189,-1.9356020338666604,-0.5914581659663235,0.34151870871544476,0.4777157390158413,-0.11613367906906014,-1.5002683220917843,0.027916840477172356,0.6502020518114469,1.3457471775109986,-0.7687037605323304,-1.448125148759094,-0.4823026570966029,1.3422508082500388,-0.11108077111620474,0.661157624100777,0.03050339201190022,1.2021572460619359,0.6281794238909861,-0.029177367123597087,0.05316467316257045,0.12450733180606835,0.4245162332597819,-0.6060016797506707,-0.49497355202819615,3
1158,4.582576977406932,-1.7517813294330014,-0.5360946175738738,-0.6831602637620988,-1.0038969444015424,-1.2189236691283083,-1.0742507939031776,0.8343657979309906,0.649729964194715,-1.7305285361823692,0.9892333290749005,-0.06069027971589347,-1.3289652702416286,1.6956658229298531,0.35639832542774574,0.6263581180523254,1.1070004249731769,1.00995759609195,0.4852010802112732,0.35810363615520147,-0.4246672296454982,-0.2004073045386487,0.3346689173252935,0.3768263902613199,0.1286784924341904,3
1159,3.4597100401018306,-1.8488434608028197,-3.098826025911904,-2.8989194608838567,-0.30436413032779364,-0.11223568855463828,0.5978657225908672,-0.2440561322525846,1.3118799503038714,-2.105501265922029,0.6301841387852496,-1.1000508049344377,1.248619554492795,0.932711629680858,0.5728583068543592,0.6943078931915694,0.8268814171250134,-0.45910287573027686,0.4035490832838593,0.12857874216383414,-0.07833771132340761,-0.030013008499488847,0.2009188810875126,0.49902743216579026,0.17704372984724795,4
1160,-2.9003282900868523,-1.2487928957152792,1.9752307000376088,0.5441183644162693,-2.7821587687140443,-1.3449981500679549,-0.03109436141291999,0.16219778705295185,-0.4993373350563286,0.6140080401736135,-0.5355548829017243,-1.4217805419764218,0.9063738874337828,-1.551448533737993,0.4824508027560649,0.07183832926495382,0.7222925131212432,0.302389662774333,-0.1664238071891837,-1.2789245837031122,-1.751672007458366,0.37749467102633893,0.040326073545014884,0.3673352770240411,-0.03362232077356486,2
1161,0.6157543368414586,-2.092442202482685,-0.8173184051714879,0.2304551987498078,0.8339976277007752,-0.2277018829952837,-0.648038725435454,1.4290884133103154,-1.686777121820966,-1.973954926000686,-1.9611515435975015,-0.41440057363111227,0.0225391602174414,0.1543084807683055,-0.6619133140822167,1.2253586215984469,-0.20199593919190484,0.6572284204925278,-0.21624342465115576,0.6051709350152679,-0.046394201458525464,-0.49419017121153774,0.5570479553670955,0.09424415145704945,0.3084108321793464,3
1162,-1.4345903187794065,-2.0131669114914192,-1.26285290051435,1.2231977920052626,-0.08705707013799857,-1.1553764847611214,-0.7449345324149861,1.7386442618003057,0.015613255001504456,1.0258180686572813,1.2262450213111382,1.3236478984758158,-1.0271837348509816,0.7001422502077996,-0.051389433664277506,0.7326987827182574,0.40275712382111806,0.2741757781397971,-0.023083586865866312,-0.5445583757539443,0.5729753941771032,0.10929416206888878,-0.6081081304573198,-0.7261872585710217,-0.7001177789430354,2
1163,3.464332463722835,-1.7540334834131077,-0.6234964515084521,1.3777220412756823,0.4826253260845046,-0.5069453553313203,0.19956469643753438,1.736821540590372,-0.07060397104185423,0.9769777138843122,0.6425994456627915,-0.7396514386125947,0.6456766130473599,-0.14138972100053104,0.34616412866915713,0.768361272747689,0.47803502626743866,-0.6640905811158095,-0.17506803638736668,0.6860324488614249,0.012530584020944313,0.33940699397900614,0.2552038376326629,-0.33252030890130896,-0.5461877350949036,3
1164,4.482442037597854,-0.38178731572864866,-0.9391595739076284,-0.1279528763374853,-1.0889359407879147,-0.8375534406013974,-0.21213686797941067,-0.3863543143348148,0.31467643458194683,-1.2548308201260454,-1.014774508598687,1.8677188906985425,-0.47356848080180813,-0.07776488734725029,0.1498277586191108,-1.1605414773913232,-1.4580582824563244,-0.5362488652513928,1.0626286411227888,-0.5293196406411993,0.3303797713572079,-0.07148729752693411,0.4373715864342765,0.30341295475728824,-0.08783535608276963,3
1165,4.442704547318856,1.3839147724250553,1.404204769418753,0.38367645688133933,0.2867606684485109,-0.30026972898603965,-1.492172515840567,1.8652257391004028,0.8203658880670206,1.048928374721919,2.4777413519776497,1.5500586459105796,-0.07396976939156552,0.993148614356294,0.25824565304322455,-1.3615421430467836,0.33783636811795015,1.5083221290913755,1.0879214135914586,0.445535188526089,-0.0777931220645538,-0.09149413693006253,0.6697733803878507,-0.09392521758744932,0.406130680546839,2
1166,3.5021312940215648,-2.6531118956634208,-1.2422045501287415,0.28675027035881984,-0.9967362482534818,-0.5139774920679989,-0.8405561380394331,0.7328171994468211,0.07220819362048525,1.2811999859307894,-0.3408503210010647,0.8537110418642913,0.15936395095614952,-0.16229479697563076,-1.5466452181485846,-0.5441485755589046,-0.42673812995437266,-1.0077386873031595,0.6119379624497436,0.33973252422527667,0.2408427390180125,-0.13137940056703462,-0.4989966726965219,-0.010819778236227484,0.49137664819767035,3
1167,4.390579498845446,1.7264895086428256,-0.8755167756625583,-0.8932985147480386,-0.3027602548213646,0.6266262777528793,1.764362854845528,0.29098328517932504,-0.4117303356870905,1.0924029797615842,-0.44800149768208897,-0.48611967631093167,0.2146726467922908,0.23927073475956884,0.9712365141505087,0.48693213161935,-0.527962998373773,-0.12006225197768838,0.4739454110026835,-0.4351953154726735,1.3311460539270548,-0.2725886845033306,0.5120014656520058,-0.26537804198548054,-0.5414317850827973,3
1168,3.3755072389104672,-1.3724161002081896,0.4323858955450848,1.2577291603136076,-0.1556896736142387,0.8674227390270275,0.4753286288429517,-0.40249518607991863,0.3512567557984938,2.8579548662920993,0.6048863504902741,0.0759966306352462,0.012050430873435491,0.11721714014576223,0.7328814748261728,0.5336346874654772,0.11450875977668962,0.1839085983253259,0.1370887148190536,0.18013956272196863,0.576933914612119,-0.33648782299403535,-0.9004903137236341,0.774184810516814,-0.2935480667575556,3
1169,3.2244745792049603,2.057441813688685,-0.21065089848439666,-2.300841203883622,-2.9571052141396574,2.301473638507813,0.45571252495975845,1.119883180107415,-0.33295984118906485,0.6104027807643911,0.22662595881361902,-0.10551489827157678,-0.6048895232958504,-0.7580398937096119,-0.7689558760205776,-1.10067100541452,-0.2143160313797139,-0.8387595148819158,1.0784115337724516,-0.27511619359196876,0.5593540330391297,0.012717230763440779,0.43328027531148344,-0.2590923227979891,-0.3705197514447782,3
1170,3.3523213575717588,0.4484206601664047,-2.5720269223391803,0.8248679703871171,-0.010862326003988954,-1.2554859380520647,1.9708911749953115,0.1678149446226782,-0.6307752339490187,-1.2379472640054707,1.1181366910321817,0.5901238784478662,-0.7884526747754763,-1.1295445101187833,-0.03111470168742625,0.4201311340307359,-1.1860527422810385,-0.10908956157170335,-0.08549249254246583,0.3346695859647332,0.24193653189720643,-0.18709939397857628,-0.3710309372031995,-0.07073545500155365,0.6843931437105416,3
1171,-1.6882736689742686,0.38298839417543906,1.5448208035857138,-0.24221039530802901,0.948646751984974,0.4777421633229526,0.29066077731350637,-0.7518699461437124,1.0835304860803774,1.7451219105189555,-0.8001043585913328,1.009008851025278,0.3905881012003145,0.6766748838371304,0.09549414022257297,-1.5384966796340953,-0.12728042558276886,0.20801151784592875,-0.49309953120305905,-0.035241662448235456,-0.3115657127022623,0.0345450942007125,0.37589896257050665,-0.39269684712384534,-0.5512330054839382,3
1172,-1.892070214801766,4.861494366869842,0.3691802372961428,0.5956022727696495,-0.9630666150575364,0.7612164813990265,1.9390219513579936,-2.249783841754849,-1.5853776438012346,0.6499055437366782,-1.1518875227429695,1.3216760337711886,-0.9762250352487921,-0.7929348362038743,-0.1458874460037769,1.0814490591159247,-0.8152159513207693,-1.3499327810280066,0.4915097542583142,-1.0347491035178666,0.4617635158199587,-0.08692209739434364,-0.19460722819177856,-0.05266053491405975,0.5688538651277423,3
1173,-4.892678768231923,1.3917396903149646,-1.1744882652337452,1.2828265844782911,-1.340791875124086,0.3299650097576565,-1.3021498103138407,0.1008735405518506,-0.8292378904363753,0.2463647073672428,-1.9167265577792032,0.46988379152499915,0.7057337283856806,-2.3263251973899344,-0.48434175881232244,-0.15436732393665098,1.0362550118997094,-0.0062474592628483094,-0.3953907432440622,1.3084860666166593,-0.4157864143273692,-0.1099372727502893,-0.518724623246255,-0.2104524880538864,0.4840863430887532,3
1174,0.5705300240877627,-1.7829253760926425,-0.5776108499575424,-1.9017567371286954,0.03641016417773735,0.7712268731039242,0.3435226101682427,1.340280374103215,0.5453041862594254,-0.9348525905290531,0.4813471130056268,1.3895172321802591,-0.5947540218909335,0.855990560449821,-1.3314743911634292,-0.23946107716403864,-0.8892412931676676,0.3881491150479972,-0.02698311446813273,1.0327714764283864,-0.006182851803496203,-1.1210631919718594,-0.4541449078292454,-0.2943708641003285,-0.32796471172432784,3
1175,0.6565905873191049,-2.9070315994416767,-1.8778605464293219,-1.0136917031954602,0.040948340035368624,-1.5877795231962868,1.3685974392478535,-0.7261843826849831,-2.1746434713185794,0.19028271397324525,0.012329338286047209,-0.4963171169794385,0.44632650997021006,1.0837257471356296,-0.8948465158629577,-0.7104200754659529,-0.5705340419583202,0.29339635638790806,0.01777023238737563,0.6614830134228828,0.02091374225646847,0.19848471439862755,0.3695450521642332,0.1862126025018952,-0.08294085615328162,3
1176,0.6329952421263485,-2.1679596036847597,-2.0069327289355816,-1.8056124166300436,0.9221937827452187,-0.029288656391756263,-0.02708768896770497,1.2517608934546542,-0.8507081945843966,-1.2642921662310591,-1.4574178568657479,-0.98992439408495,-1.1397766844765593,1.3299400813799878,0.14359446960012434,-0.28458307421479256,-0.02656633248044704,0.6651597222171954,0.336104905068245,0.3529942436073603,-0.0305578809276007,-0.17250597449358768,0.37351879891200584,0.30172823786539194,0.3031105397942999,3
1177,-1.8083020095960123,1.9657153974310075,0.9498688191797855,-2.58632801326094,-2.1321138239275883,3.8944718735930492,1.137593136067002,-0.4885800298250824,-1.7024370107091402,0.28942043133915996,-1.390654739088523,-0.15265461978577655,-0.14782684847182326,-0.9108615831821365,0.14802293060525762,0.3504571458845074,1.1360886306932185,1.0990090868392466,0.7332738217999544,-0.14869639056606354,0.625170495081893,0.020620879418435156,0.6253311389868688,-0.6291051459946341,-0.2985418408924988,3
1178,3.5460112640099926,-2.9871912440232786,-1.9209438035931607,0.49701258741901055,0.06441933336129868,-1.1363608815874064,-0.7806273181954171,1.5823441287500302,-0.37478128159366797,-0.7773673749256822,1.9473941830115848,-0.2810850592072125,-0.20138495899127196,-0.017414688185618976,1.158614542169461,0.3527840975406369,0.41601418790775435,0.41681568341068687,0.61341196101777,-0.009525240147394531,-0.017238240792302628,-0.00636214162232962,0.38121970987419246,0.1502057087718085,0.23646637238746618,3
1179,3.4457200820827314,-1.527256024982675,-0.25351932818044265,1.5742313044284555,-1.226693377655534,-0.32045111684293603,-1.0238905424108267,1.50019204862646,0.884331013705387,0.6679340340739587,-1.0182484053740797,-0.4025284678134242,1.4575082438012856,-0.010452196644547218,-0.5977750876312835,1.0981509161768481,-0.31169256182492355,-0.24493068928458017,0.7063085790880543,-0.3335000667153141,-0.3923069041551043,-0.09357212279479993,-0.5988961935146326,-0.6929008246361651,-0.32821999404839286,3
1180,3.4518079809381295,-1.6743572675920453,-2.8470503768669184,0.2290739073884187,-0.14958775022739135,0.6776224084462914,0.2175181717447212,-0.20243600210369883,0.5968475733612295,-0.8842634249829131,0.49538871924217964,0.5811375993426839,1.4652082935583928,-0.44749129202074445,-0.35055666265490126,-1.1656990622842183,0.010899496812941445,0.4184127217989051,-0.16910720989639838,0.016273260557599367,-0.06992523311079113,-0.053942714281252524,-0.7832247450298904,0.1321584099058155,0.32744410672609925,4
1181,-1.5293211662175654,-1.8445579290607803,1.2946644063777983,0.9631705801011274,0.7931275945847314,0.028729840944428098,-0.3649948265182754,1.8633196735604813,0.8942524654196662,2.531567615765309,0.2084438127354522,2.288539922709537,-0.1531593425095985,0.08390913927371635,-0.7156367532042147,1.4730627637125187,-0.7145217214361652,-0.26002439188470694,0.17852720643266684,0.034076716911580984,0.17229853535078077,0.09869315597534448,0.7270283501651327,-0.18412844381588456,0.3709313904171907,3
1182,3.4646679538693608,-1.7960099653433987,-2.007148575261756,1.218747448469769,0.46318294245271163,0.6419035499896779,-0.0036381118002526414,0.5598556122858853,0.2394517650174537,0.3032630810894197,-1.0124669037628446,-0.307780038803785,0.9812347918577702,-0.2717651661668423,-0.16719508156052254,0.9413869645433213,0.27511804572203724,0.2909753381857505,0.44871669120245894,0.16907224937402654,-0.05148172266988116,-0.17128076828686684,-0.5377193715908645,-0.7335276707675126,-0.20928285939312835,3
1183,3.3155277260059766,-1.6257709256700017,2.350673778857294,-2.96798171953804,0.6615611348835442,0.6118014629631454,-0.26132635964097606,1.053953666624,-0.4121655853218349,-0.30675582523484374,-0.38110088727293423,0.4810125303572086,-0.03136276701859342,-1.1313126432979563,1.6202856198665159,0.042800228663649076,0.2304886636353345,0.43361991246832776,0.41466844355437615,-0.14704799815672887,-0.5288184249503037,-0.22645629950797364,0.2530823075603909,0.4695686205662052,0.017877060459051852,3
1184,4.558254440230927,-1.7141907796220794,-1.0395894340101448,0.4092480582548004,-0.10674494018167446,0.4549834182830854,-0.4059420811712289,-0.5364921983422496,-1.9968106987227672,0.6598496118781368,0.14443820205307478,-0.07444163452125707,-0.4291730077414291,0.2381167782891762,0.7636852179903934,0.42969111139127003,-0.580832285869654,0.027789767496507967,0.5493355890367035,-0.5644654388586324,0.24736577020736383,-0.5654927041403379,-0.7280399894660103,0.5615964614632135,-0.03843611951090162,3
1185,-1.5870467353471778,-1.759077852154695,2.9858468599565002,1.1887231613173923,0.6136383279911117,0.2665342882135442,-1.1254534667246474,0.13186030659207426,-0.25406487964744073,1.583194685610382,-0.09416019572196,0.2710183295396811,0.8887553127279708,0.7722945333483735,-1.2899683879005348,0.22768384470572478,0.7877253277853371,-1.4764072042644676,0.01961872031632872,1.0087573293370704,0.7740853827086229,0.41722810483760386,0.3206519610584569,0.475860643176372,-0.06808469007211002,3
1186,-4.953868259375115,-0.2881409622131246,2.0413070268648363,0.013103679846917515,-1.0569336237121871,-0.5454142020874384,-0.24575046920670207,-0.7910194910095605,1.8207878487698457,-0.6292722715739822,-1.6359814114267779,-0.976696843766166,0.532164514909319,-0.8787808610468334,2.3479360913774756,-0.3168899767214737,1.024925117508611,0.7422729474853016,-0.3165218909127707,1.091020449666795,0.38506837604823346,1.1113137913493123,-0.09330064915706537,0.5902539150979894,-0.15278673439273632,3
1187,3.356621115997969,-0.42220047245259096,-0.9315709071266283,0.09509415311370972,-0.9746689636432048,-0.4580490428674131,0.6664498136975383,0.407420564736936,-1.0073864265678796,-0.8518896521330341,-1.0180237628885698,-0.22229279411554237,-0.6447194164248207,-0.992085218069417,-1.1251962035858258,-0.7435421105009142,0.08438624500800374,-0.370701113993126,0.0678373219784909,0.9454318774063803,0.21300074284600956,-0.03563664693855334,0.423977272056518,-0.3728036205700175,-0.34308168770368463,3
1188,-1.4681722916673952,-2.2106512010218253,-2.9029461833337633,-0.18328407910928046,1.6995129009488703,-0.15467512314288134,1.7365628291573785,1.6322812591910916,-0.5479824142920653,-0.41156348438394813,-0.49318738431289777,0.025975294375648383,-1.5734465586543105,0.19405540989974845,0.10633482516953863,-0.07109290877815,0.17119108667287763,0.4227922473152672,0.6505879771032865,0.05406185570830879,-0.12112847385423997,-0.3043099212002687,0.3608796531849609,-0.38451548269364755,-0.7984498268004395,3
1189,-1.5089460290767018,-1.9353960219707862,0.8300233178525926,0.8349357571235756,0.2650599389844679,-2.119206892953829,-1.145548321122147,-1.2028174564036418,-1.7029494924132045,1.1978388229248598,-0.35931198788793295,1.008340757965116,-0.028644224029316323,0.22842459317596875,-0.8296255430184873,-0.1212085092194124,-0.24629520298890428,0.27573570537290903,-0.9620451979150138,0.2224958028602133,0.1523736112643378,0.304738726369627,0.4454484897942866,-0.7535912821908698,-0.8919329850897955,3
1190,3.459230723079374,-0.8685685938620349,-2.1067139815316875,-0.07101576769241902,-0.5115057459148471,-1.0850113830097683,-1.2350998514537286,-1.709204771533173,-1.4153255313201365,0.3250964375939761,0.49254699846676864,1.251881315618645,-0.14292245529059056,-0.29701328795086723,-0.38170642512418596,0.9521905759695093,0.5725152688832162,1.8441585982124646,0.31944920198161997,0.34190030399212734,-0.018866104859632693,-0.015311674312231294,0.43727799454035915,0.039299980495316245,0.03803305824983519,4
1191,4.569518195625699,-2.64508857844221,-1.2302171520456504,0.7574030802777334,0.4900168470024415,0.2376625697830992,1.5395390478083177,-1.051606605352464,0.7939141746851175,-0.23186204108582534,1.8146567053735674,1.669369981844433,-0.4467018009857082,0.8977521223700768,0.8661785349307142,0.7108630241031824,0.14176753635805905,1.260697759442003,1.066191314609147,-0.6100584234717951,-0.049957656010762186,-0.02900949829807231,0.3880462478283479,0.35537460587975456,0.0349753104236519,4
1192,4.496889624526625,-2.514314186138401,0.5521299961635178,-0.8426303114657112,0.3151053570712372,3.0940636683054765,-0.22058324396062812,-1.3070538889735146,0.00037223805524133624,-0.5722267777911875,-0.26139401742499113,1.115833001058117,1.0305580243390637,0.09323002440089057,-0.47127182663463507,0.03164184253188007,0.027440461508765335,-0.473291287184026,-0.08004299128095305,0.8675177829996783,-0.34299350582276833,0.08820828184659985,-0.42575960115033695,-0.13073503939696973,0.6702582038574532,4
1193,3.424298827888096,-1.7444700879752528,1.0026702774435596,1.1276256461970937,0.9646706774648719,-0.30036078656727616,-0.8104942635176533,1.4192551949068513,1.0989620797647692,0.8251456479073046,1.0730233945470813,1.1234913606324488,1.2824041759956453,-0.041497970107089666,-0.8902810396759226,-1.137220992400862,1.0001587440147621,-1.5001170695783488,-0.23708219962727983,0.2883903368249564,0.3776635550514597,-0.26390448094333585,0.4704779202675437,0.1777762088675081,0.2235963125064804,3
1194,4.440532590947603,0.6816270358771446,-0.4068169639913565,-0.6837139281496447,-0.8333266490372847,-1.0215674931768615,1.4474161669262005,1.5046464650225926,-1.2959142238014896,-0.06486919554119153,0.5836087986013716,-0.4891669868803703,-0.7965375125287162,-0.4202324099037078,1.463276573368335,0.501718120776458,-0.8391285242624815,1.2878573317756832,-0.5782264632714655,0.4591313731016069,-0.08920552575179963,-0.1170949745825054,0.45128038399337606,0.17845375249101547,0.2623274352320556,3
1195,4.536643247409037,-1.8414460905647974,-0.7255058265602238,0.3192468783902167,1.4605739743573503,1.5897589236010217,0.9613449048990788,-0.37900976178824053,-0.8602544727964831,-0.7974829706076223,1.7501875124412614,-0.5998543063496045,0.8701856396058942,0.7402519053560215,-1.0890777452099398,-0.8195299041281988,-0.5161469361923265,1.2933276558406783,0.18335790614862635,-0.3351637638164639,-0.21767888764995313,0.1405264567270026,-0.6612334233594394,-0.666742608416764,-0.2785401069910232,4
1196,-1.5888747058150265,0.11317251880298285,-2.7045631062047235,1.3925965846150832,0.7350401486346327,1.6837063173236406,0.07421616813694332,-1.2353812324300935,-0.4259456118149618,-0.23663875159921124,-0.36089552081113596,-1.1351329288708023,0.8141567185766982,0.5538726645344285,0.34766833953993537,-0.24641485204079316,-0.7834279678426639,1.2138537515942263,-0.08521516874711565,0.508705699394431,-0.2037897073740732,-0.0378395863141886,0.35091594013880906,0.3540437886621589,0.16229464451802536,3
1197,-1.6424508675687672,-1.7330980695688227,3.1358556613913144,-0.03474231947263462,1.6639707589784007,-0.5760269405566261,0.6891979001373709,0.09220629459087282,0.7928974191007816,-0.1947657804439739,-0.3651574020784707,-2.2715616478550844,-1.3363173933748853,1.42441649234267,0.011808545034847184,1.2344211920828108,-1.2757807215826107,1.1618019887072437,-1.2133344368812329,1.4821855465435259,1.217691198783065,-0.4770549274978715,0.17095064716986658,0.3390968533619013,-1.1260545743120005,3
1198,-9.105909842479385,-2.0987536650594665,1.483149208778692,-0.5649583864752699,1.5312780770341734,-0.5005534898192363,0.33893413405505557,-1.216421331593715,0.5780047594697302,0.7564325014186996,0.10283105441849238,-0.013409915161947117,-1.334928155801427,-1.9183781821615273,0.6306057446169163,-0.701580083425001,1.8424801015493224,-0.1351823067950244,0.7335797864842659,0.24386337538695657,-0.7151233311496447,-0.13888047977629003,-0.610226388986035,0.010839976881234947,0.29956039623672703,3
1199,4.36428096684009,5.982135772669521,-2.1010541141477925,1.2431276940539404,1.1677299521222404,-0.6043702655955672,-1.821782063108315,0.006338930801210285,-2.620855876753996,0.84885163144772,0.25781846749188286,0.12512829488861432,-0.7990635485604383,0.630765906430415,0.5609709182868022,-0.6347505977079957,0.3816579652621157,0.3285727627981254,1.0610040135412757,-0.3286497431769482,-0.42614143162374296,0.3756579236390371,-0.6483470795272962,-0.0071793779471309715,0.02956979747596339,2
